eleccion,nro_lista,candidato,region,territorio,lista,partido,gano
Diputado,55,Ricardo Flores Paredes,Del Biobio,Distrito 21,A. Partido Ecologista Verde,Ecologista Verde,NO
Diputado,56,Juan Manuel Rivas Garrido,De Ñuble,Distrito 19,A. Partido Ecologista Verde,Ecologista Verde,NO
Diputado,56,Leonel Meriño Bahamonde,De La Araucania,Distrito 23,A. Partido Ecologista Verde,Ecologista Verde,NO
Diputado,56,Paula Olimpia Valdebenito Chavez,Del Biobio,Distrito 20,A. Partido Ecologista Verde,Ecologista Verde,NO
Diputado,57,Javier Muñoz Cauchupan,Del Biobio,Distrito 20,A. Partido Ecologista Verde,Ecologista Verde,NO
Diputado,57,Tamara Morales Silva,De La Araucania,Distrito 23,A. Partido Ecologista Verde,Ecologista Verde,NO
Diputado,58,Marisol Vidal Friz,Del Biobio,Distrito 20,A. Partido Ecologista Verde,Ecologista Verde,NO
Diputado,59,Manuel Jara Bao,Del Biobio,Distrito 20,A. Partido Ecologista Verde,Ecologista Verde,NO
Senador,11,Felipe Duran Martinez,Del Maule,Circunscripción Senatorial 9,"B. Verdes, Regionalistas y Humanistas",Acción Humanista,NO
Senador,11,Manuel Woldarsky Gonzalez,De Valparaiso,Circunscripción Senatorial 6,"B. Verdes, Regionalistas y Humanistas",Acción Humanista,NO
Senador,11,Mauricio Paredes Escanilla,De Arica Y Parinacota,Circunscripción Senatorial 1,"B. Verdes, Regionalistas y Humanistas",Federación Regionalista Verde Social,NO
Senador,11,Miguel Angel Calisto Aguila,De Aysen Del General Carlos Ibañez Del Campo,Circunscripción Senatorial 14,"B. Verdes, Regionalistas y Humanistas",Independiente Federación Regionalista Verde Social,NO
Senador,11,Paola Alzamora Aguirre,De Tarapaca,Circunscripción Senatorial 2,"B. Verdes, Regionalistas y Humanistas",Acción Humanista,NO
Senador,12,Andrea Araya Toro,De Valparaiso,Circunscripción Senatorial 6,"B. Verdes, Regionalistas y Humanistas",Acción Humanista,NO
Senador,12,Jorge Abello Moll,De Aysen Del General Carlos Ibañez Del Campo,Circunscripción Senatorial 14,"B. Verdes, Regionalistas y Humanistas",Independiente Federación Regionalista Verde Social,NO
Senador,12,Tomas Bize Brintrup,Del Maule,Circunscripción Senatorial 9,"B. Verdes, Regionalistas y Humanistas",Acción Humanista,NO
Senador,13,Alejandra Molina Tobar,Del Maule,Circunscripción Senatorial 9,"B. Verdes, Regionalistas y Humanistas",Federación Regionalista Verde Social,NO
Senador,13,German Correa Diaz,De Valparaiso,Circunscripción Senatorial 6,"B. Verdes, Regionalistas y Humanistas",Independiente Federación Regionalista Verde Social,NO
Senador,14,Jaime Naranjo Ortiz,Del Maule,Circunscripción Senatorial 9,"B. Verdes, Regionalistas y Humanistas",Independiente Federación Regionalista Verde Social,NO
Senador,14,Yessica Flandez Flandez,De Valparaiso,Circunscripción Senatorial 6,"B. Verdes, Regionalistas y Humanistas",Federación Regionalista Verde Social,NO
Senador,15,Carla Fernandez Riffo,Del Maule,Circunscripción Senatorial 9,"B. Verdes, Regionalistas y Humanistas",Independiente Federación Regionalista Verde Social,NO
Diputado,51,Adriana Ampuero Barrientos,De Los Lagos,Distrito 26,"B. Verdes, Regionalistas y Humanistas",Independiente Federación Regionalista Verde Social,NO
Diputado,51,Alejandra Perez Espina,Metropolitana De Santiago,Distrito 9,"B. Verdes, Regionalistas y Humanistas",Acción Humanista,NO
Senador,12,Jal Yjade Evila,De La Araucania,Circunscripción Senatorial 11,A. Partido Ecologista Verde,Ecologista Verde,NO
Diputado,51,Alexis Zuñiga Jelvez,Del Biobio,Distrito 21,A. Partido Ecologista Verde,Ecologista Verde,NO
Diputado,51,Felipe Aylwin Lagos,De Ñuble,Distrito 19,A. Partido Ecologista Verde,Ecologista Verde,NO
Diputado,51,Felix Gonzalez Gatica,Del Biobio,Distrito 20,A. Partido Ecologista Verde,Ecologista Verde,NO
Diputado,51,Jessica Mendez Canaves,De La Araucania,Distrito 23,A. Partido Ecologista Verde,Ecologista Verde,NO
Diputado,51,Valentina Saez Casanova,De La Araucania,Distrito 22,A. Partido Ecologista Verde,Ecologista Verde,NO
Diputado,52,Elizabeth Mujica Zepeda,Del Biobio,Distrito 20,A. Partido Ecologista Verde,Ecologista Verde,NO
Diputado,52,Graciela Huenuman Lincopi,De Ñuble,Distrito 19,A. Partido Ecologista Verde,Ecologista Verde,NO
Diputado,52,Ivan Gorky Rojas Villagra,De La Araucania,Distrito 23,A. Partido Ecologista Verde,Ecologista Verde,NO
Diputado,52,Johanna Barra Astudillo,Del Biobio,Distrito 21,A. Partido Ecologista Verde,Ecologista Verde,NO
Diputado,52,Raul Huilcal Barria,De La Araucania,Distrito 22,A. Partido Ecologista Verde,Ecologista Verde,NO
Diputado,53,Constanza Gonzalez Gonzalez,De La Araucania,Distrito 23,A. Partido Ecologista Verde,Ecologista Verde,NO
Diputado,53,Hernan Pino Seguel,Del Biobio,Distrito 20,A. Partido Ecologista Verde,Ecologista Verde,NO
Diputado,53,Patricio Antonio Palma Molina,De Ñuble,Distrito 19,A. Partido Ecologista Verde,Ecologista Verde,NO
Diputado,53,Pedro Pablo Valenzuela Castro,Del Biobio,Distrito 21,A. Partido Ecologista Verde,Ecologista Verde,NO
Diputado,53,Wanglen Mila Huenumilla,De La Araucania,Distrito 22,A. Partido Ecologista Verde,Ecologista Verde,NO
Diputado,54,Atrix Badilla Hernandez,Del Biobio,Distrito 20,A. Partido Ecologista Verde,Ecologista Verde,NO
Diputado,54,Barbara Lepez Monsalvez,Del Biobio,Distrito 21,A. Partido Ecologista Verde,Ecologista Verde,NO
Diputado,54,Eduardo Cuellar Ferreira,De La Araucania,Distrito 22,A. Partido Ecologista Verde,Ecologista Verde,NO
Diputado,54,Eliana Sanhueza Ortiz,De Ñuble,Distrito 19,A. Partido Ecologista Verde,Ecologista Verde,NO
Diputado,54,Victor Vilches Vargas,De La Araucania,Distrito 23,A. Partido Ecologista Verde,Ecologista Verde,NO
Diputado,55,Carolina Monsalves Sanhueza,De Ñuble,Distrito 19,A. Partido Ecologista Verde,Ecologista Verde,NO
Diputado,55,Doris Blanco Llanquileo,De La Araucania,Distrito 23,A. Partido Ecologista Verde,Ecologista Verde,NO
Diputado,55,Felipe Arancibia Labraña,Del Biobio,Distrito 20,A. Partido Ecologista Verde,Ecologista Verde,NO
Diputado,51,Ana Maria Gazmuri Vieira,Metropolitana De Santiago,Distrito 12,"B. Verdes, Regionalistas y Humanistas",Acción Humanista,SI
Diputado,51,Antonio Carvacho Cardenas,Del Libertador General Bernardo O'Higgins,Distrito 16,"B. Verdes, Regionalistas y Humanistas",Federación Regionalista Verde Social,NO
Diputado,51,Cecilia Bravo Moraga,De Los Rios,Distrito 24,"B. Verdes, Regionalistas y Humanistas",Federación Regionalista Verde Social,NO
Diputado,51,Cesar Leiva Rubio,Metropolitana De Santiago,Distrito 8,"B. Verdes, Regionalistas y Humanistas",Independiente Acción Humanista,NO
Diputado,51,Daniela Molina Barrera,De Coquimbo,Distrito 5,"B. Verdes, Regionalistas y Humanistas",Acción Humanista,NO
Diputado,51,Francisco Estevez Valencia,Metropolitana De Santiago,Distrito 10,"B. Verdes, Regionalistas y Humanistas",Independiente Acción Humanista,NO
Diputado,51,Gustavo Lobos Contreras,De Los Lagos,Distrito 25,"B. Verdes, Regionalistas y Humanistas",Federación Regionalista Verde Social,NO
Diputado,51,Hernan Velasquez Nuñez,De Antofagasta,Distrito 3,"B. Verdes, Regionalistas y Humanistas",Federación Regionalista Verde Social,NO
Diputado,51,Jaime Mulet Martinez,De Atacama,Distrito 4,"B. Verdes, Regionalistas y Humanistas",Federación Regionalista Verde Social,SI
Diputado,51,Jorge Sharp Fajardo,De Valparaiso,Distrito 7,"B. Verdes, Regionalistas y Humanistas",Independiente Federación Regionalista Verde Social,NO
Diputado,51,Jose Eduardo Gonzalez Gaete,Del Maule,Distrito 17,"B. Verdes, Regionalistas y Humanistas",Federación Regionalista Verde Social,NO
Diputado,51,Jose Silva Diaz,Metropolitana De Santiago,Distrito 13,"B. Verdes, Regionalistas y Humanistas",Independiente Federación Regionalista Verde Social,NO
Diputado,51,Marco Calcagno Zuleta,De Tarapaca,Distrito 2,"B. Verdes, Regionalistas y Humanistas",Independiente Acción Humanista,NO
Diputado,51,Nicolas Salgado Ahumada,Del Libertador General Bernardo O'Higgins,Distrito 15,"B. Verdes, Regionalistas y Humanistas",Independiente Acción Humanista,NO
Diputado,51,Octavio Gonzalez Ojeda,De Valparaiso,Distrito 6,"B. Verdes, Regionalistas y Humanistas",Federación Regionalista Verde Social,NO
Diputado,51,Pilar Farfan Villagra,Metropolitana De Santiago,Distrito 14,"B. Verdes, Regionalistas y Humanistas",Federación Regionalista Verde Social,NO
Diputado,51,Rene Alinco Bustos,De Aysen Del General Carlos Ibañez Del Campo,Distrito 27,"B. Verdes, Regionalistas y Humanistas",Independiente Federación Regionalista Verde Social,SI
Diputado,51,Ricardo Sanzana Oteiza,De Arica Y Parinacota,Distrito 1,"B. Verdes, Regionalistas y Humanistas",Independiente Acción Humanista,NO
Diputado,51,Rodrigo Bravo Bustos,Del Maule,Distrito 18,"B. Verdes, Regionalistas y Humanistas",Acción Humanista,NO
Diputado,51,Rodrigo Utz Contreras,De Magallanes Y De La Antartica Chilena,Distrito 28,"B. Verdes, Regionalistas y Humanistas",Independiente Federación Regionalista Verde Social,NO
Diputado,51,Tomas Hirsch Goldschmidt,Metropolitana De Santiago,Distrito 11,"B. Verdes, Regionalistas y Humanistas",Acción Humanista,NO
Diputado,52,Ariel Mateluna Mateluna,Metropolitana De Santiago,Distrito 9,"B. Verdes, Regionalistas y Humanistas",Independiente Acción Humanista,NO
Diputado,52,Carlos Astudillo Ulloa,Metropolitana De Santiago,Distrito 8,"B. Verdes, Regionalistas y Humanistas",Independiente Acción Humanista,NO
Diputado,52,Carolina Armenakis Daher,De Atacama,Distrito 4,"B. Verdes, Regionalistas y Humanistas",Federación Regionalista Verde Social,NO
Diputado,52,Claudia Jofre Vidal,De Valparaiso,Distrito 6,"B. Verdes, Regionalistas y Humanistas",Independiente Federación Regionalista Verde Social,NO
Diputado,52,Claudia Valenzuela Torres,De Coquimbo,Distrito 5,"B. Verdes, Regionalistas y Humanistas",Independiente Acción Humanista,NO
Diputado,52,Claudio Segovia Cofre,Del Libertador General Bernardo O'Higgins,Distrito 15,"B. Verdes, Regionalistas y Humanistas",Independiente Acción Humanista,NO
Diputado,52,Cristian Diaz Correa,Del Libertador General Bernardo O'Higgins,Distrito 16,"B. Verdes, Regionalistas y Humanistas",Independiente Federación Regionalista Verde Social,NO
Diputado,52,Elizabeth Contreras Becerra,Metropolitana De Santiago,Distrito 11,"B. Verdes, Regionalistas y Humanistas",Independiente Acción Humanista,NO
Diputado,52,Evelyn Bastias Araya,Metropolitana De Santiago,Distrito 14,"B. Verdes, Regionalistas y Humanistas",Federación Regionalista Verde Social,NO
Diputado,52,Gloria Carolina Perez Sepulveda,Metropolitana De Santiago,Distrito 10,"B. Verdes, Regionalistas y Humanistas",Independiente Acción Humanista,NO
Diputado,52,Leonardo Valenzuela Atenas,De Arica Y Parinacota,Distrito 1,"B. Verdes, Regionalistas y Humanistas",Acción Humanista,NO
Diputado,52,Manuel Rivera Altamirano,De Los Lagos,Distrito 25,"B. Verdes, Regionalistas y Humanistas",Independiente Federación Regionalista Verde Social,NO
Diputado,52,Margarita Paz Araya Flores,Metropolitana De Santiago,Distrito 12,"B. Verdes, Regionalistas y Humanistas",Acción Humanista,NO
Diputado,52,Mario Montecinos Aros,De Los Rios,Distrito 24,"B. Verdes, Regionalistas y Humanistas",Federación Regionalista Verde Social,NO
Diputado,52,Marion Tapia Gonzalez,De Antofagasta,Distrito 3,"B. Verdes, Regionalistas y Humanistas",Federación Regionalista Verde Social,NO
Diputado,52,Marisol Perez Saavedra,Del Maule,Distrito 17,"B. Verdes, Regionalistas y Humanistas",Federación Regionalista Verde Social,NO
Diputado,52,Marisol Rosas Alvarado,De Los Lagos,Distrito 26,"B. Verdes, Regionalistas y Humanistas",Federación Regionalista Verde Social,NO
Diputado,52,Paulina Alvarez Rodriguez,Del Maule,Distrito 18,"B. Verdes, Regionalistas y Humanistas",Independiente Acción Humanista,NO
Diputado,52,Rene Lues Escobar,De Valparaiso,Distrito 7,"B. Verdes, Regionalistas y Humanistas",Independiente Federación Regionalista Verde Social,NO
Diputado,52,Ruben Rojo Sembler,De Tarapaca,Distrito 2,"B. Verdes, Regionalistas y Humanistas",Acción Humanista,NO
Diputado,52,Sebastian Vega Umatino,Metropolitana De Santiago,Distrito 13,"B. Verdes, Regionalistas y Humanistas",Independiente Federación Regionalista Verde Social,NO
Diputado,52,Sergio Gonzalez Borquez,De Aysen Del General Carlos Ibañez Del Campo,Distrito 27,"B. Verdes, Regionalistas y Humanistas",Independiente Federación Regionalista Verde Social,NO
Diputado,52,Thomas Lorca Almonacid,De Magallanes Y De La Antartica Chilena,Distrito 28,"B. Verdes, Regionalistas y Humanistas",Federación Regionalista Verde Social,NO
Diputado,53,Angel Campos Diaz,De Tarapaca,Distrito 2,"B. Verdes, Regionalistas y Humanistas",Independiente Federación Regionalista Verde Social,NO
Diputado,53,Carlo Pezo Correa,De Atacama,Distrito 4,"B. Verdes, Regionalistas y Humanistas",Independiente Federación Regionalista Verde Social,NO
Diputado,53,Catalina Vidal Mendez,Metropolitana De Santiago,Distrito 11,"B. Verdes, Regionalistas y Humanistas",Acción Humanista,NO
Diputado,53,Claudia Ruiz Montecino,Metropolitana De Santiago,Distrito 10,"B. Verdes, Regionalistas y Humanistas",Independiente Acción Humanista,NO
Diputado,53,Claudio Turra Gonzalez,De Los Lagos,Distrito 26,"B. Verdes, Regionalistas y Humanistas",Independiente Federación Regionalista Verde Social,NO
Diputado,53,Danahe Rojas Mamani,De Antofagasta,Distrito 3,"B. Verdes, Regionalistas y Humanistas",Federación Regionalista Verde Social,NO
Diputado,53,Daniel Dominguez Gonzalez,Metropolitana De Santiago,Distrito 14,"B. Verdes, Regionalistas y Humanistas",Independiente Federación Regionalista Verde Social,NO
Diputado,53,Daniela Olavarria Moreira,De Aysen Del General Carlos Ibañez Del Campo,Distrito 27,"B. Verdes, Regionalistas y Humanistas",Independiente Federación Regionalista Verde Social,NO
Diputado,53,Eduardo Vargas Gonzalez,De Coquimbo,Distrito 5,"B. Verdes, Regionalistas y Humanistas",Independiente Acción Humanista,NO
Diputado,53,Edward Robinson Flores Y Castillo,Del Maule,Distrito 18,"B. Verdes, Regionalistas y Humanistas",Independiente Acción Humanista,NO
Diputado,53,Elia Piedras Garrido,Del Maule,Distrito 17,"B. Verdes, Regionalistas y Humanistas",Independiente Federación Regionalista Verde Social,NO
Diputado,53,Flora Colipai Pafian,De Los Lagos,Distrito 25,"B. Verdes, Regionalistas y Humanistas",Federación Regionalista Verde Social,NO
Diputado,53,Franklin Esteban Gallardo Gallardo,Del Libertador General Bernardo O'Higgins,Distrito 15,"B. Verdes, Regionalistas y Humanistas",Independiente Acción Humanista,NO
Diputado,53,Giovanna Grandon Caro,Metropolitana De Santiago,Distrito 12,"B. Verdes, Regionalistas y Humanistas",Independiente Acción Humanista,NO
Diputado,53,Jaime Gonzalez Ramirez,Del Libertador General Bernardo O'Higgins,Distrito 16,"B. Verdes, Regionalistas y Humanistas",Independiente Federación Regionalista Verde Social,NO
Diputado,53,Javier Ibarra Reyes,Metropolitana De Santiago,Distrito 8,"B. Verdes, Regionalistas y Humanistas",Acción Humanista,NO
Diputado,53,Jova Oporto Valenzuela,De Los Rios,Distrito 24,"B. Verdes, Regionalistas y Humanistas",Federación Regionalista Verde Social,NO
Diputado,53,Paulina Saldia Pinto,De Arica Y Parinacota,Distrito 1,"B. Verdes, Regionalistas y Humanistas",Independiente Acción Humanista,NO
Diputado,53,Priscila Fleming Aranguiz,De Valparaiso,Distrito 7,"B. Verdes, Regionalistas y Humanistas",Independiente Federación Regionalista Verde Social,NO
Diputado,53,Roberto Videla Pavez,De Valparaiso,Distrito 6,"B. Verdes, Regionalistas y Humanistas",Federación Regionalista Verde Social,NO
Diputado,53,Roxana Riquelme Tabach,Metropolitana De Santiago,Distrito 13,"B. Verdes, Regionalistas y Humanistas",Independiente Federación Regionalista Verde Social,NO
Diputado,53,Waleska Ubierna Navarro,Metropolitana De Santiago,Distrito 9,"B. Verdes, Regionalistas y Humanistas",Acción Humanista,NO
Diputado,54,Angela Cabezon Contreras,De Valparaiso,Distrito 7,"B. Verdes, Regionalistas y Humanistas",Federación Regionalista Verde Social,NO
Diputado,54,Boris Romero Bello,De Aysen Del General Carlos Ibañez Del Campo,Distrito 27,"B. Verdes, Regionalistas y Humanistas",Independiente Federación Regionalista Verde Social,NO
Diputado,54,Carlos Lizana Mardones,De Los Lagos,Distrito 25,"B. Verdes, Regionalistas y Humanistas",Independiente Federación Regionalista Verde Social,NO
Diputado,54,Claudia Morales Courtin,Del Maule,Distrito 17,"B. Verdes, Regionalistas y Humanistas",Independiente Acción Humanista,NO
Diputado,54,Daniela Quezada Seron,De Los Lagos,Distrito 26,"B. Verdes, Regionalistas y Humanistas",Federación Regionalista Verde Social,NO
Diputado,54,Daphne Saldaña San Martin,Del Maule,Distrito 18,"B. Verdes, Regionalistas y Humanistas",Independiente Federación Regionalista Verde Social,NO
Diputado,54,Enzo Morales Norambuena,De Tarapaca,Distrito 2,"B. Verdes, Regionalistas y Humanistas",Independiente Federación Regionalista Verde Social,NO
Diputado,54,Fabrizio Alday Valdovinos,Metropolitana De Santiago,Distrito 12,"B. Verdes, Regionalistas y Humanistas",Independiente Acción Humanista,NO
Diputado,54,Guillermo Flores Contreras,Metropolitana De Santiago,Distrito 8,"B. Verdes, Regionalistas y Humanistas",Federación Regionalista Verde Social,NO
Diputado,54,Hugo Boza Valdenegro,Del Libertador General Bernardo O'Higgins,Distrito 15,"B. Verdes, Regionalistas y Humanistas",Federación Regionalista Verde Social,NO
Diputado,54,Jaime Vargas Guerra,De Atacama,Distrito 4,"B. Verdes, Regionalistas y Humanistas",Federación Regionalista Verde Social,NO
Diputado,54,Jose Luis Villagran Barahona,Metropolitana De Santiago,Distrito 9,"B. Verdes, Regionalistas y Humanistas",Independiente Acción Humanista,NO
Diputado,54,Luis Alejandro Paredes Escanilla,De Arica Y Parinacota,Distrito 1,"B. Verdes, Regionalistas y Humanistas",Federación Regionalista Verde Social,NO
Diputado,54,Luis Mariano Rendon Escobar,Metropolitana De Santiago,Distrito 10,"B. Verdes, Regionalistas y Humanistas",Independiente Acción Humanista,NO
Diputado,54,Maria Carolina Miranda Campos,Del Libertador General Bernardo O'Higgins,Distrito 16,"B. Verdes, Regionalistas y Humanistas",Independiente Federación Regionalista Verde Social,NO
Diputado,54,Maria Claudia Canales Lemus,De Valparaiso,Distrito 6,"B. Verdes, Regionalistas y Humanistas",Independiente Federación Regionalista Verde Social,NO
Diputado,54,Maria Elena Flores Martinez,Metropolitana De Santiago,Distrito 14,"B. Verdes, Regionalistas y Humanistas",Independiente Federación Regionalista Verde Social,NO
Diputado,54,Maria Gloria Lazcano Torres,De Antofagasta,Distrito 3,"B. Verdes, Regionalistas y Humanistas",Acción Humanista,NO
Diputado,54,Matias Freire Vallejos,Metropolitana De Santiago,Distrito 13,"B. Verdes, Regionalistas y Humanistas",Independiente Federación Regionalista Verde Social,NO
Diputado,54,Mireya Corona Contreras,De Coquimbo,Distrito 5,"B. Verdes, Regionalistas y Humanistas",Independiente Acción Humanista,NO
Diputado,54,Pedro Davis Urzua,Metropolitana De Santiago,Distrito 11,"B. Verdes, Regionalistas y Humanistas",Independiente Acción Humanista,NO
Diputado,54,Yessica Gavilan Robles,De Los Rios,Distrito 24,"B. Verdes, Regionalistas y Humanistas",Independiente Federación Regionalista Verde Social,NO
Diputado,55,Angela Selmira Veliz Gonzalez,Del Maule,Distrito 18,"B. Verdes, Regionalistas y Humanistas",Independiente Federación Regionalista Verde Social,NO
Diputado,55,Bernarda Lagos Farfan,Metropolitana De Santiago,Distrito 14,"B. Verdes, Regionalistas y Humanistas",Federación Regionalista Verde Social,NO
Diputado,55,Christian Vittori Muñoz,Metropolitana De Santiago,Distrito 8,"B. Verdes, Regionalistas y Humanistas",Federación Regionalista Verde Social,NO
Diputado,55,Claudia Ruz Rothen,Metropolitana De Santiago,Distrito 10,"B. Verdes, Regionalistas y Humanistas",Federación Regionalista Verde Social,NO
Diputado,55,Claudio Cid Jara,De Los Lagos,Distrito 26,"B. Verdes, Regionalistas y Humanistas",Federación Regionalista Verde Social,NO
Diputado,55,Eduardo Sotomayor Ortiz,De Antofagasta,Distrito 3,"B. Verdes, Regionalistas y Humanistas",Acción Humanista,NO
Diputado,55,Emilia Coñumil Quiñimil,De La Araucania,Distrito 22,"B. Verdes, Regionalistas y Humanistas",Federación Regionalista Verde Social,NO
Diputado,55,Hernan Palma Perez,Metropolitana De Santiago,Distrito 12,"B. Verdes, Regionalistas y Humanistas",Federación Regionalista Verde Social,NO
Diputado,55,Javiera Toledo Muñoz,De Valparaiso,Distrito 6,"B. Verdes, Regionalistas y Humanistas",Independiente Acción Humanista,NO
Diputado,55,Jose Ignacio Avello Ortiz,Del Maule,Distrito 17,"B. Verdes, Regionalistas y Humanistas",Independiente Acción Humanista,NO
Diputado,55,Juan Araya Mardones,De Los Rios,Distrito 24,"B. Verdes, Regionalistas y Humanistas",Independiente Federación Regionalista Verde Social,NO
Diputado,55,Julieta Varas Silva,De Atacama,Distrito 4,"B. Verdes, Regionalistas y Humanistas",Independiente Federación Regionalista Verde Social,NO
Diputado,55,Marta Gonzalez Olea,Del Libertador General Bernardo O'Higgins,Distrito 15,"B. Verdes, Regionalistas y Humanistas",Independiente Federación Regionalista Verde Social,NO
Diputado,55,Myriam Meza Ancaten,Metropolitana De Santiago,Distrito 11,"B. Verdes, Regionalistas y Humanistas",Acción Humanista,NO
Diputado,55,Pablo Ramirez Inostroza,De Coquimbo,Distrito 5,"B. Verdes, Regionalistas y Humanistas",Acción Humanista,NO
Diputado,55,Pamela Mansilla Lavado,De Los Lagos,Distrito 25,"B. Verdes, Regionalistas y Humanistas",Independiente Federación Regionalista Verde Social,NO
Diputado,55,Pamela Navarro Leppe,Del Libertador General Bernardo O'Higgins,Distrito 16,"B. Verdes, Regionalistas y Humanistas",Independiente Acción Humanista,NO
Diputado,55,Paola Cadiz Nuñez,Metropolitana De Santiago,Distrito 9,"B. Verdes, Regionalistas y Humanistas",Federación Regionalista Verde Social,NO
Diputado,55,Percy Campos Coronel,Metropolitana De Santiago,Distrito 13,"B. Verdes, Regionalistas y Humanistas",Independiente Acción Humanista,NO
Diputado,55,Rodrigo Ruiz Encina,De Valparaiso,Distrito 7,"B. Verdes, Regionalistas y Humanistas",Independiente Federación Regionalista Verde Social,NO
Diputado,56,Antonio Arriagada Jure,Metropolitana De Santiago,Distrito 10,"B. Verdes, Regionalistas y Humanistas",Independiente Federación Regionalista Verde Social,NO
Diputado,56,Carlos Morales Flores,Metropolitana De Santiago,Distrito 14,"B. Verdes, Regionalistas y Humanistas",Independiente Acción Humanista,NO
Diputado,56,Claudio Ibañez Gonzalez,De Coquimbo,Distrito 5,"B. Verdes, Regionalistas y Humanistas",Independiente Federación Regionalista Verde Social,NO
Diputado,56,David Quezada Gomez,Metropolitana De Santiago,Distrito 8,"B. Verdes, Regionalistas y Humanistas",Federación Regionalista Verde Social,NO
Diputado,56,Evelyn Farias Ailio,Metropolitana De Santiago,Distrito 9,"B. Verdes, Regionalistas y Humanistas",Independiente Federación Regionalista Verde Social,NO
Diputado,56,German Rojas Volmar,Metropolitana De Santiago,Distrito 11,"B. Verdes, Regionalistas y Humanistas",Federación Regionalista Verde Social,NO
Diputado,56,Gustavo Lorca Quitral,Metropolitana De Santiago,Distrito 12,"B. Verdes, Regionalistas y Humanistas",Independiente Federación Regionalista Verde Social,NO
Diputado,56,Hugo Guzman Millan,Del Libertador General Bernardo O'Higgins,Distrito 15,"B. Verdes, Regionalistas y Humanistas",Independiente Federación Regionalista Verde Social,NO
Diputado,56,Juan Carcamo Carcamo,De Los Lagos,Distrito 26,"B. Verdes, Regionalistas y Humanistas",Independiente Federación Regionalista Verde Social,NO
Diputado,56,Lautaro Guanca Vallejos,De La Araucania,Distrito 22,"B. Verdes, Regionalistas y Humanistas",Independiente Federación Regionalista Verde Social,NO
Diputado,56,Luis Islas Cofre,Del Biobio,Distrito 21,"B. Verdes, Regionalistas y Humanistas",Federación Regionalista Verde Social,NO
Diputado,56,Marco Ramo Paez,De Antofagasta,Distrito 3,"B. Verdes, Regionalistas y Humanistas",Acción Humanista,NO
Diputado,56,Sandra Patricia Sanchez Aguilar,Del Maule,Distrito 17,"B. Verdes, Regionalistas y Humanistas",Independiente Acción Humanista,NO
Diputado,56,Tania Madriaga Flores,De Valparaiso,Distrito 7,"B. Verdes, Regionalistas y Humanistas",Acción Humanista,NO
Diputado,56,Yanixsa Aguilera Catalan,De Valparaiso,Distrito 6,"B. Verdes, Regionalistas y Humanistas",Independiente Acción Humanista,NO
Diputado,57,Alejandro Campusano Massad,De Coquimbo,Distrito 5,"B. Verdes, Regionalistas y Humanistas",Independiente Federación Regionalista Verde Social,NO
Diputado,57,Carlos Muñoz Lecerf,De Valparaiso,Distrito 7,"B. Verdes, Regionalistas y Humanistas",Independiente Acción Humanista,NO
Diputado,57,Erica Velasquez Montenegro,Metropolitana De Santiago,Distrito 8,"B. Verdes, Regionalistas y Humanistas",Independiente Federación Regionalista Verde Social,NO
Diputado,57,Javiera Gonzalez Arenas,Metropolitana De Santiago,Distrito 10,"B. Verdes, Regionalistas y Humanistas",Federación Regionalista Verde Social,NO
Diputado,57,Jose Nuñez Herrera,Del Maule,Distrito 17,"B. Verdes, Regionalistas y Humanistas",Independiente Acción Humanista,NO
Diputado,57,Jose Sepulveda Zelada,Metropolitana De Santiago,Distrito 9,"B. Verdes, Regionalistas y Humanistas",Independiente Federación Regionalista Verde Social,NO
Diputado,57,Juan Pablo Jaramillo Gonzalez,De La Araucania,Distrito 22,"B. Verdes, Regionalistas y Humanistas",Independiente Federación Regionalista Verde Social,NO
Diputado,57,Melina Gianelli Altamirano,Metropolitana De Santiago,Distrito 11,"B. Verdes, Regionalistas y Humanistas",Federación Regionalista Verde Social,NO
Diputado,57,Pamela Gonzalez Muñoz,De Valparaiso,Distrito 6,"B. Verdes, Regionalistas y Humanistas",Independiente Acción Humanista,NO
Diputado,57,Ricardo Santana Perez,Metropolitana De Santiago,Distrito 12,"B. Verdes, Regionalistas y Humanistas",Independiente Federación Regionalista Verde Social,NO
Diputado,57,Rodrigo Reinoso Cendoya,Del Biobio,Distrito 21,"B. Verdes, Regionalistas y Humanistas",Federación Regionalista Verde Social,NO
Diputado,57,Sara Pascual Rodriguez,Metropolitana De Santiago,Distrito 14,"B. Verdes, Regionalistas y Humanistas",Acción Humanista,NO
Diputado,57,Wilson Olivares Bustamante,De Ñuble,Distrito 19,"B. Verdes, Regionalistas y Humanistas",Independiente Federación Regionalista Verde Social,NO
Diputado,58,Daniel Sandoval Poblete,De La Araucania,Distrito 23,"B. Verdes, Regionalistas y Humanistas",Federación Regionalista Verde Social,NO
Diputado,58,Francisca Salama Pimentel,De Valparaiso,Distrito 6,"B. Verdes, Regionalistas y Humanistas",Independiente Acción Humanista,NO
Diputado,58,Jaime Cayuqueo Zambrano,Metropolitana De Santiago,Distrito 8,"B. Verdes, Regionalistas y Humanistas",Independiente Federación Regionalista Verde Social,NO
Diputado,58,Joaquin Sanhueza Villaman,Del Biobio,Distrito 21,"B. Verdes, Regionalistas y Humanistas",Independiente Federación Regionalista Verde Social,NO
Diputado,58,Katherine Perez Contreras,Metropolitana De Santiago,Distrito 10,"B. Verdes, Regionalistas y Humanistas",Independiente Federación Regionalista Verde Social,NO
Diputado,58,Lucia Ortiz Leon,De Valparaiso,Distrito 7,"B. Verdes, Regionalistas y Humanistas",Independiente Acción Humanista,NO
Diputado,58,Maria Romero Peña,De Ñuble,Distrito 19,"B. Verdes, Regionalistas y Humanistas",Federación Regionalista Verde Social,NO
Diputado,58,Rosa Pinto Rojas,De Coquimbo,Distrito 5,"B. Verdes, Regionalistas y Humanistas",Federación Regionalista Verde Social,NO
Diputado,59,Catalina Medina Rivas,De Ñuble,Distrito 19,"B. Verdes, Regionalistas y Humanistas",Federación Regionalista Verde Social,NO
Diputado,59,Claudio Valle Figueroa,De Valparaiso,Distrito 7,"B. Verdes, Regionalistas y Humanistas",Independiente Acción Humanista,NO
Diputado,59,Jorge Rivas Figueroa,Del Biobio,Distrito 21,"B. Verdes, Regionalistas y Humanistas",Independiente Federación Regionalista Verde Social,NO
Diputado,59,Luis Hurtado Muñoz,De Valparaiso,Distrito 6,"B. Verdes, Regionalistas y Humanistas",Independiente Acción Humanista,NO
Diputado,59,Marcelo Carrasco Carrasco,De La Araucania,Distrito 23,"B. Verdes, Regionalistas y Humanistas",Independiente Federación Regionalista Verde Social,NO
Diputado,59,Marcia Soto Diaz,Metropolitana De Santiago,Distrito 10,"B. Verdes, Regionalistas y Humanistas",Independiente Federación Regionalista Verde Social,NO
Diputado,60,Ana Albornoz Cuevas,Del Biobio,Distrito 20,"B. Verdes, Regionalistas y Humanistas",Independiente Federación Regionalista Verde Social,NO
Diputado,60,Fanny Araya Bahamonde,De Ñuble,Distrito 19,"B. Verdes, Regionalistas y Humanistas",Federación Regionalista Verde Social,NO
Diputado,60,Pamela Ñancupil Martin,De La Araucania,Distrito 23,"B. Verdes, Regionalistas y Humanistas",Independiente Federación Regionalista Verde Social,NO
Diputado,61,Daniel Hidalgo Veloso,De La Araucania,Distrito 23,"B. Verdes, Regionalistas y Humanistas",Federación Regionalista Verde Social,NO
Diputado,61,Elsa Olave Soto,Del Biobio,Distrito 20,"B. Verdes, Regionalistas y Humanistas",Independiente Federación Regionalista Verde Social,NO
Diputado,61,Patricia Torres Astete,De Ñuble,Distrito 19,"B. Verdes, Regionalistas y Humanistas",Federación Regionalista Verde Social,NO
Diputado,62,Oscar Albornoz Torres,De La Araucania,Distrito 23,"B. Verdes, Regionalistas y Humanistas",Independiente Federación Regionalista Verde Social,NO
Diputado,62,Romina Toledo Quevedo,Del Biobio,Distrito 20,"B. Verdes, Regionalistas y Humanistas",Independiente Federación Regionalista Verde Social,NO
Diputado,63,Ana Nicul Sabaria,De La Araucania,Distrito 23,"B. Verdes, Regionalistas y Humanistas",Independiente Federación Regionalista Verde Social,NO
Diputado,63,Mario Gonzalez Figueroa,Del Biobio,Distrito 20,"B. Verdes, Regionalistas y Humanistas",Federación Regionalista Verde Social,NO
Diputado,64,Alejandro Navarro Brain,Del Biobio,Distrito 20,"B. Verdes, Regionalistas y Humanistas",Independiente Federación Regionalista Verde Social,NO
Diputado,64,Hector Cumilaf Huentemil,De La Araucania,Distrito 23,"B. Verdes, Regionalistas y Humanistas",Independiente Federación Regionalista Verde Social,NO
Diputado,65,Gustavo Sotomayor Olate,Del Biobio,Distrito 20,"B. Verdes, Regionalistas y Humanistas",Independiente Federación Regionalista Verde Social,NO
Diputado,65,Patricia Escobar Apablaza,De La Araucania,Distrito 23,"B. Verdes, Regionalistas y Humanistas",Independiente Federación Regionalista Verde Social,NO
Diputado,66,Felipe Romero Pedreros,Del Biobio,Distrito 20,"B. Verdes, Regionalistas y Humanistas",Independiente Federación Regionalista Verde Social,NO
Diputado,67,Jorge Aguayo Cerro,Del Biobio,Distrito 20,"B. Verdes, Regionalistas y Humanistas",Independiente Federación Regionalista Verde Social,NO
Senador,11,Yasna Provoste Campillay,De Atacama,Circunscripción Senatorial 4,C. Unidad por Chile,Demócrata Cristiano,SI
Senador,12,Cinthia Vargas Morales,De Arica Y Parinacota,Circunscripción Senatorial 1,C. Unidad por Chile,Independiente Socialista de Chile,NO
Senador,12,Daniella Cicardini Milla,De Atacama,Circunscripción Senatorial 4,C. Unidad por Chile,Socialista de Chile,NO
Senador,12,Danisa Astudillo Peiretti,De Tarapaca,Circunscripción Senatorial 2,C. Unidad por Chile,Socialista de Chile,NO
Senador,13,Francisco Huenchumilla Jaramillo,De La Araucania,Circunscripción Senatorial 11,C. Unidad por Chile,Demócrata Cristiano,SI
Senador,13,Gonzalo Prieto Navarrete,De Tarapaca,Circunscripción Senatorial 2,C. Unidad por Chile,Por La Democracia,NO
Senador,13,Vlado Mirosevic Verdugo,De Arica Y Parinacota,Circunscripción Senatorial 1,C. Unidad por Chile,Liberal de Chile,NO
Senador,13,Ximena Ordenes Neira,De Aysen Del General Carlos Ibañez Del Campo,Circunscripción Senatorial 14,C. Unidad por Chile,Independiente Por La Democracia,SI
Senador,14,Carmen Hertz Cadiz,De Arica Y Parinacota,Circunscripción Senatorial 1,C. Unidad por Chile,Comunista de Chile,NO
Senador,14,Elisa Loncon Antileo,De La Araucania,Circunscripción Senatorial 11,C. Unidad por Chile,Independiente Comunista de Chile,NO
Senador,14,Hugo Gutierrez Galvez,De Tarapaca,Circunscripción Senatorial 2,C. Unidad por Chile,Comunista de Chile,NO
Senador,14,Tomas Laibe Saez,De Aysen Del General Carlos Ibañez Del Campo,Circunscripción Senatorial 14,C. Unidad por Chile,Socialista de Chile,NO
Senador,15,Karol Cariola Oliva,De Valparaiso,Circunscripción Senatorial 6,C. Unidad por Chile,Comunista de Chile,NO
Senador,15,Ricardo Celis Araya,De La Araucania,Circunscripción Senatorial 11,C. Unidad por Chile,Independiente Por La Democracia,NO
Senador,15,Rodrigo Araya Morales,De Aysen Del General Carlos Ibañez Del Campo,Circunscripción Senatorial 14,C. Unidad por Chile,Frente Amplio,NO
Senador,16,Carolina Marzan Pinto,De Valparaiso,Circunscripción Senatorial 6,C. Unidad por Chile,Por La Democracia,NO
Senador,16,Eugenio Tuma Zedan,De La Araucania,Circunscripción Senatorial 11,C. Unidad por Chile,Independiente Liberal de Chile,NO
Senador,16,Paulina Vodanovic Rojas,Del Maule,Circunscripción Senatorial 9,C. Unidad por Chile,Socialista de Chile,SI
Senador,17,Diego Ibañez Cotroneo,De Valparaiso,Circunscripción Senatorial 6,C. Unidad por Chile,Frente Amplio,NO
Senador,17,Ronald Kliebs Yañez,De La Araucania,Circunscripción Senatorial 11,C. Unidad por Chile,Socialista de Chile,NO
Senador,17,Sixto Gonzalez Soto,Del Maule,Circunscripción Senatorial 9,C. Unidad por Chile,Comunista de Chile,NO
Senador,18,Beatriz Sanchez Muñoz,Del Maule,Circunscripción Senatorial 9,C. Unidad por Chile,Frente Amplio,NO
Senador,18,Cristian Epuin Brevis,De La Araucania,Circunscripción Senatorial 11,C. Unidad por Chile,Radical de Chile,NO
Senador,18,Monica Alicia Valencia Becerra,De Valparaiso,Circunscripción Senatorial 6,C. Unidad por Chile,Independiente Liberal de Chile,NO
Senador,19,Jazmin Aguilar Ortiz,De Valparaiso,Circunscripción Senatorial 6,C. Unidad por Chile,Radical de Chile,NO
Senador,19,Ricardo Lizama Soto,Del Maule,Circunscripción Senatorial 9,C. Unidad por Chile,Por La Democracia,NO
Senador,20,Jose Miguel Insulza Salinas,De Valparaiso,Circunscripción Senatorial 6,C. Unidad por Chile,Socialista de Chile,NO
Senador,20,Juan Carlos Figueroa Urrutia,Del Maule,Circunscripción Senatorial 9,C. Unidad por Chile,Demócrata Cristiano,NO
Senador,21,Alexis Sepulveda Soto,Del Maule,Circunscripción Senatorial 9,C. Unidad por Chile,Radical de Chile,NO
Diputado,53,Javiera Morales Alvarado,De Magallanes Y De La Antartica Chilena,Distrito 28,C. Unidad por Chile,Frente Amplio,SI
Diputado,54,Veronica Aguilar Martinez,De Magallanes Y De La Antartica Chilena,Distrito 28,C. Unidad por Chile,Independiente Radical de Chile,NO
Diputado,55,Andrea Macias Palma,De Aysen Del General Carlos Ibañez Del Campo,Distrito 27,C. Unidad por Chile,Socialista de Chile,SI
Diputado,55,Ivania Salinas Villanueva,De Magallanes Y De La Antartica Chilena,Distrito 28,C. Unidad por Chile,Comunista de Chile,NO
Diputado,55,Luis Malla Valenzuela,De Arica Y Parinacota,Distrito 1,C. Unidad por Chile,Liberal de Chile,SI
Diputado,55,Matias Ramirez Pascal,De Tarapaca,Distrito 2,C. Unidad por Chile,Comunista de Chile,NO
Diputado,56,Ana Maria Bravo Castro,De Los Rios,Distrito 24,C. Unidad por Chile,Socialista de Chile,NO
Diputado,56,Carlos Jose Carvajal Gallardo,De Tarapaca,Distrito 2,C. Unidad por Chile,Independiente Por La Democracia,NO
Diputado,56,Consuelo Veloso Avila,Del Maule,Distrito 18,C. Unidad por Chile,Independiente Radical de Chile,SI
Diputado,56,Cristian Tapia Ramos,De Atacama,Distrito 4,C. Unidad por Chile,Independiente Por La Democracia,SI
Diputado,56,Felix Bugueño Sotelo,Del Libertador General Bernardo O'Higgins,Distrito 16,C. Unidad por Chile,Frente Amplio,SI
Diputado,56,Hector Barria Angulo,De Los Lagos,Distrito 25,C. Unidad por Chile,Demócrata Cristiano,SI
Diputado,56,Jorge Diaz Ibarra,De Arica Y Parinacota,Distrito 1,C. Unidad por Chile,Demócrata Cristiano,SI
Diputado,56,Lorena Pizarro Sierra,Metropolitana De Santiago,Distrito 13,C. Unidad por Chile,Comunista de Chile,SI
Diputado,56,Pablo Bussenius Cornejo,De Magallanes Y De La Antartica Chilena,Distrito 28,C. Unidad por Chile,Socialista de Chile,NO
Diputado,56,Romina Cejas Hidalgo,De Aysen Del General Carlos Ibañez Del Campo,Distrito 27,C. Unidad por Chile,Frente Amplio,NO
Diputado,57,Abraham Diaz Mamani,De Tarapaca,Distrito 2,C. Unidad por Chile,Demócrata Cristiano,NO
Diputado,57,Carla Matus Gonzalez,De Atacama,Distrito 4,C. Unidad por Chile,Independiente Por La Democracia,NO
Diputado,57,Florenia Carvajal Cid,Del Libertador General Bernardo O'Higgins,Distrito 16,C. Unidad por Chile,Por La Democracia,NO
Diputado,57,Gael Yeomans Araya,Metropolitana De Santiago,Distrito 13,C. Unidad por Chile,Frente Amplio,SI
Diputado,57,Giovanna Calle Capuma,De Arica Y Parinacota,Distrito 1,C. Unidad por Chile,Por La Democracia,NO
Diputado,57,Hector Ulloa Aguilera,De Los Lagos,Distrito 26,C. Unidad por Chile,Independiente Por La Democracia,SI
Diputado,57,Jaime Figueroa Leviguan,De Los Lagos,Distrito 25,C. Unidad por Chile,Frente Amplio,NO
Diputado,57,Lucia Gonzalez Gaete,Del Maule,Distrito 18,C. Unidad por Chile,Demócrata Cristiano,NO
Diputado,57,Luperciano Muñoz Gonzalez,De Aysen Del General Carlos Ibañez Del Campo,Distrito 27,C. Unidad por Chile,Independiente Radical de Chile,NO
Diputado,57,Marcos Ilabaca Cerda,De Los Rios,Distrito 24,C. Unidad por Chile,Socialista de Chile,SI
Diputado,57,Raul Soto Mardones,Del Libertador General Bernardo O'Higgins,Distrito 15,C. Unidad por Chile,Por La Democracia,SI
Diputado,57,Sebastian Patricio Videla Castillo,De Antofagasta,Distrito 3,C. Unidad por Chile,Independiente Liberal de Chile,NO
Diputado,58,Andrea Parra Sauterel,De La Araucania,Distrito 22,C. Unidad por Chile,Por La Democracia,SI
Diputado,58,Andres Giordano Salazar,Metropolitana De Santiago,Distrito 9,C. Unidad por Chile,Frente Amplio,NO
Diputado,58,Carolina Cucumides Calderon,Del Libertador General Bernardo O'Higgins,Distrito 16,C. Unidad por Chile,Independiente Socialista de Chile,SI
Diputado,58,Cristobal Barra Catalan,Metropolitana De Santiago,Distrito 13,C. Unidad por Chile,Por La Democracia,NO
Diputado,58,Daniela Serrano Salazar,Metropolitana De Santiago,Distrito 12,C. Unidad por Chile,Comunista de Chile,SI
Diputado,58,Ericka Portilla Barrios,De Atacama,Distrito 4,C. Unidad por Chile,Comunista de Chile,NO
Diputado,58,Fernando Zamorano Peralta,Del Libertador General Bernardo O'Higgins,Distrito 15,C. Unidad por Chile,Por La Democracia,SI
Diputado,58,Jaime Araya Guerrero,De Antofagasta,Distrito 3,C. Unidad por Chile,Independiente Por La Democracia,SI
Diputado,58,Jaime Saez Quiroz,De Los Lagos,Distrito 26,C. Unidad por Chile,Frente Amplio,NO
Diputado,58,Matias Fernandez Hartwig,De Los Rios,Distrito 24,C. Unidad por Chile,Frente Amplio,SI
Diputado,58,Nataly Javiera Oyarzo Cardenas,De Los Lagos,Distrito 25,C. Unidad por Chile,Liberal de Chile,NO
Diputado,58,Noemi Salinas Polanco,De Tarapaca,Distrito 2,C. Unidad por Chile,Frente Amplio,NO
Diputado,58,Patricio Aylwin Fuentealba,De Aysen Del General Carlos Ibañez Del Campo,Distrito 27,C. Unidad por Chile,Demócrata Cristiano,NO
Diputado,58,Raul Leiva Carvajal,Metropolitana De Santiago,Distrito 14,C. Unidad por Chile,Socialista de Chile,SI
Diputado,58,Roberto Celedon Fernandez,Del Maule,Distrito 17,C. Unidad por Chile,Independiente Frente Amplio,SI
Diputado,58,Rodrigo Alfonso Rettig Vargas,Metropolitana De Santiago,Distrito 11,C. Unidad por Chile,Liberal de Chile,NO
Diputado,58,Rodrigo Hermosilla Gatica,Del Maule,Distrito 18,C. Unidad por Chile,Socialista de Chile,NO
Diputado,58,Sandra Flores Contreras,De Arica Y Parinacota,Distrito 1,C. Unidad por Chile,Socialista de Chile,NO
Diputado,59,Carolina Tello Rojas,De Coquimbo,Distrito 5,C. Unidad por Chile,Frente Amplio,SI
Diputado,59,Gloria Paredes Valdes,Del Libertador General Bernardo O'Higgins,Distrito 16,C. Unidad por Chile,Demócrata Cristiano,NO
Diputado,59,Juan Navarro Romero,Metropolitana De Santiago,Distrito 12,C. Unidad por Chile,Comunista de Chile,NO
Diputado,59,Leonardo Jofre Rios,Metropolitana De Santiago,Distrito 9,C. Unidad por Chile,Frente Amplio,NO
Diputado,59,Manuel Ballesteros Curumilla,De Los Lagos,Distrito 26,C. Unidad por Chile,Socialista de Chile,NO
Diputado,59,Marcela Hevia Cubillos,Metropolitana De Santiago,Distrito 11,C. Unidad por Chile,Independiente Liberal de Chile,NO
Diputado,59,Monica Muñoz Guajardo,Del Maule,Distrito 18,C. Unidad por Chile,Por La Democracia,NO
Diputado,59,Nataly Rojas Seguel,Del Maule,Distrito 17,C. Unidad por Chile,Frente Amplio,NO
Diputado,59,Pablo Zenteno Muñoz,De Atacama,Distrito 4,C. Unidad por Chile,Comunista de Chile,NO
Diputado,59,Patricio Poza Barrera,De La Araucania,Distrito 22,C. Unidad por Chile,Por La Democracia,NO
Diputado,59,Paulina Lizana Martinez,De Antofagasta,Distrito 3,C. Unidad por Chile,Comunista de Chile,NO
Diputado,59,Raisa Martinez Muñoz,Del Libertador General Bernardo O'Higgins,Distrito 15,C. Unidad por Chile,Comunista de Chile,NO
Diputado,59,Ramon Espinoza Sandoval,De Los Lagos,Distrito 25,C. Unidad por Chile,Independiente Por La Democracia,NO
Diputado,59,Renata Vasquez Aldunce,Metropolitana De Santiago,Distrito 13,C. Unidad por Chile,Demócrata Cristiano,NO
Diputado,59,Roberto Soto Ferrada,Metropolitana De Santiago,Distrito 14,C. Unidad por Chile,Socialista de Chile,NO
Diputado,59,Ruben Oyarzo Figueroa,Metropolitana De Santiago,Distrito 8,C. Unidad por Chile,Radical de Chile,NO
Diputado,59,Waldo Flores Vera,De Los Rios,Distrito 24,C. Unidad por Chile,Demócrata Cristiano,NO
Diputado,60,Alexis Osses Moyano,De Los Lagos,Distrito 26,C. Unidad por Chile,Comunista de Chile,NO
Diputado,60,Boris Barrera Moreno,Metropolitana De Santiago,Distrito 9,C. Unidad por Chile,Comunista de Chile,SI
Diputado,60,Clara Sagardia Cabezas,Del Biobio,Distrito 21,C. Unidad por Chile,Frente Amplio,NO
Diputado,60,Constanza Schonhaut Soto,Metropolitana De Santiago,Distrito 11,C. Unidad por Chile,Frente Amplio,SI
Diputado,60,Cosme Mellado Pino,Del Libertador General Bernardo O'Higgins,Distrito 16,C. Unidad por Chile,Radical de Chile,NO
Diputado,60,Daniel Manouchehri Moghadam Kashan Lobos,De Coquimbo,Distrito 5,C. Unidad por Chile,Socialista de Chile,NO
Diputado,60,Elizabeth Zuñiga Cruz,Metropolitana De Santiago,Distrito 13,C. Unidad por Chile,Radical de Chile,NO
Diputado,60,Emilia Nuyado Ancapichun,De Los Lagos,Distrito 25,C. Unidad por Chile,Socialista de Chile,SI
Diputado,60,Gonzalo Winter Etcheberry,Metropolitana De Santiago,Distrito 10,C. Unidad por Chile,Frente Amplio,SI
Diputado,60,Juan Latorre Riveros,De Valparaiso,Distrito 6,C. Unidad por Chile,Frente Amplio,NO
Diputado,60,Karina Cartagena Bastias,Del Maule,Distrito 18,C. Unidad por Chile,Frente Amplio,NO
Diputado,60,Luis Penchuleo Morales,De La Araucania,Distrito 22,C. Unidad por Chile,Frente Amplio,NO
Diputado,60,Marcela Hernando Perez,De Antofagasta,Distrito 3,C. Unidad por Chile,Radical de Chile,SI
Diputado,60,Marisela Santibañez Novoa,Metropolitana De Santiago,Distrito 14,C. Unidad por Chile,Independiente Comunista de Chile,SI
Diputado,60,Pamela Bordones Olivares,De Atacama,Distrito 4,C. Unidad por Chile,Independiente Socialista de Chile,NO
Diputado,60,Priscilla Castillo Gerli,Del Maule,Distrito 17,C. Unidad por Chile,Demócrata Cristiano,SI
Diputado,60,Simon Ramirez Gonzalez,Metropolitana De Santiago,Distrito 12,C. Unidad por Chile,Frente Amplio,NO
Diputado,60,Tomas Lagomarsino Guzman,De Valparaiso,Distrito 7,C. Unidad por Chile,Radical de Chile,NO
Diputado,60,Valentina Caceres Monsalvez,Del Libertador General Bernardo O'Higgins,Distrito 15,C. Unidad por Chile,Independiente Frente Amplio,SI
Diputado,60,Vanessa Huaiquimilla Pinochet,De Los Rios,Distrito 24,C. Unidad por Chile,Por La Democracia,NO
Diputado,60,Viviana Soledad Delgado Riquelme,Metropolitana De Santiago,Distrito 8,C. Unidad por Chile,Liberal de Chile,NO
Diputado,61,Adolfo Millabur Ñancuil,Del Biobio,Distrito 21,C. Unidad por Chile,Independiente Frente Amplio,NO
Diputado,61,Carola Rivero Canales,Metropolitana De Santiago,Distrito 9,C. Unidad por Chile,Socialista de Chile,NO
Diputado,61,Carolina Herrera Contreras,Del Libertador General Bernardo O'Higgins,Distrito 15,C. Unidad por Chile,Independiente Socialista de Chile,NO
Diputado,61,Cristopher Valdivia Olate,Metropolitana De Santiago,Distrito 8,C. Unidad por Chile,Liberal de Chile,NO
Diputado,61,Daniel Melo Contreras,Metropolitana De Santiago,Distrito 13,C. Unidad por Chile,Socialista de Chile,NO
Diputado,61,Emilia Schneider Videla,Metropolitana De Santiago,Distrito 10,C. Unidad por Chile,Frente Amplio,SI
Diputado,61,Feve Hugo Lorca,De Los Lagos,Distrito 26,C. Unidad por Chile,Demócrata Cristiano,NO
Diputado,61,Francisca Bello Campos,De Valparaiso,Distrito 6,C. Unidad por Chile,Frente Amplio,NO
Diputado,61,Ignacio Achurra Diaz,Metropolitana De Santiago,Distrito 14,C. Unidad por Chile,Frente Amplio,SI
Diputado,61,Isidora Alcalde Egaña,Metropolitana De Santiago,Distrito 11,C. Unidad por Chile,Frente Amplio,NO
Diputado,61,Javier Muñoz Riquelme,Del Maule,Distrito 17,C. Unidad por Chile,Demócrata Cristiano,SI
Diputado,61,Jorge Brito Hasbun,De Valparaiso,Distrito 7,C. Unidad por Chile,Frente Amplio,SI
Diputado,61,Juan Santana Castillo,De Atacama,Distrito 4,C. Unidad por Chile,Socialista de Chile,SI
Diputado,61,Lorenna Saldias Yañez,De Los Rios,Distrito 24,C. Unidad por Chile,Radical de Chile,NO
Diputado,61,Manuela Royo Letelier,De La Araucania,Distrito 22,C. Unidad por Chile,Independiente Frente Amplio,NO
Diputado,61,Marco Velarde Salinas,Metropolitana De Santiago,Distrito 12,C. Unidad por Chile,Frente Amplio,NO
Diputado,61,Margarita Montecino Cortez,De Antofagasta,Distrito 3,C. Unidad por Chile,Demócrata Cristiano,NO
Diputado,61,Nathalie Castillo Rojas,De Coquimbo,Distrito 5,C. Unidad por Chile,Comunista de Chile,SI
Diputado,62,Alejandro Javier Bernales Maldonado,De Los Lagos,Distrito 26,C. Unidad por Chile,Liberal de Chile,NO
Diputado,62,Bernardo Salinas Maya,De Coquimbo,Distrito 5,C. Unidad por Chile,Independiente Comunista de Chile,SI
Diputado,62,Boris Duran Reyes,Del Maule,Distrito 17,C. Unidad por Chile,Socialista de Chile,NO
Diputado,62,Cesar Valenzuela Maass,Metropolitana De Santiago,Distrito 9,C. Unidad por Chile,Socialista de Chile,SI
Diputado,62,Cindy Solis Ibarra,Metropolitana De Santiago,Distrito 11,C. Unidad por Chile,Independiente Por La Democracia,NO
Diputado,62,Claudia Hasbun Faila,Metropolitana De Santiago,Distrito 12,C. Unidad por Chile,Socialista de Chile,NO
Diputado,62,Felipe Camaño Cardenas,De Ñuble,Distrito 19,C. Unidad por Chile,Independiente Demócrata Cristiano,SI
Diputado,62,Gabriela Carrasco Urquieta,De Antofagasta,Distrito 3,C. Unidad por Chile,Frente Amplio,NO
Diputado,62,Gustavo Gatica Villarroel,Metropolitana De Santiago,Distrito 8,C. Unidad por Chile,Independiente Comunista de Chile,SI
Diputado,62,Jaime Bassa Mercado,De Valparaiso,Distrito 7,C. Unidad por Chile,Frente Amplio,SI
Diputado,62,Lorena Fries Monleon,Metropolitana De Santiago,Distrito 10,C. Unidad por Chile,Frente Amplio,SI
Diputado,62,Lorena Perez Larenas,Del Biobio,Distrito 21,C. Unidad por Chile,Radical de Chile,NO
Diputado,62,Marcela Riquelme Aliaga,Del Libertador General Bernardo O'Higgins,Distrito 15,C. Unidad por Chile,Independiente Radical de Chile,NO
Diputado,62,Nelson Venegas Salazar,De Valparaiso,Distrito 6,C. Unidad por Chile,Socialista de Chile,SI
Diputado,62,Nibaldo Meza Garfia,Metropolitana De Santiago,Distrito 14,C. Unidad por Chile,Demócrata Cristiano,NO
Diputado,62,Ximena Sepulveda Varas,De La Araucania,Distrito 22,C. Unidad por Chile,Independiente Demócrata Cristiano,NO
Diputado,63,Alejandra Placencia Cabello,Metropolitana De Santiago,Distrito 10,C. Unidad por Chile,Comunista de Chile,NO
Diputado,63,Anwar Farran Veloso,Del Biobio,Distrito 21,C. Unidad por Chile,Independiente Radical de Chile,NO
Diputado,63,Christian Pino Lopez,Metropolitana De Santiago,Distrito 14,C. Unidad por Chile,Independiente Radical de Chile,NO
Diputado,63,Erick Solo De Zaldivar Garay,De Ñuble,Distrito 19,C. Unidad por Chile,Frente Amplio,NO
Diputado,63,Gabriel Rojas Rojas,Del Maule,Distrito 17,C. Unidad por Chile,Independiente Socialista de Chile,NO
Diputado,63,Jorge Insunza Gregorio De Las Heras,De Coquimbo,Distrito 5,C. Unidad por Chile,Por La Democracia,NO
Diputado,63,Li Fridman Moses,Metropolitana De Santiago,Distrito 12,C. Unidad por Chile,Independiente Socialista de Chile,NO
Diputado,63,Luis Cuello Peña Y Lillo,De Valparaiso,Distrito 7,C. Unidad por Chile,Comunista de Chile,SI
Diputado,63,Marcos Barraza Gomez,Metropolitana De Santiago,Distrito 8,C. Unidad por Chile,Comunista de Chile,SI
Diputado,63,Maria Ester Olea Rodriguez,Metropolitana De Santiago,Distrito 11,C. Unidad por Chile,Radical de Chile,NO
Diputado,63,Mauricio Viñambres Adasme,De Valparaiso,Distrito 6,C. Unidad por Chile,Independiente Radical de Chile,NO
Diputado,63,Sandra Gonzalez Zamorano,Metropolitana De Santiago,Distrito 9,C. Unidad por Chile,Independiente Por La Democracia,NO
Diputado,64,Ana Muñoz Muñoz,Del Maule,Distrito 17,C. Unidad por Chile,Independiente Radical de Chile,NO
Diputado,64,Camila Musante Muller,Metropolitana De Santiago,Distrito 14,C. Unidad por Chile,Independiente Por La Democracia,NO
Diputado,64,Carlos Cuadrado Prats,Metropolitana De Santiago,Distrito 9,C. Unidad por Chile,Por La Democracia,SI
Diputado,64,Cecilia Celis Ahumada,Metropolitana De Santiago,Distrito 11,C. Unidad por Chile,Demócrata Cristiano,NO
Diputado,64,Claudia Atenas Soza,Metropolitana De Santiago,Distrito 8,C. Unidad por Chile,Demócrata Cristiano,NO
Diputado,64,Dinka Tomicic Bobadilla,Metropolitana De Santiago,Distrito 12,C. Unidad por Chile,Demócrata Cristiano,NO
Diputado,64,Iraci Hassler Jacob,Metropolitana De Santiago,Distrito 10,C. Unidad por Chile,Comunista de Chile,SI
Diputado,64,Josefa Javiera Del Pilar Balmaceda Vasquez,De Ñuble,Distrito 19,C. Unidad por Chile,Independiente Liberal de Chile,NO
Diputado,64,Luis Foncea Calderon,De Valparaiso,Distrito 6,C. Unidad por Chile,Independiente Por La Democracia,NO
Diputado,64,Patricio Pinilla Valencia,Del Biobio,Distrito 21,C. Unidad por Chile,Demócrata Cristiano,SI
Diputado,64,Rafael Vera Castillo,De Coquimbo,Distrito 5,C. Unidad por Chile,Independiente Radical de Chile,NO
Diputado,64,Roy Crichton Orellana,De Valparaiso,Distrito 7,C. Unidad por Chile,Demócrata Cristiano,NO
Diputado,65,Cesar Riquelme Alarcon,De Ñuble,Distrito 19,C. Unidad por Chile,Radical de Chile,NO
Diputado,65,Felipe Alfredo Rios Cuevas,De Valparaiso,Distrito 7,C. Unidad por Chile,Liberal de Chile,NO
Diputado,65,Fernanda Villegas Acevedo,Metropolitana De Santiago,Distrito 10,C. Unidad por Chile,Socialista de Chile,NO
Diputado,65,Juan Carlos Valdivia Lena,Metropolitana De Santiago,Distrito 8,C. Unidad por Chile,Independiente Demócrata Cristiano,NO
Diputado,65,Karen Medina Vasquez,Del Biobio,Distrito 21,C. Unidad por Chile,Independiente Demócrata Cristiano,NO
Diputado,65,Monica Arce Castro,Metropolitana De Santiago,Distrito 12,C. Unidad por Chile,Independiente Demócrata Cristiano,NO
Diputado,65,Pablo Del Rio Jimenez,Del Maule,Distrito 17,C. Unidad por Chile,Radical de Chile,NO
Diputado,65,Ricardo Cifuentes Lillo,De Coquimbo,Distrito 5,C. Unidad por Chile,Demócrata Cristiano,NO
Diputado,65,Sabas Ivan Chahuan Sarras,De Valparaiso,Distrito 6,C. Unidad por Chile,Independiente Liberal de Chile,NO
Diputado,66,Ana Maria Hernandez San Martin,Metropolitana De Santiago,Distrito 10,C. Unidad por Chile,Demócrata Cristiano,NO
Diputado,66,Francisco Crisostomo Llanos,De Ñuble,Distrito 19,C. Unidad por Chile,Socialista de Chile,SI
Diputado,66,Jaime Quintana Leal,De La Araucania,Distrito 23,C. Unidad por Chile,Por La Democracia,NO
Diputado,66,Manuel Murillo Calderon,De Valparaiso,Distrito 7,C. Unidad por Chile,Independiente Por La Democracia,NO
Diputado,66,Sofia Gonzalez Cortes,De Valparaiso,Distrito 6,C. Unidad por Chile,Comunista de Chile,SI
Diputado,66,Tatiana Urrutia Herrera,Metropolitana De Santiago,Distrito 8,C. Unidad por Chile,Frente Amplio,SI
Diputado,67,Claudia Mix Jimenez,Metropolitana De Santiago,Distrito 8,C. Unidad por Chile,Frente Amplio,NO
Diputado,67,Cristian Mella Andaur,De Valparaiso,Distrito 6,C. Unidad por Chile,Demócrata Cristiano,SI
Diputado,67,Helia Molina Milman,Metropolitana De Santiago,Distrito 10,C. Unidad por Chile,Por La Democracia,NO
Diputado,67,Jose Montalva Feuerhake,De La Araucania,Distrito 23,C. Unidad por Chile,Independiente Por La Democracia,SI
Diputado,67,Scarlet Hidalgo Jara,De Ñuble,Distrito 19,C. Unidad por Chile,Por La Democracia,NO
Diputado,67,Tomas De Rementeria Venegas,De Valparaiso,Distrito 7,C. Unidad por Chile,Socialista de Chile,NO
Diputado,68,Arturo Barrios Oteiza,De Valparaiso,Distrito 7,C. Unidad por Chile,Socialista de Chile,NO
Diputado,68,Coca Ñanco Vasquez,De La Araucania,Distrito 23,C. Unidad por Chile,Frente Amplio,SI
Diputado,68,Gaspar Rivas Sanchez,De Valparaiso,Distrito 6,C. Unidad por Chile,Independiente Demócrata Cristiano,NO
Diputado,68,Jose Toro Kemp,Metropolitana De Santiago,Distrito 10,C. Unidad por Chile,Por La Democracia,NO
Diputado,68,Maria Candelaria Acevedo Saez,Del Biobio,Distrito 20,C. Unidad por Chile,Comunista de Chile,NO
Diputado,69,Christian Dulansky Araya,De La Araucania,Distrito 23,C. Unidad por Chile,Frente Amplio,NO
Diputado,69,Eduardo Barra Jofre,Del Biobio,Distrito 20,C. Unidad por Chile,Comunista de Chile,NO
Diputado,70,Alicia Yañez Soto,Del Biobio,Distrito 20,C. Unidad por Chile,Por La Democracia,NO
Diputado,70,Pablo Diaz Salazar,De La Araucania,Distrito 23,C. Unidad por Chile,Demócrata Cristiano,NO
Diputado,71,Carlos Alexis Vallejos Vallejos,De La Araucania,Distrito 23,C. Unidad por Chile,Demócrata Cristiano,NO
Diputado,71,Carolina Beatriz Martinez Ebner,Del Biobio,Distrito 20,C. Unidad por Chile,Liberal de Chile,NO
Diputado,72,Claudia Tapia De La Peña,De La Araucania,Distrito 23,C. Unidad por Chile,Socialista de Chile,NO
Diputado,72,Daniela Dresdner Vicencio,Del Biobio,Distrito 20,C. Unidad por Chile,Frente Amplio,NO
Diputado,73,Macarena Flores Montoya,Del Biobio,Distrito 20,C. Unidad por Chile,Radical de Chile,NO
Diputado,73,Raul Allard Soto,De La Araucania,Distrito 23,C. Unidad por Chile,Socialista de Chile,NO
Diputado,74,Antonio Rivas Villalobos,Del Biobio,Distrito 20,C. Unidad por Chile,Socialista de Chile,NO
Diputado,75,Alvaro Ortiz Vera,Del Biobio,Distrito 20,C. Unidad por Chile,Demócrata Cristiano,SI
Diputado,76,Eric Aedo Jeldres,Del Biobio,Distrito 20,C. Unidad por Chile,Demócrata Cristiano,NO
Senador,13,Arturo Fernandez Diaz,De Atacama,Circunscripción Senatorial 4,D. Izquierda Ecologista Popular Animalista y Humanista,Independiente Igualdad,NO
Senador,14,Marina Caceres Carvajal,De Atacama,Circunscripción Senatorial 4,D. Izquierda Ecologista Popular Animalista y Humanista,Igualdad,NO
Senador,15,Claudio Vicente Ojeda Murillo,De Arica Y Parinacota,Circunscripción Senatorial 1,D. Izquierda Ecologista Popular Animalista y Humanista,Humanista,NO
Senador,15,Juan Carlos Huerta Moraga,De Tarapaca,Circunscripción Senatorial 2,D. Izquierda Ecologista Popular Animalista y Humanista,Humanista,NO
Senador,16,Andrea Rosita Chellew Stambuk,De Arica Y Parinacota,Circunscripción Senatorial 1,D. Izquierda Ecologista Popular Animalista y Humanista,Humanista,NO
Diputado,59,Juan Jacobo Tancara Chambe,De Arica Y Parinacota,Distrito 1,D. Izquierda Ecologista Popular Animalista y Humanista,Humanista,NO
Diputado,60,Ana Andrea Carvajal Maripan,De Arica Y Parinacota,Distrito 1,D. Izquierda Ecologista Popular Animalista y Humanista,Independiente Humanista,NO
Diputado,61,Roberto Samuel Flores Salgado,De Arica Y Parinacota,Distrito 1,D. Izquierda Ecologista Popular Animalista y Humanista,Independiente Humanista,NO
Diputado,62,Jorge Cristian Muñoz Reyes,Metropolitana De Santiago,Distrito 13,D. Izquierda Ecologista Popular Animalista y Humanista,Independiente Humanista,NO
Diputado,63,Adela Maria Pizarro Goncalvez,De Antofagasta,Distrito 3,D. Izquierda Ecologista Popular Animalista y Humanista,Humanista,NO
Diputado,63,Fernando Israel Vilches Cespedes,Metropolitana De Santiago,Distrito 13,D. Izquierda Ecologista Popular Animalista y Humanista,Humanista,NO
Diputado,64,Dan Ibacache Paniagua,De Antofagasta,Distrito 3,D. Izquierda Ecologista Popular Animalista y Humanista,Igualdad,NO
Diputado,64,Gazzi Andres Jacob Nuñez,Metropolitana De Santiago,Distrito 13,D. Izquierda Ecologista Popular Animalista y Humanista,Independiente Humanista,NO
Diputado,65,Amelia Del Carmen Gallegos Ramirez,Metropolitana De Santiago,Distrito 9,D. Izquierda Ecologista Popular Animalista y Humanista,Humanista,NO
Diputado,65,Marisela Del Pilar Petersen Basaez,Metropolitana De Santiago,Distrito 13,D. Izquierda Ecologista Popular Animalista y Humanista,Independiente Humanista,NO
Diputado,65,Nelson Nicolas Peña Gallardo,Metropolitana De Santiago,Distrito 11,D. Izquierda Ecologista Popular Animalista y Humanista,Humanista,NO
Diputado,65,Ricardo Martinez Valencia,Metropolitana De Santiago,Distrito 14,D. Izquierda Ecologista Popular Animalista y Humanista,Independiente Humanista,NO
Diputado,66,Carla Belen Burgos Escobar,Del Biobio,Distrito 21,D. Izquierda Ecologista Popular Animalista y Humanista,Igualdad,NO
Diputado,66,Guillermo Gonzalez Castro,Metropolitana De Santiago,Distrito 11,D. Izquierda Ecologista Popular Animalista y Humanista,Independiente Humanista,NO
Diputado,66,Gustavo Enrique Gonzalez Araya,Metropolitana De Santiago,Distrito 14,D. Izquierda Ecologista Popular Animalista y Humanista,Independiente Humanista,NO
Diputado,66,Maria Galleguillos Torres,De Coquimbo,Distrito 5,D. Izquierda Ecologista Popular Animalista y Humanista,Igualdad,NO
Diputado,66,Natalia Garrido Toro,Metropolitana De Santiago,Distrito 12,D. Izquierda Ecologista Popular Animalista y Humanista,Independiente Humanista,NO
Diputado,66,Viviana Montecinos Suazo,Metropolitana De Santiago,Distrito 9,D. Izquierda Ecologista Popular Animalista y Humanista,Independiente Humanista,NO
Diputado,67,Abraham Muñoz Vilches,Metropolitana De Santiago,Distrito 14,D. Izquierda Ecologista Popular Animalista y Humanista,Independiente Humanista,NO
Diputado,67,Adrian Antonio Lizama Barra,Metropolitana De Santiago,Distrito 9,D. Izquierda Ecologista Popular Animalista y Humanista,Independiente Humanista,NO
Diputado,67,Maria Angelica Romero Donoso,Metropolitana De Santiago,Distrito 11,D. Izquierda Ecologista Popular Animalista y Humanista,Humanista,NO
Diputado,67,Rene Valle Toro,Metropolitana De Santiago,Distrito 12,D. Izquierda Ecologista Popular Animalista y Humanista,Independiente Humanista,NO
Diputado,67,Rodrigo Andrade Ramirez,De Coquimbo,Distrito 5,D. Izquierda Ecologista Popular Animalista y Humanista,Igualdad,NO
Diputado,68,Arturo Ellis Cataldo,De Coquimbo,Distrito 5,D. Izquierda Ecologista Popular Animalista y Humanista,Independiente Igualdad,NO
Diputado,68,Cesar Uribe Araya,De Ñuble,Distrito 19,D. Izquierda Ecologista Popular Animalista y Humanista,Independiente Igualdad,NO
Diputado,68,Elio Zarate Moraga,Metropolitana De Santiago,Distrito 11,D. Izquierda Ecologista Popular Animalista y Humanista,Independiente Humanista,NO
Diputado,68,Elisa Andrea Rojas Herrera,Metropolitana De Santiago,Distrito 8,D. Izquierda Ecologista Popular Animalista y Humanista,Independiente Humanista,NO
Diputado,68,Jasmin Lizette Donoso Romero,Metropolitana De Santiago,Distrito 14,D. Izquierda Ecologista Popular Animalista y Humanista,Humanista,NO
Diputado,68,Juan Andres Pino Madrid,Metropolitana De Santiago,Distrito 9,D. Izquierda Ecologista Popular Animalista y Humanista,Independiente Humanista,NO
Diputado,68,Rafael Harvey Valdes,Metropolitana De Santiago,Distrito 12,D. Izquierda Ecologista Popular Animalista y Humanista,Independiente Humanista,NO
Diputado,69,Celeste Jimenez Riveros,Metropolitana De Santiago,Distrito 10,D. Izquierda Ecologista Popular Animalista y Humanista,Independiente Humanista,NO
Diputado,69,Dina Luisa Figueroa Mardones,Metropolitana De Santiago,Distrito 14,D. Izquierda Ecologista Popular Animalista y Humanista,Independiente Humanista,NO
Diputado,69,Eduardo Savattini Nuñez,De Ñuble,Distrito 19,D. Izquierda Ecologista Popular Animalista y Humanista,Igualdad,NO
Diputado,69,Francisca Pemjean Letelier,De Coquimbo,Distrito 5,D. Izquierda Ecologista Popular Animalista y Humanista,Independiente Igualdad,NO
Diputado,69,Maria Teresa Alvarez Aguilar,Metropolitana De Santiago,Distrito 8,D. Izquierda Ecologista Popular Animalista y Humanista,Humanista,NO
Diputado,69,Nicolas Andres Romero Reeves,Metropolitana De Santiago,Distrito 11,D. Izquierda Ecologista Popular Animalista y Humanista,Independiente Humanista,NO
Diputado,69,Rita Pino Mardones,Metropolitana De Santiago,Distrito 12,D. Izquierda Ecologista Popular Animalista y Humanista,Independiente Humanista,NO
Diputado,69,Sergio Enrique Flores Ramirez,Metropolitana De Santiago,Distrito 9,D. Izquierda Ecologista Popular Animalista y Humanista,Independiente Humanista,NO
Diputado,70,Alfredo Grossi Robles,Metropolitana De Santiago,Distrito 10,D. Izquierda Ecologista Popular Animalista y Humanista,Independiente Humanista,NO
Diputado,70,Cristopher Suazo Benavides,De Coquimbo,Distrito 5,D. Izquierda Ecologista Popular Animalista y Humanista,Independiente Igualdad,NO
Diputado,70,Ester Barrientos Vargas,Metropolitana De Santiago,Distrito 9,D. Izquierda Ecologista Popular Animalista y Humanista,Independiente Humanista,NO
Diputado,70,Felipe Alexander Pino Castillo,Metropolitana De Santiago,Distrito 14,D. Izquierda Ecologista Popular Animalista y Humanista,Independiente Humanista,NO
Diputado,70,Juan Carlos Zurita Medina,Metropolitana De Santiago,Distrito 12,D. Izquierda Ecologista Popular Animalista y Humanista,Humanista,NO
Diputado,70,Maximo Quitral Rojas,Metropolitana De Santiago,Distrito 8,D. Izquierda Ecologista Popular Animalista y Humanista,Independiente Humanista,NO
Diputado,70,Ninoska Henriquez Araya,Metropolitana De Santiago,Distrito 11,D. Izquierda Ecologista Popular Animalista y Humanista,Independiente Humanista,NO
Diputado,70,Susana Yañez Balague,De Ñuble,Distrito 19,D. Izquierda Ecologista Popular Animalista y Humanista,Independiente Igualdad,NO
Diputado,71,Daniela King Reyes,Metropolitana De Santiago,Distrito 10,D. Izquierda Ecologista Popular Animalista y Humanista,Independiente Humanista,NO
Diputado,71,Elizabeth Tudela Cruz,Metropolitana De Santiago,Distrito 11,D. Izquierda Ecologista Popular Animalista y Humanista,Humanista,NO
Diputado,71,Francisco Valdes Reyes,Metropolitana De Santiago,Distrito 14,D. Izquierda Ecologista Popular Animalista y Humanista,Independiente Humanista,NO
Diputado,71,Luis Alberto Donoso Uribe,Metropolitana De Santiago,Distrito 9,D. Izquierda Ecologista Popular Animalista y Humanista,Independiente Humanista,NO
Diputado,71,Paula Ocares Cerda,Metropolitana De Santiago,Distrito 12,D. Izquierda Ecologista Popular Animalista y Humanista,Independiente Humanista,NO
Diputado,71,Rafael Muñoz Urrutia,De Coquimbo,Distrito 5,D. Izquierda Ecologista Popular Animalista y Humanista,Independiente Igualdad,NO
Diputado,71,Rossana Del Pilar Tarsetti Guajardo,Metropolitana De Santiago,Distrito 8,D. Izquierda Ecologista Popular Animalista y Humanista,Independiente Humanista,NO
Diputado,71,Valentina Ibarra Moya,De Ñuble,Distrito 19,D. Izquierda Ecologista Popular Animalista y Humanista,Igualdad,NO
Diputado,72,Ana Maria Iturralde Peña,De Coquimbo,Distrito 5,D. Izquierda Ecologista Popular Animalista y Humanista,Independiente Igualdad,NO
Diputado,72,Dominique Muñoz Venegas,Metropolitana De Santiago,Distrito 12,D. Izquierda Ecologista Popular Animalista y Humanista,Independiente Humanista,NO
Diputado,72,Gary Javier Nuñez Ordoña,Metropolitana De Santiago,Distrito 10,D. Izquierda Ecologista Popular Animalista y Humanista,Humanista,NO
Diputado,72,James Mery Bell,De Ñuble,Distrito 19,D. Izquierda Ecologista Popular Animalista y Humanista,Independiente Igualdad,NO
Diputado,72,Pablo Andres Morales Montoya,Metropolitana De Santiago,Distrito 8,D. Izquierda Ecologista Popular Animalista y Humanista,Independiente Humanista,NO
Diputado,73,Catalina Valeska Valenzuela Maureira,Metropolitana De Santiago,Distrito 12,D. Izquierda Ecologista Popular Animalista y Humanista,Humanista,NO
Diputado,73,Caterina Simoncelli Fracchia,De Coquimbo,Distrito 5,D. Izquierda Ecologista Popular Animalista y Humanista,Igualdad,NO
Diputado,73,Jorge Palma Acuña,Metropolitana De Santiago,Distrito 10,D. Izquierda Ecologista Popular Animalista y Humanista,Independiente Humanista,NO
Diputado,73,Patricio San Martin Solis,De Ñuble,Distrito 19,D. Izquierda Ecologista Popular Animalista y Humanista,Independiente Igualdad,NO
Diputado,73,Yessenia Lia Crisostomo Valenzuela,Metropolitana De Santiago,Distrito 8,D. Izquierda Ecologista Popular Animalista y Humanista,Independiente Humanista,NO
Diputado,74,Matias Jorge Reyes Vargas,Metropolitana De Santiago,Distrito 10,D. Izquierda Ecologista Popular Animalista y Humanista,Independiente Humanista,NO
Diputado,74,Richard Tapia Fuentes,Metropolitana De Santiago,Distrito 8,D. Izquierda Ecologista Popular Animalista y Humanista,Independiente Humanista,NO
Diputado,75,Amauri Alen Quilaleo Valencia,Metropolitana De Santiago,Distrito 8,D. Izquierda Ecologista Popular Animalista y Humanista,Independiente Humanista,NO
Diputado,75,Carolina Venegas Rivera,Metropolitana De Santiago,Distrito 10,D. Izquierda Ecologista Popular Animalista y Humanista,Independiente Humanista,NO
Diputado,76,Ibar Nicolas Zepeda Alcota,Metropolitana De Santiago,Distrito 10,D. Izquierda Ecologista Popular Animalista y Humanista,Humanista,NO
Diputado,77,Javier Sandoval Ojeda,Del Biobio,Distrito 20,D. Izquierda Ecologista Popular Animalista y Humanista,Igualdad,NO
Diputado,78,Camila Arriagada Gonzalez,Del Biobio,Distrito 20,D. Izquierda Ecologista Popular Animalista y Humanista,Igualdad,NO
Diputado,79,Ximena Muñoz Vallejos,Del Biobio,Distrito 20,D. Izquierda Ecologista Popular Animalista y Humanista,Igualdad,NO
Diputado,80,Eliana Quevedo Hernandez,Del Biobio,Distrito 20,D. Izquierda Ecologista Popular Animalista y Humanista,Independiente Igualdad,NO
Diputado,81,Mauricio Sandoval Salazar,Del Biobio,Distrito 20,D. Izquierda Ecologista Popular Animalista y Humanista,Independiente Igualdad,NO
Diputado,82,Angelica Alvarez Rodriguez,Del Biobio,Distrito 20,D. Izquierda Ecologista Popular Animalista y Humanista,Independiente Igualdad,NO
Diputado,83,Melissa Santibañez Mancilla,Del Biobio,Distrito 20,D. Izquierda Ecologista Popular Animalista y Humanista,Independiente Igualdad,NO
Diputado,84,Javier Del Rio Richter,Del Biobio,Distrito 20,D. Izquierda Ecologista Popular Animalista y Humanista,Independiente Igualdad,NO
Diputado,63,Carol Aros Seguel,Del Libertador General Bernardo O'Higgins,Distrito 15,E. Movimiento Amarillos por Chile,Movimiento Amarillos por Chile,NO
Diputado,63,Marcela Roa Suazo,De La Araucania,Distrito 22,E. Movimiento Amarillos por Chile,Movimiento Amarillos por Chile,NO
Diputado,64,Alejandro Valdivia Latorre,Del Libertador General Bernardo O'Higgins,Distrito 15,E. Movimiento Amarillos por Chile,Movimiento Amarillos por Chile,NO
Diputado,64,Javiera Francisca Victoria Ibarra Larenas,De La Araucania,Distrito 22,E. Movimiento Amarillos por Chile,Movimiento Amarillos por Chile,NO
Diputado,65,Llery Yanira Carrasco Espinoza,De La Araucania,Distrito 22,E. Movimiento Amarillos por Chile,Movimiento Amarillos por Chile,NO
Diputado,65,Mauricio Mella Vasquez,Del Libertador General Bernardo O'Higgins,Distrito 15,E. Movimiento Amarillos por Chile,Movimiento Amarillos por Chile,NO
Diputado,66,Edith Elena Palma Mendez,De La Araucania,Distrito 22,E. Movimiento Amarillos por Chile,Movimiento Amarillos por Chile,NO
Diputado,66,Pablo Vasquez Pavez,Del Libertador General Bernardo O'Higgins,Distrito 15,E. Movimiento Amarillos por Chile,Movimiento Amarillos por Chile,NO
Diputado,67,Alex Becerra Espinoza,Del Libertador General Bernardo O'Higgins,Distrito 15,E. Movimiento Amarillos por Chile,Movimiento Amarillos por Chile,NO
Diputado,68,Paz Suarez Briones,Del Libertador General Bernardo O'Higgins,Distrito 15,E. Movimiento Amarillos por Chile,Movimiento Amarillos por Chile,NO
Diputado,74,Andres Alfonso Jouannet Valderrama,De La Araucania,Distrito 23,E. Movimiento Amarillos por Chile,Movimiento Amarillos por Chile,NO
Diputado,74,Carlos Eduardo Ruiz Benitez,De Coquimbo,Distrito 5,E. Movimiento Amarillos por Chile,Movimiento Amarillos por Chile,NO
Diputado,74,Reinaldo Henry Figueroa Alarcon,De Ñuble,Distrito 19,E. Movimiento Amarillos por Chile,Movimiento Amarillos por Chile,NO
Diputado,75,Francisca Sylvia Huirilef Barra,De La Araucania,Distrito 23,E. Movimiento Amarillos por Chile,Movimiento Amarillos por Chile,NO
Diputado,75,Montserrat Margarita Pizarro Carreño,De Coquimbo,Distrito 5,E. Movimiento Amarillos por Chile,Movimiento Amarillos por Chile,NO
Diputado,75,Osvaldo Antonio Caro Caro,De Ñuble,Distrito 19,E. Movimiento Amarillos por Chile,Movimiento Amarillos por Chile,NO
Diputado,76,Jorge Dennis Jaramillo Hott,De La Araucania,Distrito 23,E. Movimiento Amarillos por Chile,Movimiento Amarillos por Chile,NO
Diputado,76,Pablo Alejandro Yañez Pizarro,De Coquimbo,Distrito 5,E. Movimiento Amarillos por Chile,Movimiento Amarillos por Chile,NO
Diputado,76,Rodrigo Andres Castro Galaz,De Ñuble,Distrito 19,E. Movimiento Amarillos por Chile,Movimiento Amarillos por Chile,NO
Diputado,77,Cecilia Victoria Roxana Jacqueline Ortiz Vera,De Ñuble,Distrito 19,E. Movimiento Amarillos por Chile,Movimiento Amarillos por Chile,NO
Diputado,77,Franchesca Nicole Plaza Gonzalez,De Coquimbo,Distrito 5,E. Movimiento Amarillos por Chile,Movimiento Amarillos por Chile,NO
Diputado,77,Isadora Alejandra Reynolds Cavallieri,De La Araucania,Distrito 23,E. Movimiento Amarillos por Chile,Movimiento Amarillos por Chile,NO
Diputado,78,Miguel Angel Cortes Ibarra,De La Araucania,Distrito 23,E. Movimiento Amarillos por Chile,Movimiento Amarillos por Chile,NO
Diputado,78,Sergio Herman Contreras Navarro,De Ñuble,Distrito 19,E. Movimiento Amarillos por Chile,Movimiento Amarillos por Chile,NO
Diputado,78,Yerko Neftali Zambra Villalobos,De Coquimbo,Distrito 5,E. Movimiento Amarillos por Chile,Movimiento Amarillos por Chile,NO
Diputado,79,Elizabeth Solange Fredes Rosales,De Coquimbo,Distrito 5,E. Movimiento Amarillos por Chile,Movimiento Amarillos por Chile,NO
Diputado,79,Hernan Alvarez Roman,De Ñuble,Distrito 19,E. Movimiento Amarillos por Chile,Movimiento Amarillos por Chile,NO
Diputado,79,Soledad Burgos Martinez,De La Araucania,Distrito 23,E. Movimiento Amarillos por Chile,Movimiento Amarillos por Chile,NO
Diputado,80,Sergio Hector Yañez Reveco,De La Araucania,Distrito 23,E. Movimiento Amarillos por Chile,Movimiento Amarillos por Chile,NO
Diputado,80,Tomas Felipe Yavar Aguilera,De Coquimbo,Distrito 5,E. Movimiento Amarillos por Chile,Movimiento Amarillos por Chile,NO
Diputado,81,Felix Alonso Velasco Ladron De Guevara,De Coquimbo,Distrito 5,E. Movimiento Amarillos por Chile,Movimiento Amarillos por Chile,NO
Diputado,81,Solange Noel Carmine Rojas,De La Araucania,Distrito 23,E. Movimiento Amarillos por Chile,Movimiento Amarillos por Chile,NO
Diputado,62,Camilo Martin Jofre Cañipa,De Arica Y Parinacota,Distrito 1,F. Partido de Trabajadores Revolucionarios,De Trabajadores Revolucionarios,NO
Diputado,65,Natalia Valentina Sanchez Muñoz,De Antofagasta,Distrito 3,F. Partido de Trabajadores Revolucionarios,De Trabajadores Revolucionarios,NO
Diputado,66,Daniel Andres Vargas Downing,De Antofagasta,Distrito 3,F. Partido de Trabajadores Revolucionarios,De Trabajadores Revolucionarios,NO
Diputado,66,Juan Francisco Gamboa Higuera,Metropolitana De Santiago,Distrito 13,F. Partido de Trabajadores Revolucionarios,De Trabajadores Revolucionarios,NO
Diputado,67,Daniela Beatriz Aviles Honores,De Antofagasta,Distrito 3,F. Partido de Trabajadores Revolucionarios,De Trabajadores Revolucionarios,NO
Diputado,67,Maria Isabel Margarita Martinez Lizama,Metropolitana De Santiago,Distrito 13,F. Partido de Trabajadores Revolucionarios,De Trabajadores Revolucionarios,NO
Diputado,68,Camila Paz Burgos Gonzalez,Metropolitana De Santiago,Distrito 13,F. Partido de Trabajadores Revolucionarios,De Trabajadores Revolucionarios,NO
Diputado,68,Nestor Luis Vera Rojas,De Antofagasta,Distrito 3,F. Partido de Trabajadores Revolucionarios,De Trabajadores Revolucionarios,NO
Diputado,69,Antonio Alejandro Paez Aguilar,De Valparaiso,Distrito 7,F. Partido de Trabajadores Revolucionarios,De Trabajadores Revolucionarios,NO
Diputado,70,Alejandra Valderrama Zuñiga,De Valparaiso,Distrito 7,F. Partido de Trabajadores Revolucionarios,De Trabajadores Revolucionarios,NO
Diputado,71,Romina Fernanda Ibañez San Martin,De Valparaiso,Distrito 7,F. Partido de Trabajadores Revolucionarios,De Trabajadores Revolucionarios,NO
Diputado,76,Francisco Vladimir Flores Cobo,Metropolitana De Santiago,Distrito 8,F. Partido de Trabajadores Revolucionarios,De Trabajadores Revolucionarios,NO
Diputado,77,Dauno Totoro Navarro,Metropolitana De Santiago,Distrito 10,F. Partido de Trabajadores Revolucionarios,De Trabajadores Revolucionarios,NO
Diputado,78,Joseffe Tamara Caceres Torres,Metropolitana De Santiago,Distrito 10,F. Partido de Trabajadores Revolucionarios,De Trabajadores Revolucionarios,NO
Diputado,79,Fabian Ernesto Puelma Muller,Metropolitana De Santiago,Distrito 10,F. Partido de Trabajadores Revolucionarios,De Trabajadores Revolucionarios,NO
Diputado,80,Barbara Belen Brito Carrasco,Metropolitana De Santiago,Distrito 10,F. Partido de Trabajadores Revolucionarios,De Trabajadores Revolucionarios,NO
Diputado,81,Yuri Ernesto Peña Jimenez,Metropolitana De Santiago,Distrito 10,F. Partido de Trabajadores Revolucionarios,De Trabajadores Revolucionarios,NO
Diputado,82,Valeria Paz Yañez Alvarez,Metropolitana De Santiago,Distrito 10,F. Partido de Trabajadores Revolucionarios,De Trabajadores Revolucionarios,NO
Diputado,83,Julio Humberto Mancilla Maraboli,Metropolitana De Santiago,Distrito 10,F. Partido de Trabajadores Revolucionarios,De Trabajadores Revolucionarios,NO
Diputado,84,Claudia Andrea Tassara Ruilova,Metropolitana De Santiago,Distrito 10,F. Partido de Trabajadores Revolucionarios,De Trabajadores Revolucionarios,NO
Diputado,85,Yamila De Lourdes Martinez Urrutia,Metropolitana De Santiago,Distrito 10,F. Partido de Trabajadores Revolucionarios,De Trabajadores Revolucionarios,NO
Senador,22,Kim Nikki Gutierrez Ulloa,Del Maule,Circunscripción Senatorial 9,G. Partido Alianza Verde Popular,Alianza Verde Popular,NO
Senador,23,Carlos Eugenio Ravera Fernandez,Del Maule,Circunscripción Senatorial 9,G. Partido Alianza Verde Popular,Alianza Verde Popular,NO
Diputado,69,Damarie Moyano Madrid,Del Libertador General Bernardo O'Higgins,Distrito 15,G. Partido Alianza Verde Popular,Alianza Verde Popular,NO
Diputado,69,Paola Joyce Martinez Sandoval,Metropolitana De Santiago,Distrito 13,G. Partido Alianza Verde Popular,Alianza Verde Popular,NO
Diputado,70,Luis Antonio Dote Orellana,Del Libertador General Bernardo O'Higgins,Distrito 15,G. Partido Alianza Verde Popular,Alianza Verde Popular,NO
Diputado,70,Pedro Alejandro Valenzuela Yañez,Metropolitana De Santiago,Distrito 13,G. Partido Alianza Verde Popular,Alianza Verde Popular,NO
Diputado,71,Ricardo Lisboa Henriquez,Del Libertador General Bernardo O'Higgins,Distrito 15,G. Partido Alianza Verde Popular,Alianza Verde Popular,NO
Diputado,72,Igor Contreras Jeria,Metropolitana De Santiago,Distrito 11,G. Partido Alianza Verde Popular,Alianza Verde Popular,NO
Diputado,72,Katherine Alejandra Toledo Guerra,Del Libertador General Bernardo O'Higgins,Distrito 15,G. Partido Alianza Verde Popular,Alianza Verde Popular,NO
Diputado,72,Manuel Enrique Muñoz Palacios,Metropolitana De Santiago,Distrito 9,G. Partido Alianza Verde Popular,Alianza Verde Popular,NO
Diputado,72,Tamara Fredes Gutierrez,Metropolitana De Santiago,Distrito 14,G. Partido Alianza Verde Popular,Alianza Verde Popular,NO
Diputado,73,Judith Mercedes Cornejo Toledo,Del Libertador General Bernardo O'Higgins,Distrito 15,G. Partido Alianza Verde Popular,Alianza Verde Popular,NO
Diputado,73,Kein Soto Lama,Metropolitana De Santiago,Distrito 14,G. Partido Alianza Verde Popular,Alianza Verde Popular,NO
Diputado,73,Paula Huechaqueo Rojas,Metropolitana De Santiago,Distrito 11,G. Partido Alianza Verde Popular,Alianza Verde Popular,NO
Diputado,73,Xuxa Alvarez Fernandez,Metropolitana De Santiago,Distrito 9,G. Partido Alianza Verde Popular,Alianza Verde Popular,NO
Diputado,74,Jose Guillermo Rojas Inostroza,Metropolitana De Santiago,Distrito 9,G. Partido Alianza Verde Popular,Alianza Verde Popular,NO
Diputado,74,Patricia Del Pilar Toledo Jerez,Metropolitana De Santiago,Distrito 12,G. Partido Alianza Verde Popular,Alianza Verde Popular,NO
Diputado,74,Sergio Millalen Himilaf,Metropolitana De Santiago,Distrito 14,G. Partido Alianza Verde Popular,Alianza Verde Popular,NO
Diputado,75,Isabel Palma Palma,Metropolitana De Santiago,Distrito 9,G. Partido Alianza Verde Popular,Alianza Verde Popular,NO
Diputado,75,Sebastian Rodriguez Cortes,Metropolitana De Santiago,Distrito 12,G. Partido Alianza Verde Popular,Alianza Verde Popular,NO
Diputado,76,Andres Teodoro Jara Perez,Metropolitana De Santiago,Distrito 12,G. Partido Alianza Verde Popular,Alianza Verde Popular,NO
Diputado,76,Maria Elena Valenzuela Pino,Metropolitana De Santiago,Distrito 9,G. Partido Alianza Verde Popular,Alianza Verde Popular,NO
Diputado,77,Lorenzo Lepin Araneda,Metropolitana De Santiago,Distrito 9,G. Partido Alianza Verde Popular,Alianza Verde Popular,NO
Diputado,77,Nicolas Patricio Farnet Toledo,Metropolitana De Santiago,Distrito 12,G. Partido Alianza Verde Popular,Alianza Verde Popular,NO
Diputado,78,Daniel Eduardo Canto Gonzalez,Metropolitana De Santiago,Distrito 9,G. Partido Alianza Verde Popular,Alianza Verde Popular,NO
Diputado,78,Darlyng Dayane Fuentes Gomez,Metropolitana De Santiago,Distrito 12,G. Partido Alianza Verde Popular,Alianza Verde Popular,NO
Diputado,79,Roberto Lobos Villaseca,Metropolitana De Santiago,Distrito 9,G. Partido Alianza Verde Popular,Alianza Verde Popular,NO
Diputado,79,Valentina Ignacia Castillo Reyes,Metropolitana De Santiago,Distrito 12,G. Partido Alianza Verde Popular,Alianza Verde Popular,NO
Diputado,80,Julia Leticia Zappettini Vasquez,De Ñuble,Distrito 19,G. Partido Alianza Verde Popular,Alianza Verde Popular,NO
Diputado,80,Vania Andrea Neculqueo Saavedra,Metropolitana De Santiago,Distrito 12,G. Partido Alianza Verde Popular,Alianza Verde Popular,NO
Diputado,81,Ricardo Rodriguez Rivas,De Ñuble,Distrito 19,G. Partido Alianza Verde Popular,Alianza Verde Popular,NO
Diputado,82,Oscar Miguel Montecinos Garcia,De Ñuble,Distrito 19,G. Partido Alianza Verde Popular,Alianza Verde Popular,NO
Diputado,86,Nicol Aguilera Ortiz,Metropolitana De Santiago,Distrito 10,G. Partido Alianza Verde Popular,Alianza Verde Popular,NO
Diputado,87,Hector Soto Gallardo,Metropolitana De Santiago,Distrito 10,G. Partido Alianza Verde Popular,Alianza Verde Popular,NO
Diputado,88,Sofia Mariela Gonzalez Peralta,Metropolitana De Santiago,Distrito 10,G. Partido Alianza Verde Popular,Alianza Verde Popular,NO
Diputado,89,Catalina Militza Duran Chanan,Metropolitana De Santiago,Distrito 10,G. Partido Alianza Verde Popular,Alianza Verde Popular,NO
Diputado,90,Cesar Lorca Hidalgo,Metropolitana De Santiago,Distrito 10,G. Partido Alianza Verde Popular,Alianza Verde Popular,NO
Diputado,91,Nella Reyes Vallejos,Metropolitana De Santiago,Distrito 10,G. Partido Alianza Verde Popular,Alianza Verde Popular,NO
Diputado,92,Jessica Saint-Pierre Collado,Metropolitana De Santiago,Distrito 10,G. Partido Alianza Verde Popular,Alianza Verde Popular,NO
Diputado,93,Belen Jesus Carvajal Zuñiga,Metropolitana De Santiago,Distrito 10,G. Partido Alianza Verde Popular,Alianza Verde Popular,NO
Diputado,94,Andres Urzua Corvalan,Metropolitana De Santiago,Distrito 10,G. Partido Alianza Verde Popular,Alianza Verde Popular,NO
Senador,17,Fernando Alex Fernandez Barraza,De Arica Y Parinacota,Circunscripción Senatorial 1,H. Popular,Popular,NO
Diputado,62,Inti Eleodoro Salamanca Fernandez,De Atacama,Distrito 4,H. Popular,Popular,NO
Diputado,63,Joana Andrea Barrios Paez,De Atacama,Distrito 4,H. Popular,Popular,NO
Diputado,63,Oscar Boris Palleres Flores,De Arica Y Parinacota,Distrito 1,H. Popular,Popular,NO
Diputado,64,Daldym Eugenia Pinochet Perez,De Arica Y Parinacota,Distrito 1,H. Popular,Popular,NO
Diputado,64,Jorge David Varas Henriquez,De Atacama,Distrito 4,H. Popular,Popular,NO
Diputado,65,Marcelo Ismael Ruiz Tagle Escobar,De Atacama,Distrito 4,H. Popular,Popular,NO
Diputado,66,Oscar Alejandro Nuñez Veneros,De Atacama,Distrito 4,H. Popular,Popular,NO
Diputado,69,Nelcy Nieves Castillo Saravia,De Antofagasta,Distrito 3,H. Popular,Popular,NO
Diputado,72,Cristian Eduardo Cuevas Zambrano,De Valparaiso,Distrito 7,H. Popular,Popular,NO
Diputado,73,Constanza Loreto Ahumada Fuentes,De Valparaiso,Distrito 7,H. Popular,Popular,NO
Diputado,74,Monserrat Michel España Valdivia,De Valparaiso,Distrito 7,H. Popular,Popular,NO
Diputado,75,Amaro Enrique Ramirez Garcia,De Valparaiso,Distrito 7,H. Popular,Popular,NO
Diputado,76,Rodrigo Andres Wittwer Salinas,De Valparaiso,Distrito 7,H. Popular,Popular,NO
Diputado,77,Matias Gazmuri Kruberg,De Valparaiso,Distrito 7,H. Popular,Popular,NO
Diputado,78,Francisco-Jesus Peñaloza Aguilera,De Valparaiso,Distrito 7,H. Popular,Popular,NO
Diputado,79,Valentina Rayen Nuñez Godoy,De Valparaiso,Distrito 7,H. Popular,Popular,NO
Diputado,80,Mariela Del Carmen Hidalgo Diaz,De Valparaiso,Distrito 7,H. Popular,Popular,NO
Diputado,100,Francisca Andrea Acevedo Leon,Metropolitana De Santiago,Distrito 10,I. Partido de la Gente,De la Gente,NO
Diputado,101,Betzabe Patricia Vigorena Nuñez,Metropolitana De Santiago,Distrito 10,I. Partido de la Gente,De la Gente,NO
Diputado,102,Jasmin Nicole Osorio Cesped,Metropolitana De Santiago,Distrito 10,I. Partido de la Gente,De la Gente,NO
Diputado,103,Francisco Javier Patiño Tobar,Metropolitana De Santiago,Distrito 10,I. Partido de la Gente,De la Gente,NO
Senador,15,Sebastian Vicente Carmona Orquera,De Atacama,Circunscripción Senatorial 4,I. Partido de la Gente,De la Gente,NO
Senador,16,Marta Cortes Zapata,De Tarapaca,Circunscripción Senatorial 2,I. Partido de la Gente,De la Gente,NO
Senador,17,Jose Luis Paredes Cortes,De Tarapaca,Circunscripción Senatorial 2,I. Partido de la Gente,De la Gente,NO
Senador,18,Friedrich Renard Mencia Poconi,De Arica Y Parinacota,Circunscripción Senatorial 1,I. Partido de la Gente,De la Gente,NO
Senador,19,Viviana Manriquez Mora,De La Araucania,Circunscripción Senatorial 11,I. Partido de la Gente,De la Gente,NO
Senador,20,Juan Francisco Madariaga Mendez,De La Araucania,Circunscripción Senatorial 11,I. Partido de la Gente,De la Gente,NO
Senador,21,Marcela Patricia Del Sol Hallett,De Valparaiso,Circunscripción Senatorial 6,I. Partido de la Gente,De la Gente,NO
Senador,21,Pamela Correa Quezada,De La Araucania,Circunscripción Senatorial 11,I. Partido de la Gente,De la Gente,NO
Senador,22,Claudio Abraham Uribe Hernandez,De Valparaiso,Circunscripción Senatorial 6,I. Partido de la Gente,De la Gente,NO
Senador,22,Marisel Pedreros Venegas,De La Araucania,Circunscripción Senatorial 11,I. Partido de la Gente,De la Gente,NO
Senador,23,Elias Canelo Perez,De Valparaiso,Circunscripción Senatorial 6,I. Partido de la Gente,De la Gente,NO
Senador,24,Diego Alonso Cortez Barrera,De Valparaiso,Circunscripción Senatorial 6,I. Partido de la Gente,De la Gente,NO
Senador,24,Mario Campos Rojas,Del Maule,Circunscripción Senatorial 9,I. Partido de la Gente,De la Gente,NO
Senador,25,Claudia Sosa Flores,Del Maule,Circunscripción Senatorial 9,I. Partido de la Gente,De la Gente,NO
Senador,26,Paulina Miranda Barriga,Del Maule,Circunscripción Senatorial 9,I. Partido de la Gente,De la Gente,NO
Senador,27,Cecilia Gonzalez Bello,Del Maule,Circunscripción Senatorial 9,I. Partido de la Gente,De la Gente,NO
Senador,28,Yenny Soto Avendaño,Del Maule,Circunscripción Senatorial 9,I. Partido de la Gente,De la Gente,NO
Diputado,57,Abel Alejandro Fernandez Traipe,De Magallanes Y De La Antartica Chilena,Distrito 28,I. Partido de la Gente,De la Gente,NO
Diputado,58,Roberto Sahr Domian,De Magallanes Y De La Antartica Chilena,Distrito 28,I. Partido de la Gente,De la Gente,NO
Diputado,59,Karin Pamela Contreras Murtschwa,De Aysen Del General Carlos Ibañez Del Campo,Distrito 27,I. Partido de la Gente,De la Gente,NO
Diputado,59,Patricio Quisbert Lazo,De Tarapaca,Distrito 2,I. Partido de la Gente,De la Gente,NO
Diputado,60,Ana Toro Ojane,De Tarapaca,Distrito 2,I. Partido de la Gente,De la Gente,NO
Diputado,61,Claudio Saez Muñoz,De Tarapaca,Distrito 2,I. Partido de la Gente,De la Gente,NO
Diputado,61,Isidoro Rodolfo Barquin Pardo,De Los Lagos,Distrito 25,I. Partido de la Gente,De la Gente,NO
Diputado,61,Ruben Ignacio Martinez Nuñez,Del Maule,Distrito 18,I. Partido de la Gente,De la Gente,NO
Diputado,61,Susan Evelyn Gomez Pardo,Del Libertador General Bernardo O'Higgins,Distrito 16,I. Partido de la Gente,De la Gente,NO
Diputado,62,Daniela Del Pilar Olguin Andrade,Del Maule,Distrito 18,I. Partido de la Gente,De la Gente,NO
Diputado,62,Gerardo Lara Martinez,De Los Rios,Distrito 24,I. Partido de la Gente,De la Gente,NO
Diputado,62,Jose Antonio Carvallo Castro,Del Libertador General Bernardo O'Higgins,Distrito 16,I. Partido de la Gente,De la Gente,NO
Diputado,62,Maurice Goudie Dominguez,De Los Lagos,Distrito 25,I. Partido de la Gente,De la Gente,NO
Diputado,63,Alex Manuel Nahuelquin Nahuelquin,De Los Lagos,Distrito 26,I. Partido de la Gente,De la Gente,NO
Diputado,63,Angelica Eliana Manriquez Santibañez,De Los Lagos,Distrito 25,I. Partido de la Gente,De la Gente,NO
Diputado,63,Carlos Antonio Bascuñan Tapia,Del Maule,Distrito 18,I. Partido de la Gente,De la Gente,NO
Diputado,63,Daniela Denisse Gaete Cornejo,Del Libertador General Bernardo O'Higgins,Distrito 16,I. Partido de la Gente,De la Gente,NO
Diputado,63,Tabina Gabriela Manque Manque,De Los Rios,Distrito 24,I. Partido de la Gente,De la Gente,NO
Diputado,64,Andrea Quintana Diaz,De Los Lagos,Distrito 26,I. Partido de la Gente,De la Gente,NO
Diputado,64,Carolina Alejandra Morales Ortega,Del Maule,Distrito 18,I. Partido de la Gente,De la Gente,NO
Diputado,64,Erwin David Perez Monje,De Los Lagos,Distrito 25,I. Partido de la Gente,De la Gente,NO
Diputado,64,Felipe Emilio Aranda Saravia,De Los Rios,Distrito 24,I. Partido de la Gente,De la Gente,NO
Diputado,64,Hector Andres Sanchez Moreno,Del Libertador General Bernardo O'Higgins,Distrito 16,I. Partido de la Gente,De la Gente,NO
Diputado,65,Andrea Burgos Vicuña,De Los Rios,Distrito 24,I. Partido de la Gente,De la Gente,NO
Diputado,65,Rodrigo Andres Maldonado Becerra,Del Libertador General Bernardo O'Higgins,Distrito 16,I. Partido de la Gente,De la Gente,NO
Diputado,65,Rodrigo Cuevas Troncoso,De Arica Y Parinacota,Distrito 1,I. Partido de la Gente,De la Gente,NO
Diputado,65,Rodrigo Reimundo Vergara Valdes,Del Maule,Distrito 18,I. Partido de la Gente,De la Gente,NO
Diputado,65,Samuel Dario Cardenas Vivar,De Los Lagos,Distrito 25,I. Partido de la Gente,De la Gente,NO
Diputado,65,Ximena Uribe Canobra,De Los Lagos,Distrito 26,I. Partido de la Gente,De la Gente,NO
Diputado,66,Alexis Maldonado Ramos,De Los Lagos,Distrito 26,I. Partido de la Gente,De la Gente,NO
Diputado,66,Ernesto Plasencia Rojas,De Arica Y Parinacota,Distrito 1,I. Partido de la Gente,De la Gente,NO
Diputado,66,Guillermo Victoriano Valdes Carmona,Del Maule,Distrito 17,I. Partido de la Gente,De la Gente,NO
Diputado,66,Marcelo Miguel Franco Franco,De Los Rios,Distrito 24,I. Partido de la Gente,De la Gente,NO
Diputado,67,Daniela Nataly Gonzalez Fariña,De La Araucania,Distrito 22,I. Partido de la Gente,De la Gente,NO
Diputado,67,Lilian Alejandra Betancurt Delgado,Del Biobio,Distrito 21,I. Partido de la Gente,De la Gente,NO
Diputado,67,Luis Mariano Chodil Soto,De Los Lagos,Distrito 26,I. Partido de la Gente,De la Gente,NO
Diputado,67,Paula Andrea Olmos Contreras,De Atacama,Distrito 4,I. Partido de la Gente,De la Gente,NO
Diputado,67,Raul Parada Flores,De Arica Y Parinacota,Distrito 1,I. Partido de la Gente,De la Gente,NO
Diputado,67,Viviana De Las Mercedes Rodriguez Saavedra,Del Maule,Distrito 17,I. Partido de la Gente,De la Gente,NO
Diputado,68,Candy Andrade Jara,De Arica Y Parinacota,Distrito 1,I. Partido de la Gente,De la Gente,NO
Diputado,68,Carlos Alberto Peña Opazo,Del Biobio,Distrito 21,I. Partido de la Gente,De la Gente,NO
Diputado,68,Guido Antonio Diaz Vergara,De La Araucania,Distrito 22,I. Partido de la Gente,De la Gente,NO
Diputado,68,Jessica Alejandra Liquitay Martinez,De Atacama,Distrito 4,I. Partido de la Gente,De la Gente,NO
Diputado,68,Nicolas Enrique Garcia Espinoza,Del Maule,Distrito 17,I. Partido de la Gente,De la Gente,NO
Diputado,69,Alex Alejandro Farias Perez,De Atacama,Distrito 4,I. Partido de la Gente,De la Gente,NO
Diputado,69,Alexis Ojeda Altamirano,De La Araucania,Distrito 22,I. Partido de la Gente,De la Gente,NO
Diputado,69,Eduardo Alexander Oteiza Vasquez,Del Maule,Distrito 17,I. Partido de la Gente,De la Gente,NO
Diputado,69,Javier Olivares Avendaño,De Valparaiso,Distrito 6,I. Partido de la Gente,De la Gente,SI
Diputado,69,Karen Marcela Morales Rozas,Del Biobio,Distrito 21,I. Partido de la Gente,De la Gente,NO
Diputado,70,Carlos Felipe Agurto Pedreros,Del Biobio,Distrito 21,I. Partido de la Gente,De la Gente,NO
Diputado,70,Fabian Ossandon Briceño,De Antofagasta,Distrito 3,I. Partido de la Gente,De la Gente,SI
Diputado,70,Francisco Javier Vargas Mery,De Atacama,Distrito 4,I. Partido de la Gente,De la Gente,NO
Diputado,70,Maykol Castillo Fernandez,De Valparaiso,Distrito 6,I. Partido de la Gente,De la Gente,NO
Diputado,70,Patricia Del Carmen Muñoz Beltran,De La Araucania,Distrito 22,I. Partido de la Gente,De la Gente,NO
Diputado,70,Rosa Irene Bravo Herrera,Del Maule,Distrito 17,I. Partido de la Gente,De la Gente,NO
Diputado,71,Christian Rodrigo Fuentes Cabezas,Del Biobio,Distrito 21,I. Partido de la Gente,De la Gente,NO
Diputado,71,Cristian Arturo Seguel Olivos,Metropolitana De Santiago,Distrito 13,I. Partido de la Gente,De la Gente,NO
Diputado,71,Hector Raul Vergara Seura,De Atacama,Distrito 4,I. Partido de la Gente,De la Gente,NO
Diputado,71,Jorge Cristi Ramirez,De Valparaiso,Distrito 6,I. Partido de la Gente,De la Gente,NO
Diputado,71,Lorena Alejandra Balladares Chamorro,Del Maule,Distrito 17,I. Partido de la Gente,De la Gente,NO
Diputado,71,Paola Debia Gonzalez,De Antofagasta,Distrito 3,I. Partido de la Gente,De la Gente,NO
Diputado,71,Ramiro Adrian Rodriguez Maureira,De La Araucania,Distrito 22,I. Partido de la Gente,De la Gente,NO
Diputado,72,Daniela Francisca Diaz Gomez,Del Maule,Distrito 17,I. Partido de la Gente,De la Gente,NO
Diputado,72,Gonzalo Marcelo Soto Pizarro,De Valparaiso,Distrito 6,I. Partido de la Gente,De la Gente,NO
Diputado,72,Marcelo Andres Olivares Figueroa,Metropolitana De Santiago,Distrito 13,I. Partido de la Gente,De la Gente,NO
Diputado,72,Sandra America Neira Espinoza,Del Biobio,Distrito 21,I. Partido de la Gente,De la Gente,NO
Diputado,72,Sergio Marmie Ibarrondo,De Antofagasta,Distrito 3,I. Partido de la Gente,De la Gente,NO
Diputado,73,Alexander Rodolfo Rojas Villarroel,Metropolitana De Santiago,Distrito 13,I. Partido de la Gente,De la Gente,NO
Diputado,73,Camila Francesca Doñas Vargas,De Valparaiso,Distrito 6,I. Partido de la Gente,De la Gente,NO
Diputado,73,Javier Morales Morales,Del Maule,Distrito 17,I. Partido de la Gente,De la Gente,NO
Diputado,73,Jessie Gonzalez Bugueño,De Antofagasta,Distrito 3,I. Partido de la Gente,De la Gente,NO
Diputado,74,Bonnie Silva Villarroel,De Valparaiso,Distrito 6,I. Partido de la Gente,De la Gente,NO
Diputado,74,Erika Maribel Lizama Fuentes,Metropolitana De Santiago,Distrito 13,I. Partido de la Gente,De la Gente,NO
Diputado,74,Pedro Gubernatti Toro,Del Libertador General Bernardo O'Higgins,Distrito 15,I. Partido de la Gente,De la Gente,NO
Diputado,74,Ricardo Andres Aviles Rubilar,Metropolitana De Santiago,Distrito 11,I. Partido de la Gente,De la Gente,NO
Diputado,74,Vilma De Lourdes Esquivel Cespedes,De Antofagasta,Distrito 3,I. Partido de la Gente,De la Gente,NO
Diputado,75,Andres Sanchez Fredes,Metropolitana De Santiago,Distrito 14,I. Partido de la Gente,De la Gente,NO
Diputado,75,Blanca Esther Currieco Soto,De Valparaiso,Distrito 6,I. Partido de la Gente,De la Gente,NO
Diputado,75,Cristopher Alexeis Suarez Gonzalez,Metropolitana De Santiago,Distrito 11,I. Partido de la Gente,De la Gente,NO
Diputado,75,Luis Ramos Bustos,De Antofagasta,Distrito 3,I. Partido de la Gente,De la Gente,NO
Diputado,75,Marcela Narvaez Zapata,Del Libertador General Bernardo O'Higgins,Distrito 15,I. Partido de la Gente,De la Gente,NO
Diputado,75,Nelson David Alvarez Galleguillos,Metropolitana De Santiago,Distrito 13,I. Partido de la Gente,De la Gente,NO
Diputado,76,Elizabeth Fuentes Bravo,Metropolitana De Santiago,Distrito 11,I. Partido de la Gente,De la Gente,NO
Diputado,76,Jose Miguel Latorre Ludueña,Del Libertador General Bernardo O'Higgins,Distrito 15,I. Partido de la Gente,De la Gente,NO
Diputado,76,Leticia Del Carmen Zuñiga Silva,Metropolitana De Santiago,Distrito 14,I. Partido de la Gente,De la Gente,NO
Diputado,76,Marcia Ximena Marchant Farias,De Valparaiso,Distrito 6,I. Partido de la Gente,De la Gente,NO
Diputado,76,Noemi Lapostol Jara,Metropolitana De Santiago,Distrito 13,I. Partido de la Gente,De la Gente,NO
Diputado,77,Carla Eugenia Rubio Carrasco,Del Libertador General Bernardo O'Higgins,Distrito 15,I. Partido de la Gente,De la Gente,NO
Diputado,77,Cindy Macias Toledo,Metropolitana De Santiago,Distrito 14,I. Partido de la Gente,De la Gente,NO
Diputado,77,Cristian Contreras Radovic,Metropolitana De Santiago,Distrito 8,I. Partido de la Gente,De la Gente,SI
Diputado,77,Ernesto Exequiel Cortez Ulbrich,Metropolitana De Santiago,Distrito 11,I. Partido de la Gente,De la Gente,NO
Diputado,77,Ruby Villalobos Aracena,De Valparaiso,Distrito 6,I. Partido de la Gente,De la Gente,NO
Diputado,78,Juan Anselmo Melo Ramirez,Metropolitana De Santiago,Distrito 14,I. Partido de la Gente,De la Gente,NO
Diputado,78,Leyla Massiel Jara Lopez,Metropolitana De Santiago,Distrito 8,I. Partido de la Gente,De la Gente,NO
Diputado,78,Luisa Elena Caceres Miranda,Del Libertador General Bernardo O'Higgins,Distrito 15,I. Partido de la Gente,De la Gente,NO
Diputado,78,Marcela Ivonne Caballero Reyes,Metropolitana De Santiago,Distrito 11,I. Partido de la Gente,De la Gente,NO
Diputado,79,Maricel Donoso Acevedo,Metropolitana De Santiago,Distrito 11,I. Partido de la Gente,De la Gente,NO
Diputado,79,Richard Matta Parra,Metropolitana De Santiago,Distrito 8,I. Partido de la Gente,De la Gente,NO
Diputado,79,Rodrigo Peñailillo Valenzuela,Del Libertador General Bernardo O'Higgins,Distrito 15,I. Partido de la Gente,De la Gente,NO
Diputado,79,Sergio Antonio Palma Briones,Metropolitana De Santiago,Distrito 14,I. Partido de la Gente,De la Gente,NO
Diputado,80,Lucy Muñoz Marticorena,Metropolitana De Santiago,Distrito 8,I. Partido de la Gente,De la Gente,NO
Diputado,80,Ricardo Andres Silva Calcagno,Metropolitana De Santiago,Distrito 11,I. Partido de la Gente,De la Gente,NO
Diputado,80,Rogelio Alfredo Urbina Leal,Metropolitana De Santiago,Distrito 14,I. Partido de la Gente,De la Gente,NO
Diputado,80,Tamara Alejandra Ramirez Ramirez,Metropolitana De Santiago,Distrito 9,I. Partido de la Gente,De la Gente,NO
Diputado,81,Andres Rigoberto Caceres Bravo,Metropolitana De Santiago,Distrito 9,I. Partido de la Gente,De la Gente,NO
Diputado,81,Jorge Andres Meza Infante,Metropolitana De Santiago,Distrito 14,I. Partido de la Gente,De la Gente,NO
Diputado,81,Juan Marcelo Valenzuela Henriquez,De Valparaiso,Distrito 7,I. Partido de la Gente,De la Gente,SI
Diputado,81,Pamela Jiles Moreno,Metropolitana De Santiago,Distrito 12,I. Partido de la Gente,De la Gente,SI
Diputado,81,Sandra Luz Vergara Castro,Metropolitana De Santiago,Distrito 8,I. Partido de la Gente,De la Gente,NO
Diputado,82,Eileen Patricia Urqueta Rojas,De Coquimbo,Distrito 5,I. Partido de la Gente,De la Gente,NO
Diputado,82,Felix Enrique Molina Riquelme,Metropolitana De Santiago,Distrito 8,I. Partido de la Gente,De la Gente,NO
Diputado,82,Flor Rossany Contreras Vivallo,De La Araucania,Distrito 23,I. Partido de la Gente,De la Gente,NO
Diputado,82,Nicolas Eduardo Farfan Vega,De Valparaiso,Distrito 7,I. Partido de la Gente,De la Gente,NO
Diputado,82,Pablo Maltes Biskupovic,Metropolitana De Santiago,Distrito 12,I. Partido de la Gente,De la Gente,NO
Diputado,82,Pamela Del Transito Amaro Araya,Metropolitana De Santiago,Distrito 9,I. Partido de la Gente,De la Gente,NO
Diputado,83,Daniel Godoy Lagos,De Ñuble,Distrito 19,I. Partido de la Gente,De la Gente,NO
Diputado,83,Francisco Javier Lizana Donoso,Metropolitana De Santiago,Distrito 9,I. Partido de la Gente,De la Gente,NO
Diputado,83,Jacqueline Patricia Alarcon Borquez,Metropolitana De Santiago,Distrito 8,I. Partido de la Gente,De la Gente,NO
Diputado,83,Juan Carlos Thenoux Ciudad,De Coquimbo,Distrito 5,I. Partido de la Gente,De la Gente,NO
Diputado,83,Orlando Christian Machefert Inostroza,De La Araucania,Distrito 23,I. Partido de la Gente,De la Gente,NO
Diputado,83,Vanessa Ferrer Radovich,De Valparaiso,Distrito 7,I. Partido de la Gente,De la Gente,NO
Diputado,83,Zandra Parisi Fernandez,Metropolitana De Santiago,Distrito 12,I. Partido de la Gente,De la Gente,SI
Diputado,84,Andres Henriquez Riquelme,Metropolitana De Santiago,Distrito 8,I. Partido de la Gente,De la Gente,NO
Diputado,84,Cesar Abraham Suay Jerez,Metropolitana De Santiago,Distrito 9,I. Partido de la Gente,De la Gente,NO
Diputado,84,Cristian Aliro Muñoz Garrido,De La Araucania,Distrito 23,I. Partido de la Gente,De la Gente,NO
Diputado,84,Guillermo Escobar Arriagada,De Valparaiso,Distrito 7,I. Partido de la Gente,De la Gente,NO
Diputado,84,Jeniffer Carolina Salazar Zuñiga,De Ñuble,Distrito 19,I. Partido de la Gente,De la Gente,NO
Diputado,84,Luis Eduardo Molina Castillo,Metropolitana De Santiago,Distrito 12,I. Partido de la Gente,De la Gente,NO
Diputado,84,Maricel Andrea Tapia Salgueiro,De Coquimbo,Distrito 5,I. Partido de la Gente,De la Gente,NO
Diputado,85,Francisco Javier Nuñez Rencoret,De Coquimbo,Distrito 5,I. Partido de la Gente,De la Gente,NO
Diputado,85,Hector Guzman Vasquez,De Ñuble,Distrito 19,I. Partido de la Gente,De la Gente,NO
Diputado,85,Hernan Gonzalo Coñoman Lepiman,De La Araucania,Distrito 23,I. Partido de la Gente,De la Gente,NO
Diputado,85,Leonardo Javier Maturana Vergara,Metropolitana De Santiago,Distrito 12,I. Partido de la Gente,De la Gente,NO
Diputado,85,Maria Soledad Liempan Apeleo,Metropolitana De Santiago,Distrito 9,I. Partido de la Gente,De la Gente,NO
Diputado,85,Patricio Antonio Briones Moller,Del Biobio,Distrito 20,I. Partido de la Gente,De la Gente,NO
Diputado,85,Veronica Rojas Arenas,De Valparaiso,Distrito 7,I. Partido de la Gente,De la Gente,NO
Diputado,86,Carolina Andrea Venegas Aranda,Del Biobio,Distrito 20,I. Partido de la Gente,De la Gente,NO
Diputado,86,Caroll Salome Meyer Meyer,De Valparaiso,Distrito 7,I. Partido de la Gente,De la Gente,NO
Diputado,86,Crescencio Alberto Lopez Perez,Metropolitana De Santiago,Distrito 9,I. Partido de la Gente,De la Gente,NO
Diputado,86,Fernanda Cristina Nuñez Araos,De Coquimbo,Distrito 5,I. Partido de la Gente,De la Gente,NO
Diputado,86,Hernan Jonathan Alvarez Vargas,Metropolitana De Santiago,Distrito 12,I. Partido de la Gente,De la Gente,NO
Diputado,86,Ignacio Luengo Quijada,De Ñuble,Distrito 19,I. Partido de la Gente,De la Gente,NO
Diputado,86,Robinson Dario Illanes Acuña,De La Araucania,Distrito 23,I. Partido de la Gente,De la Gente,NO
Diputado,87,Christopher Elias Yañez Leal,Metropolitana De Santiago,Distrito 9,I. Partido de la Gente,De la Gente,NO
Diputado,87,Hugo Antonio Soto Becerra,Del Biobio,Distrito 20,I. Partido de la Gente,De la Gente,NO
Diputado,87,Jessica Lorena Antilef Lincolao,De La Araucania,Distrito 23,I. Partido de la Gente,De la Gente,NO
Diputado,87,Jorge Marcelo Chavez Arevalo,Metropolitana De Santiago,Distrito 12,I. Partido de la Gente,De la Gente,NO
Diputado,87,Juan Salvador Saul Dabed Tozo,De Coquimbo,Distrito 5,I. Partido de la Gente,De la Gente,NO
Diputado,87,Mariela Espinoza Navarrete,De Ñuble,Distrito 19,I. Partido de la Gente,De la Gente,NO
Diputado,87,Natalia Vanessa Navarro Alday,De Valparaiso,Distrito 7,I. Partido de la Gente,De la Gente,NO
Diputado,88,Cliff Henriquez Retamal,De Ñuble,Distrito 19,I. Partido de la Gente,De la Gente,NO
Diputado,88,Jorge Franklin Dunstan Pavez,De Coquimbo,Distrito 5,I. Partido de la Gente,De la Gente,NO
Diputado,88,Maria Delia Yañez Barrera,De La Araucania,Distrito 23,I. Partido de la Gente,De la Gente,NO
Diputado,88,Mariella Andrea Gonzalez Hidalgo,Del Biobio,Distrito 20,I. Partido de la Gente,De la Gente,NO
Diputado,89,Americo Arlin Muñoz Beltran,De La Araucania,Distrito 23,I. Partido de la Gente,De la Gente,NO
Diputado,89,Luis Zuñiga Montt,Del Biobio,Distrito 20,I. Partido de la Gente,De la Gente,NO
Diputado,90,Marcela Andrea Gonzalez Zarate,Del Biobio,Distrito 20,I. Partido de la Gente,De la Gente,NO
Diputado,91,Bernardo Orlando Ulloa Pereira,Del Biobio,Distrito 20,I. Partido de la Gente,De la Gente,NO
Diputado,92,Francisca Mariana Zenteno Araos,Del Biobio,Distrito 20,I. Partido de la Gente,De la Gente,NO
Diputado,93,Juliette Cristina Villalobos Cares,Del Biobio,Distrito 20,I. Partido de la Gente,De la Gente,NO
Diputado,95,Karen Osorio Muñoz,Metropolitana De Santiago,Distrito 10,I. Partido de la Gente,De la Gente,NO
Diputado,96,Gianny Contenla Ojeda,Metropolitana De Santiago,Distrito 10,I. Partido de la Gente,De la Gente,NO
Diputado,97,Alejandra Jara Quiroz,Metropolitana De Santiago,Distrito 10,I. Partido de la Gente,De la Gente,NO
Diputado,98,Andrea Del Pilar Herrera Cachaña,Metropolitana De Santiago,Distrito 10,I. Partido de la Gente,De la Gente,NO
Diputado,99,Barbara Molina Silva,Metropolitana De Santiago,Distrito 10,I. Partido de la Gente,De la Gente,NO
Diputado,100,Victor Hugo Figueroa Rebolledo,Del Biobio,Distrito 20,J. Chile Grande y Unido,Independiente Demócratas Chile,NO
Diputado,101,Andrea De La Barra Manriquez,Del Biobio,Distrito 20,J. Chile Grande y Unido,Independiente Demócratas Chile,NO
Diputado,104,Jorge Alessandri Vergara,Metropolitana De Santiago,Distrito 10,J. Chile Grande y Unido,Unión Demócrata Independiente,SI
Diputado,105,Macarena Zarhi Cordero,Metropolitana De Santiago,Distrito 10,J. Chile Grande y Unido,Independiente Unión Demócrata Independiente,NO
Diputado,106,Maria Jesus Schwerter Cabezas,Metropolitana De Santiago,Distrito 10,J. Chile Grande y Unido,Unión Demócrata Independiente,NO
Diputado,107,Juan Pablo Saez Rey,Metropolitana De Santiago,Distrito 10,J. Chile Grande y Unido,Independiente Demócratas Chile,NO
Diputado,108,Vicente Almonacid Heyl,Metropolitana De Santiago,Distrito 10,J. Chile Grande y Unido,Independiente Demócratas Chile,NO
Diputado,109,Sandra Solimano Latorre,Metropolitana De Santiago,Distrito 10,J. Chile Grande y Unido,Independiente Demócratas Chile,NO
Diputado,110,Maria Luisa Cordero Velasquez,Metropolitana De Santiago,Distrito 10,J. Chile Grande y Unido,Independiente Renovación Nacional,NO
Diputado,111,Johanna Olivares Gribbell,Metropolitana De Santiago,Distrito 10,J. Chile Grande y Unido,Renovación Nacional,NO
Diputado,112,Francisco Orrego Gutierrez,Metropolitana De Santiago,Distrito 10,J. Chile Grande y Unido,Renovación Nacional,SI
Senador,16,Rafael Prohens Espinosa,De Atacama,Circunscripción Senatorial 4,J. Chile Grande y Unido,Renovación Nacional,NO
Senador,17,Giovanni Calderon Bassi,De Atacama,Circunscripción Senatorial 4,J. Chile Grande y Unido,Independiente Evolución Política,NO
Senador,18,Luz Ebensperger Orrego,De Tarapaca,Circunscripción Senatorial 2,J. Chile Grande y Unido,Unión Demócrata Independiente,NO
Senador,18,Nicolas Noman Garrido,De Atacama,Circunscripción Senatorial 4,J. Chile Grande y Unido,Unión Demócrata Independiente,NO
Senador,19,Jose Pilo Durana Semir,De Arica Y Parinacota,Circunscripción Senatorial 1,J. Chile Grande y Unido,Unión Demócrata Independiente,NO
Senador,19,Lucrecia Mena Acosta,De Tarapaca,Circunscripción Senatorial 2,J. Chile Grande y Unido,Renovación Nacional,NO
Senador,20,Enrique Lee Flores,De Arica Y Parinacota,Circunscripción Senatorial 1,J. Chile Grande y Unido,Independiente Demócratas Chile,NO
Senador,20,Jorge Zavala Valenzuela,De Tarapaca,Circunscripción Senatorial 2,J. Chile Grande y Unido,Demócratas Chile,NO
Senador,21,Sandra Zapata Velasquez,De Arica Y Parinacota,Circunscripción Senatorial 1,J. Chile Grande y Unido,Independiente Renovación Nacional,NO
Senador,23,Henry Leal Bizama,De La Araucania,Circunscripción Senatorial 11,J. Chile Grande y Unido,Unión Demócrata Independiente,NO
Senador,24,Jorge Andres Luchsinger Mackay,De La Araucania,Circunscripción Senatorial 11,J. Chile Grande y Unido,Independiente Unión Demócrata Independiente,NO
Senador,25,Andres Longton Herrera,De Valparaiso,Circunscripción Senatorial 6,J. Chile Grande y Unido,Renovación Nacional,NO
Senador,25,Carola Elgueta Fernandez,De La Araucania,Circunscripción Senatorial 11,J. Chile Grande y Unido,Independiente Demócratas Chile,NO
Senador,26,Camila Flores Oporto,De Valparaiso,Circunscripción Senatorial 6,J. Chile Grande y Unido,Renovación Nacional,NO
Senador,26,Patricia Lagos Meier,De La Araucania,Circunscripción Senatorial 11,J. Chile Grande y Unido,Independiente Demócratas Chile,NO
Senador,27,Daniel Verdessi Belemmi,De Valparaiso,Circunscripción Senatorial 6,J. Chile Grande y Unido,Demócratas Chile,NO
Senador,27,Jorge Rathgeb Schifferli,De La Araucania,Circunscripción Senatorial 11,J. Chile Grande y Unido,Renovación Nacional,NO
Senador,28,Miguel Becker Alvear,De La Araucania,Circunscripción Senatorial 11,J. Chile Grande y Unido,Renovación Nacional,NO
Senador,28,Monserrat Alessandri Spencer,De Valparaiso,Circunscripción Senatorial 6,J. Chile Grande y Unido,Demócratas Chile,NO
Senador,29,Ian Mac-Niven Carlsson,Del Maule,Circunscripción Senatorial 9,J. Chile Grande y Unido,Independiente Demócratas Chile,NO
Senador,29,Maria Paz Santelices Cañas,De Valparaiso,Circunscripción Senatorial 6,J. Chile Grande y Unido,Independiente Unión Demócrata Independiente,NO
Senador,30,Hugo Rey Martinez,Del Maule,Circunscripción Senatorial 9,J. Chile Grande y Unido,Renovación Nacional,NO
Senador,30,Maria Jose Hoffmann Opazo,De Valparaiso,Circunscripción Senatorial 6,J. Chile Grande y Unido,Unión Demócrata Independiente,NO
Senador,31,Andrea Balladares Letelier,Del Maule,Circunscripción Senatorial 9,J. Chile Grande y Unido,Renovación Nacional,NO
Senador,32,Patricia Labra Besserer,Del Maule,Circunscripción Senatorial 9,J. Chile Grande y Unido,Independiente Unión Demócrata Independiente,NO
Senador,33,Juan Antonio Coloma Alamos,Del Maule,Circunscripción Senatorial 9,J. Chile Grande y Unido,Unión Demócrata Independiente,NO
Diputado,59,Ricardo Hernandez Cremaschi,De Magallanes Y De La Antartica Chilena,Distrito 28,J. Chile Grande y Unido,Evolución Política,NO
Diputado,60,Jenniffer Rojas Garcia,De Magallanes Y De La Antartica Chilena,Distrito 28,J. Chile Grande y Unido,Renovación Nacional,NO
Diputado,60,Marcia Raphael Mora,De Aysen Del General Carlos Ibañez Del Campo,Distrito 27,J. Chile Grande y Unido,Renovación Nacional,NO
Diputado,61,Alejandra Valdebenito Torres,De Aysen Del General Carlos Ibañez Del Campo,Distrito 27,J. Chile Grande y Unido,Unión Demócrata Independiente,SI
Diputado,61,Graciela Andrade Pacheco,De Magallanes Y De La Antartica Chilena,Distrito 28,J. Chile Grande y Unido,Independiente Unión Demócrata Independiente,NO
Diputado,62,Christian Matheson Villan,De Magallanes Y De La Antartica Chilena,Distrito 28,J. Chile Grande y Unido,Independiente Unión Demócrata Independiente,NO
Diputado,62,Guillermo Perez Pacheco,De Aysen Del General Carlos Ibañez Del Campo,Distrito 27,J. Chile Grande y Unido,Demócratas Chile,NO
Diputado,62,Ximena Naranjo Pinto,De Tarapaca,Distrito 2,J. Chile Grande y Unido,Independiente Unión Demócrata Independiente,SI
Diputado,63,Geoconda Navarrete Arratia,De Aysen Del General Carlos Ibañez Del Campo,Distrito 27,J. Chile Grande y Unido,Evolución Política,NO
Diputado,63,Vittorio Canessa Morales,De Tarapaca,Distrito 2,J. Chile Grande y Unido,Independiente Evolución Política,NO
Diputado,64,Ivan Jimenez Correa,De Tarapaca,Distrito 2,J. Chile Grande y Unido,Demócratas Chile,NO
Diputado,65,Ramon Galleguillos Castillo,De Tarapaca,Distrito 2,J. Chile Grande y Unido,Renovación Nacional,NO
Diputado,66,Carla Morales Maldonado,Del Libertador General Bernardo O'Higgins,Distrito 16,J. Chile Grande y Unido,Renovación Nacional,NO
Diputado,66,Daniel Lilayu Vivanco,De Los Lagos,Distrito 25,J. Chile Grande y Unido,Unión Demócrata Independiente,SI
Diputado,66,Gustavo Benavente Vergara,Del Maule,Distrito 18,J. Chile Grande y Unido,Unión Demócrata Independiente,NO
Diputado,67,Gaston Von Muhlenbrock Zamora,De Los Rios,Distrito 24,J. Chile Grande y Unido,Unión Demócrata Independiente,NO
Diputado,67,Humberto Garcia Diaz,Del Libertador General Bernardo O'Higgins,Distrito 16,J. Chile Grande y Unido,Independiente Renovación Nacional,NO
Diputado,67,Paula Retamal Urrutia,Del Maule,Distrito 18,J. Chile Grande y Unido,Independiente Unión Demócrata Independiente,NO
Diputado,67,Ramon Bahamonde Cea,De Los Lagos,Distrito 25,J. Chile Grande y Unido,Independiente Unión Demócrata Independiente,NO
Diputado,68,Gladys Gonzalez Alvarez,Del Maule,Distrito 18,J. Chile Grande y Unido,Independiente Demócratas Chile,NO
Diputado,68,Ignacio Mori Perez,Del Libertador General Bernardo O'Higgins,Distrito 16,J. Chile Grande y Unido,Evolución Política,NO
Diputado,68,Lorena Leichtle Bertin,De Los Lagos,Distrito 25,J. Chile Grande y Unido,Renovación Nacional,NO
Diputado,68,Mauro Gonzalez Villarroel,De Los Lagos,Distrito 26,J. Chile Grande y Unido,Renovación Nacional,SI
Diputado,68,Omar Sabat Guzman,De Los Rios,Distrito 24,J. Chile Grande y Unido,Independiente Unión Demócrata Independiente,SI
Diputado,69,Ann Hunter Gutierrez,De Los Rios,Distrito 24,J. Chile Grande y Unido,Independiente Unión Demócrata Independiente,NO
Diputado,69,Juan Carlos Chinga Palma,De Arica Y Parinacota,Distrito 1,J. Chile Grande y Unido,Independiente Renovación Nacional,NO
Diputado,69,Juan Eduardo Vera Sanhueza,De Los Lagos,Distrito 26,J. Chile Grande y Unido,Renovación Nacional,NO
Diputado,69,Matias Domeyko Prieto,De Los Lagos,Distrito 25,J. Chile Grande y Unido,Independiente Renovación Nacional,NO
Diputado,69,Ricardo Neumann Bertin,Del Libertador General Bernardo O'Higgins,Distrito 16,J. Chile Grande y Unido,Unión Demócrata Independiente,SI
Diputado,69,Rodrigo Ramirez Parra,Del Maule,Distrito 18,J. Chile Grande y Unido,Independiente Renovación Nacional,SI
Diputado,70,Eduardo Cornejo Lagos,Del Libertador General Bernardo O'Higgins,Distrito 16,J. Chile Grande y Unido,Unión Demócrata Independiente,NO
Diputado,70,Juanclaudio Garcia Filun,De Los Lagos,Distrito 25,J. Chile Grande y Unido,Evolución Política,NO
Diputado,70,Karina Silva Fernandez,De Los Rios,Distrito 24,J. Chile Grande y Unido,Renovación Nacional,NO
Diputado,70,Loreto Kemp Oyarzun,De Los Lagos,Distrito 26,J. Chile Grande y Unido,Evolución Política,NO
Diputado,70,Macarena San Martin Freire,Del Maule,Distrito 18,J. Chile Grande y Unido,Renovación Nacional,NO
Diputado,70,Sebastian Huerta Gonzalez,De Arica Y Parinacota,Distrito 1,J. Chile Grande y Unido,Unión Demócrata Independiente,NO
Diputado,71,Alejandro Caroca Marazzi,De Los Lagos,Distrito 26,J. Chile Grande y Unido,Independiente Evolución Política,NO
Diputado,71,Aracely Berrios Gajardo,De Arica Y Parinacota,Distrito 1,J. Chile Grande y Unido,Evolución Política,NO
Diputado,71,Sylvia Yunge Wulf,De Los Rios,Distrito 24,J. Chile Grande y Unido,Renovación Nacional,NO
Diputado,72,Daniel Valenzuela Salazar,De Los Rios,Distrito 24,J. Chile Grande y Unido,Independiente Renovación Nacional,SI
Diputado,72,Juan Carlos Beltran Silva,De La Araucania,Distrito 22,J. Chile Grande y Unido,Renovación Nacional,SI
Diputado,72,Katerine Montealegre Navarro,De Los Lagos,Distrito 26,J. Chile Grande y Unido,Unión Demócrata Independiente,NO
Diputado,72,Maximiliano Barrionuevo Garcia,De Atacama,Distrito 4,J. Chile Grande y Unido,Renovación Nacional,NO
Diputado,73,Carla Guaita Carrizo,De Atacama,Distrito 4,J. Chile Grande y Unido,Independiente Renovación Nacional,NO
Diputado,73,Eduardo Cretton Rebolledo,De La Araucania,Distrito 22,J. Chile Grande y Unido,Unión Demócrata Independiente,SI
Diputado,73,Fernando Borquez Montecinos,De Los Lagos,Distrito 26,J. Chile Grande y Unido,Unión Demócrata Independiente,NO
Diputado,73,Joanna Perez Olea,Del Biobio,Distrito 21,J. Chile Grande y Unido,Demócratas Chile,SI
Diputado,74,Elizabeth Marican Rivas,Del Biobio,Distrito 21,J. Chile Grande y Unido,Independiente Demócratas Chile,NO
Diputado,74,Jorge Guzman Zepeda,Del Maule,Distrito 17,J. Chile Grande y Unido,Evolución Política,SI
Diputado,74,Tania Borcosky Ramirez,De Atacama,Distrito 4,J. Chile Grande y Unido,Independiente Unión Demócrata Independiente,NO
Diputado,74,Victor Manoli Nazal,De La Araucania,Distrito 22,J. Chile Grande y Unido,Independiente Evolución Política,NO
Diputado,75,Barbara Kast Sommerhoff,Del Biobio,Distrito 21,J. Chile Grande y Unido,Evolución Política,NO
Diputado,75,Claudia Urrutia Marquez,Del Maule,Distrito 17,J. Chile Grande y Unido,Independiente Evolución Política,NO
Diputado,75,Jorge Saffirio Espinoza,De La Araucania,Distrito 22,J. Chile Grande y Unido,Independiente Demócratas Chile,NO
Diputado,75,Kyle Campbell Campbell,De Atacama,Distrito 4,J. Chile Grande y Unido,Unión Demócrata Independiente,NO
Diputado,76,Ariel Amigo Vidal,Del Maule,Distrito 17,J. Chile Grande y Unido,Renovación Nacional,NO
Diputado,76,Jorge Contreras Blumel,Del Biobio,Distrito 21,J. Chile Grande y Unido,Independiente Evolución Política,NO
Diputado,76,Jose Miguel Castro Bascuñan,De Antofagasta,Distrito 3,J. Chile Grande y Unido,Renovación Nacional,NO
Diputado,76,Nayaret Oviedo Alvarez,De Atacama,Distrito 4,J. Chile Grande y Unido,Evolución Política,NO
Diputado,77,Baldemar Higueras Vivar,Del Maule,Distrito 17,J. Chile Grande y Unido,Independiente Renovación Nacional,NO
Diputado,77,Daniela Castro Araya,De Antofagasta,Distrito 3,J. Chile Grande y Unido,Renovación Nacional,NO
Diputado,77,Eduardo Duran Salinas,Metropolitana De Santiago,Distrito 13,J. Chile Grande y Unido,Renovación Nacional,SI
Diputado,77,Guillermo Cofre Muñoz,De Atacama,Distrito 4,J. Chile Grande y Unido,Evolución Política,NO
Diputado,77,Mario Gierke Quevedo,Del Biobio,Distrito 21,J. Chile Grande y Unido,Independiente Unión Demócrata Independiente,NO
Diputado,78,Carolina Latorre Cruz,De Antofagasta,Distrito 3,J. Chile Grande y Unido,Demócratas Chile,NO
Diputado,78,Flor Weisse Novoa,Del Biobio,Distrito 21,J. Chile Grande y Unido,Unión Demócrata Independiente,SI
Diputado,78,Isabel Ubal Faundez,Del Maule,Distrito 17,J. Chile Grande y Unido,Demócratas Chile,NO
Diputado,78,Luis Pardo Sainz,De Valparaiso,Distrito 6,J. Chile Grande y Unido,Renovación Nacional,SI
Diputado,78,Susan Atuan Salcedo,Metropolitana De Santiago,Distrito 13,J. Chile Grande y Unido,Renovación Nacional,NO
Diputado,79,Carolina Torres Pirazzoli,Del Maule,Distrito 17,J. Chile Grande y Unido,Unión Demócrata Independiente,NO
Diputado,79,Jose Luis Veliz Veliz,De Antofagasta,Distrito 3,J. Chile Grande y Unido,Independiente Demócratas Chile,NO
Diputado,79,Macarena Venegas Tassara,Metropolitana De Santiago,Distrito 13,J. Chile Grande y Unido,Independiente Evolución Política,NO
Diputado,79,Percy Marin Vera,De Valparaiso,Distrito 6,J. Chile Grande y Unido,Renovación Nacional,NO
Diputado,80,Daniel Coronado Coronado,Metropolitana De Santiago,Distrito 13,J. Chile Grande y Unido,Evolución Política,NO
Diputado,80,Danilo Quiroz Crovetto,De Valparaiso,Distrito 6,J. Chile Grande y Unido,Independiente Evolución Política,NO
Diputado,80,Felipe Donoso Castro,Del Maule,Distrito 17,J. Chile Grande y Unido,Unión Demócrata Independiente,NO
Diputado,80,Jorge Olivares Puentes,De Antofagasta,Distrito 3,J. Chile Grande y Unido,Evolución Política,NO
Diputado,80,Patricio Laguna Gebauer,Del Libertador General Bernardo O'Higgins,Distrito 15,J. Chile Grande y Unido,Independiente Demócratas Chile,NO
Diputado,81,Carolina Julio Latorre,De Valparaiso,Distrito 6,J. Chile Grande y Unido,Independiente Evolución Política,NO
Diputado,81,Claudia Lange Farias,Metropolitana De Santiago,Distrito 13,J. Chile Grande y Unido,Unión Demócrata Independiente,NO
Diputado,81,Francisco Undurraga Gazitua,Metropolitana De Santiago,Distrito 11,J. Chile Grande y Unido,Evolución Política,NO
Diputado,81,Lennin Arroyo Vega,Del Libertador General Bernardo O'Higgins,Distrito 15,J. Chile Grande y Unido,Independiente Demócratas Chile,NO
Diputado,81,Yantiel Calderon Valenzuela,De Antofagasta,Distrito 3,J. Chile Grande y Unido,Evolución Política,NO
Diputado,82,Cristhian Moreira Barros,Metropolitana De Santiago,Distrito 13,J. Chile Grande y Unido,Unión Demócrata Independiente,NO
Diputado,82,Emiliano Orueta Bustos,Del Libertador General Bernardo O'Higgins,Distrito 15,J. Chile Grande y Unido,Renovación Nacional,NO
Diputado,82,Jaime Coloma Alamos,Metropolitana De Santiago,Distrito 14,J. Chile Grande y Unido,Unión Demócrata Independiente,SI
Diputado,82,Jordan Guajardo Vicencio,De Valparaiso,Distrito 6,J. Chile Grande y Unido,Independiente Evolución Política,NO
Diputado,82,Macarena Cornejo Fuentes,Metropolitana De Santiago,Distrito 11,J. Chile Grande y Unido,Evolución Política,NO
Diputado,83,Christian Gomez Diaz,Metropolitana De Santiago,Distrito 14,J. Chile Grande y Unido,Independiente Unión Demócrata Independiente,NO
Diputado,83,Diego Schalper Sepulveda,Metropolitana De Santiago,Distrito 11,J. Chile Grande y Unido,Renovación Nacional,SI
Diputado,83,Javier Crasemann Alfonso,De Valparaiso,Distrito 6,J. Chile Grande y Unido,Independiente Unión Demócrata Independiente,NO
Diputado,83,Juan De Dios Valdivieso Tagle,Del Libertador General Bernardo O'Higgins,Distrito 15,J. Chile Grande y Unido,Renovación Nacional,NO
Diputado,84,Catalina Otero Perez,De Valparaiso,Distrito 6,J. Chile Grande y Unido,Independiente Unión Demócrata Independiente,NO
Diputado,84,Claudia Castro Gutierrez,Metropolitana De Santiago,Distrito 14,J. Chile Grande y Unido,Independiente Unión Demócrata Independiente,NO
Diputado,84,Claudia Mora Vega,Metropolitana De Santiago,Distrito 11,J. Chile Grande y Unido,Renovación Nacional,SI
Diputado,84,Pia Margarit Bahamonde,Del Libertador General Bernardo O'Higgins,Distrito 15,J. Chile Grande y Unido,Unión Demócrata Independiente,NO
Diputado,85,Alejandra Novoa Sandoval,Metropolitana De Santiago,Distrito 14,J. Chile Grande y Unido,Renovación Nacional,NO
Diputado,85,Jorge Galdames Horostica,Metropolitana De Santiago,Distrito 8,J. Chile Grande y Unido,Demócratas Chile,NO
Diputado,85,Natalia Romero Talguia,Del Libertador General Bernardo O'Higgins,Distrito 15,J. Chile Grande y Unido,Independiente Unión Demócrata Independiente,SI
Diputado,85,Percy Carter Morong,Metropolitana De Santiago,Distrito 11,J. Chile Grande y Unido,Independiente Demócratas Chile,NO
Diputado,85,Viviana Nuñez Carrasco,De Valparaiso,Distrito 6,J. Chile Grande y Unido,Unión Demócrata Independiente,NO
Diputado,86,Carlos Ward Edwards,Metropolitana De Santiago,Distrito 11,J. Chile Grande y Unido,Unión Demócrata Independiente,NO
Diputado,86,Gonzalo Egas Pourailly,Metropolitana De Santiago,Distrito 8,J. Chile Grande y Unido,Demócratas Chile,NO
Diputado,86,Pablo Mira Hurtado,Metropolitana De Santiago,Distrito 14,J. Chile Grande y Unido,Renovación Nacional,NO
Diputado,87,Constanza Hube Portus,Metropolitana De Santiago,Distrito 11,J. Chile Grande y Unido,Unión Demócrata Independiente,SI
Diputado,87,Elizabeth Carrasco Urrutia,Metropolitana De Santiago,Distrito 8,J. Chile Grande y Unido,Demócratas Chile,NO
Diputado,87,Pablo Herrera Rogers,Metropolitana De Santiago,Distrito 14,J. Chile Grande y Unido,Independiente Renovación Nacional,NO
Diputado,88,Andres Celis Montt,De Valparaiso,Distrito 7,J. Chile Grande y Unido,Renovación Nacional,SI
Diputado,88,Guillermo Ramirez Diez,Metropolitana De Santiago,Distrito 9,J. Chile Grande y Unido,Unión Demócrata Independiente,SI
Diputado,88,Rosa Oyarce Suazo,Metropolitana De Santiago,Distrito 8,J. Chile Grande y Unido,Renovación Nacional,NO
Diputado,88,Trinidad Biggs Montaner,Metropolitana De Santiago,Distrito 14,J. Chile Grande y Unido,Evolución Política,NO
Diputado,88,Ximena Ossandon Irarrazabal,Metropolitana De Santiago,Distrito 12,J. Chile Grande y Unido,Renovación Nacional,SI
Diputado,89,Cesar Vega Lazo,Metropolitana De Santiago,Distrito 8,J. Chile Grande y Unido,Renovación Nacional,NO
Diputado,89,Cristobal Martinez Ramirez,De Ñuble,Distrito 19,J. Chile Grande y Unido,Unión Demócrata Independiente,SI
Diputado,89,Jose Miguel Gonzalez Zapata,Metropolitana De Santiago,Distrito 9,J. Chile Grande y Unido,Unión Demócrata Independiente,NO
Diputado,89,Marco Antonio Sulantay Olivares,De Coquimbo,Distrito 5,J. Chile Grande y Unido,Unión Demócrata Independiente,SI
Diputado,89,Paola Romero Llanos,Metropolitana De Santiago,Distrito 12,J. Chile Grande y Unido,Independiente Renovación Nacional,NO
Diputado,89,Samira Chahuan Akle,De Valparaiso,Distrito 7,J. Chile Grande y Unido,Renovación Nacional,NO
Diputado,90,Erika Olivera De La Fuente,Metropolitana De Santiago,Distrito 9,J. Chile Grande y Unido,Demócratas Chile,NO
Diputado,90,Hugo Estrella Muñoz,Metropolitana De Santiago,Distrito 12,J. Chile Grande y Unido,Renovación Nacional,NO
Diputado,90,Juan Manuel Fuenzalida Cobo,De Coquimbo,Distrito 5,J. Chile Grande y Unido,Unión Demócrata Independiente,NO
Diputado,90,Leopoldo Moreno Contardo,De Valparaiso,Distrito 7,J. Chile Grande y Unido,Independiente Renovación Nacional,NO
Diputado,90,Marta Bravo Salinas,De Ñuble,Distrito 19,J. Chile Grande y Unido,Unión Demócrata Independiente,NO
Diputado,90,Nataly Ortuzar Mendez,Metropolitana De Santiago,Distrito 8,J. Chile Grande y Unido,Renovación Nacional,NO
Diputado,90,Tomas Kast Sommerhoff,De La Araucania,Distrito 23,J. Chile Grande y Unido,Evolución Política,SI
Diputado,91,Carlos Mondaca Matzner,De Valparaiso,Distrito 7,J. Chile Grande y Unido,Independiente Evolución Política,NO
Diputado,91,Claudia Salas Melinao,De La Araucania,Distrito 23,J. Chile Grande y Unido,Independiente Evolución Política,NO
Diputado,91,Frank Sauerbaum Muñoz,De Ñuble,Distrito 19,J. Chile Grande y Unido,Renovación Nacional,NO
Diputado,91,Giannina Gonzalez Michea,De Coquimbo,Distrito 5,J. Chile Grande y Unido,Renovación Nacional,NO
Diputado,91,Paz Ortuzar Fuenzalida,Metropolitana De Santiago,Distrito 12,J. Chile Grande y Unido,Independiente Unión Demócrata Independiente,NO
Diputado,91,Sebastian Keitel Rondon,Metropolitana De Santiago,Distrito 8,J. Chile Grande y Unido,Independiente Unión Demócrata Independiente,NO
Diputado,91,Veronica Montecinos Ortiz,Metropolitana De Santiago,Distrito 9,J. Chile Grande y Unido,Demócratas Chile,NO
Diputado,92,Aldo Duque Santos,Metropolitana De Santiago,Distrito 9,J. Chile Grande y Unido,Independiente Renovación Nacional,NO
Diputado,92,Beatriz Lagos Campos,Metropolitana De Santiago,Distrito 8,J. Chile Grande y Unido,Unión Demócrata Independiente,NO
Diputado,92,Carlos Chandia Alarcon,De Ñuble,Distrito 19,J. Chile Grande y Unido,Renovación Nacional,SI
Diputado,92,Claudia Rasso Socias,Metropolitana De Santiago,Distrito 12,J. Chile Grande y Unido,Independiente Unión Demócrata Independiente,NO
Diputado,92,Ignacia Gomez Martinez,De La Araucania,Distrito 23,J. Chile Grande y Unido,Independiente Demócratas Chile,NO
Diputado,92,Jorge Garces Rojas,De Valparaiso,Distrito 7,J. Chile Grande y Unido,Independiente Evolución Política,NO
Diputado,92,Roberto Vega Campusano,De Coquimbo,Distrito 5,J. Chile Grande y Unido,Renovación Nacional,NO
Diputado,93,Anibal Pinto Ferrada,Metropolitana De Santiago,Distrito 12,J. Chile Grande y Unido,Unión Demócrata Independiente,NO
Diputado,93,Axel Gonzalez Manquein,De La Araucania,Distrito 23,J. Chile Grande y Unido,Independiente Demócratas Chile,NO
Diputado,93,Maria Elena Barco Sanchez,Metropolitana De Santiago,Distrito 9,J. Chile Grande y Unido,Renovación Nacional,NO
Diputado,93,Mario Olavarria Rodriguez,Metropolitana De Santiago,Distrito 8,J. Chile Grande y Unido,Unión Demócrata Independiente,SI
Diputado,93,Marlen Olivari Mayer,De Valparaiso,Distrito 7,J. Chile Grande y Unido,Independiente Evolución Política,NO
Diputado,93,Patricio Caamaño Viveros,De Ñuble,Distrito 19,J. Chile Grande y Unido,Independiente Demócratas Chile,NO
Diputado,93,Rosetta Paris Avalos,De Coquimbo,Distrito 5,J. Chile Grande y Unido,Evolución Política,NO
Diputado,94,Felipe Vidal Cuevas,Metropolitana De Santiago,Distrito 9,J. Chile Grande y Unido,Independiente Evolución Política,NO
Diputado,94,Genoveva Sepulveda Venegas,De La Araucania,Distrito 23,J. Chile Grande y Unido,Unión Demócrata Independiente,NO
Diputado,94,Johana Concha Ortiz,Metropolitana De Santiago,Distrito 12,J. Chile Grande y Unido,Demócratas Chile,NO
Diputado,94,Jorge Castro Muñoz,De Valparaiso,Distrito 7,J. Chile Grande y Unido,Unión Demócrata Independiente,NO
Diputado,94,Jorge Sabag Villalobos,De Ñuble,Distrito 19,J. Chile Grande y Unido,Independiente Demócratas Chile,NO
Diputado,94,Rodrigo Orrego Galvez,De Coquimbo,Distrito 5,J. Chile Grande y Unido,Evolución Política,NO
Diputado,94,Sergio Bobadilla Muñoz,Del Biobio,Distrito 20,J. Chile Grande y Unido,Unión Demócrata Independiente,SI
Diputado,95,Francisco Martinez Rivera,De Coquimbo,Distrito 5,J. Chile Grande y Unido,Demócratas Chile,NO
Diputado,95,German Vergara Lagos,De La Araucania,Distrito 23,J. Chile Grande y Unido,Unión Demócrata Independiente,NO
Diputado,95,Jonathan Barrera Guajardo,Metropolitana De Santiago,Distrito 12,J. Chile Grande y Unido,Demócratas Chile,NO
Diputado,95,Juan Manuel Santa Cruz Campaña,Metropolitana De Santiago,Distrito 9,J. Chile Grande y Unido,Evolución Política,NO
Diputado,95,Macarena Urenda Salamanca,De Valparaiso,Distrito 7,J. Chile Grande y Unido,Unión Demócrata Independiente,NO
Diputado,95,Marlene Perez Cartes,Del Biobio,Distrito 20,J. Chile Grande y Unido,Independiente Unión Demócrata Independiente,SI
Diputado,96,Henry Campos Coa,Del Biobio,Distrito 20,J. Chile Grande y Unido,Unión Demócrata Independiente,NO
Diputado,96,Hotuiti Teao Drago,De Valparaiso,Distrito 7,J. Chile Grande y Unido,Independiente Unión Demócrata Independiente,SI
Diputado,96,Rene Manuel Garcia Garcia,De La Araucania,Distrito 23,J. Chile Grande y Unido,Renovación Nacional,SI
Diputado,96,Victor Pino Fuentes,De Coquimbo,Distrito 5,J. Chile Grande y Unido,Demócratas Chile,NO
Diputado,97,Luciano Silva Mora,Del Biobio,Distrito 20,J. Chile Grande y Unido,Renovación Nacional,NO
Diputado,97,Pedro Duran Sanhueza,De La Araucania,Distrito 23,J. Chile Grande y Unido,Renovación Nacional,NO
Diputado,98,Robert Contreras Reyes,Del Biobio,Distrito 20,J. Chile Grande y Unido,Renovación Nacional,NO
Diputado,99,Mirtha Encina Ovalle,Del Biobio,Distrito 20,J. Chile Grande y Unido,Renovación Nacional,NO
Diputado,100,Anita Escobar Gattas,Metropolitana De Santiago,Distrito 8,K. Cambio por Chile,Independiente Nacional Libertario,NO
Diputado,100,Claudia Stambuk Mardones,De La Araucania,Distrito 23,K. Cambio por Chile,Nacional Libertario,NO
Diputado,100,Erich Grohs Marin,De Coquimbo,Distrito 5,K. Cambio por Chile,Nacional Libertario,SI
Diputado,100,Freddy Blanc Sperberg,De Ñuble,Distrito 19,K. Cambio por Chile,Nacional Libertario,NO
Diputado,100,Margarita Garrido Acevedo,Metropolitana De Santiago,Distrito 9,K. Cambio por Chile,Nacional Libertario,NO
Diputado,100,Maria Isabel Saez Vila,Metropolitana De Santiago,Distrito 12,K. Cambio por Chile,Nacional Libertario,NO
Diputado,100,Sebastian Zamora Soto,De Valparaiso,Distrito 7,K. Cambio por Chile,Independiente Republicano de Chile,SI
Diputado,101,Andres Arce Bustos,Metropolitana De Santiago,Distrito 12,K. Cambio por Chile,Nacional Libertario,NO
Diputado,101,Claudia Pichulman Cuadra,De La Araucania,Distrito 23,K. Cambio por Chile,Nacional Libertario,NO
Diputado,101,Constanza Peña Contreras,De Coquimbo,Distrito 5,K. Cambio por Chile,Nacional Libertario,NO
Diputado,101,Jaime Morales Otarola,De Valparaiso,Distrito 7,K. Cambio por Chile,Independiente Nacional Libertario,NO
Diputado,101,Juan Carlos Gomez Escobar,Metropolitana De Santiago,Distrito 8,K. Cambio por Chile,Nacional Libertario,NO
Diputado,101,Valeska Oyarce Peña,Metropolitana De Santiago,Distrito 9,K. Cambio por Chile,Social Cristiano,NO
Diputado,102,Alberto Seguel Mena,Metropolitana De Santiago,Distrito 9,K. Cambio por Chile,Social Cristiano,NO
Diputado,102,Macarena Santelices Cañas,Metropolitana De Santiago,Distrito 12,K. Cambio por Chile,Republicano de Chile,SI
Diputado,102,Maria Soledad Robles Espinosa,De Coquimbo,Distrito 5,K. Cambio por Chile,Nacional Libertario,NO
Diputado,102,Pedro Schwedelbach Puga,De Valparaiso,Distrito 7,K. Cambio por Chile,Nacional Libertario,NO
Diputado,102,Pier Karlezi Hazleby,Metropolitana De Santiago,Distrito 8,K. Cambio por Chile,Nacional Libertario,SI
Diputado,102,Rodolfo Valenzuela Pardo,De La Araucania,Distrito 23,K. Cambio por Chile,Nacional Libertario,NO
Diputado,103,Alejandra Carrasco Perez,De Valparaiso,Distrito 7,K. Cambio por Chile,Nacional Libertario,NO
Diputado,103,Alvaro Carter Fernandez,Metropolitana De Santiago,Distrito 12,K. Cambio por Chile,Republicano de Chile,SI
Diputado,103,Carolina Garate Vergara,Metropolitana De Santiago,Distrito 9,K. Cambio por Chile,Social Cristiano,NO
Diputado,103,Francesca Muñoz Gonzalez,Del Biobio,Distrito 20,K. Cambio por Chile,Social Cristiano,SI
Diputado,103,Miguel Sanzana Villablanca,De La Araucania,Distrito 23,K. Cambio por Chile,Social Cristiano,NO
Diputado,103,Veronica Pizarro Garcia,De Coquimbo,Distrito 5,K. Cambio por Chile,Republicano de Chile,NO
Diputado,104,Barbara Vera Sepulveda,De Valparaiso,Distrito 7,K. Cambio por Chile,Social Cristiano,NO
Diputado,104,Jose Bravo Burgos,De La Araucania,Distrito 23,K. Cambio por Chile,Independiente Social Cristiano,NO
Diputado,104,Pamela Rishmague Buzzo,De Coquimbo,Distrito 5,K. Cambio por Chile,Republicano de Chile,NO
Diputado,104,Roberto Arroyo Muñoz,Del Biobio,Distrito 20,K. Cambio por Chile,Social Cristiano,SI
Diputado,105,Antaris Varela Compagnon,Del Biobio,Distrito 20,K. Cambio por Chile,Social Cristiano,NO
Diputado,105,Jorge Sepulveda Rosales,De La Araucania,Distrito 23,K. Cambio por Chile,Social Cristiano,NO
Diputado,105,Juan Alberto Sepulveda Quezada,De Valparaiso,Distrito 7,K. Cambio por Chile,Social Cristiano,NO
Diputado,106,Jessica Flores Reyes,Del Biobio,Distrito 20,K. Cambio por Chile,Social Cristiano,NO
Diputado,107,Gabriel Torres Hermosilla,Del Biobio,Distrito 20,K. Cambio por Chile,Independiente Social Cristiano,NO
Diputado,108,Reinaldo Gonzalez Mariangel,Del Biobio,Distrito 20,K. Cambio por Chile,Nacional Libertario,NO
Diputado,109,Jimena Figueroa Negron,Del Biobio,Distrito 20,K. Cambio por Chile,Nacional Libertario,NO
Diputado,110,James Argo Chavez,Del Biobio,Distrito 20,K. Cambio por Chile,Republicano de Chile,NO
Diputado,111,Paz Charpentier Rajcevich,Del Biobio,Distrito 20,K. Cambio por Chile,Republicano de Chile,SI
Diputado,113,Hans Marowski Cuevas,Metropolitana De Santiago,Distrito 10,K. Cambio por Chile,Nacional Libertario,SI
Diputado,114,Leticia Araya Ahumada,Metropolitana De Santiago,Distrito 10,K. Cambio por Chile,Nacional Libertario,NO
Diputado,115,Franco Frias Gutierrez,Metropolitana De Santiago,Distrito 10,K. Cambio por Chile,Nacional Libertario,NO
Diputado,116,Evelyn Hernandez Flores,Metropolitana De Santiago,Distrito 10,K. Cambio por Chile,Nacional Libertario,NO
Diputado,117,Jean Bonvallet Setti,Metropolitana De Santiago,Distrito 10,K. Cambio por Chile,Independiente Social Cristiano,NO
Diputado,118,Gino Lorenzini Barrios,Metropolitana De Santiago,Distrito 10,K. Cambio por Chile,Independiente Social Cristiano,NO
Diputado,119,Matias Bellolio Merino,Metropolitana De Santiago,Distrito 10,K. Cambio por Chile,Republicano de Chile,NO
Diputado,120,Abigail Aburto Cardenas,Metropolitana De Santiago,Distrito 10,K. Cambio por Chile,Independiente Republicano de Chile,NO
Diputado,121,Jose Antonio Kast Adriasola,Metropolitana De Santiago,Distrito 10,K. Cambio por Chile,Republicano de Chile,SI
Senador,16,Manuel Anabalon Jeldres,De Aysen Del General Carlos Ibañez Del Campo,Circunscripción Senatorial 14,K. Cambio por Chile,Independiente Social Cristiano,NO
Senador,17,Belen Oyarzun Eihhorst,De Aysen Del General Carlos Ibañez Del Campo,Circunscripción Senatorial 14,K. Cambio por Chile,Republicano de Chile,NO
Senador,18,Felipe Henriquez Raglianti,De Aysen Del General Carlos Ibañez Del Campo,Circunscripción Senatorial 14,K. Cambio por Chile,Independiente Nacional Libertario,NO
Senador,19,Sofia Cid Versalovic,De Atacama,Circunscripción Senatorial 4,K. Cambio por Chile,Republicano de Chile,NO
Senador,20,Ulises Carabantes Ahumada,De Atacama,Circunscripción Senatorial 4,K. Cambio por Chile,Republicano de Chile,NO
Senador,21,Milka Del Canto Urrelo,De Atacama,Circunscripción Senatorial 4,K. Cambio por Chile,Independiente Social Cristiano,NO
Senador,21,Renzo Trisotti Martinez,De Tarapaca,Circunscripción Senatorial 2,K. Cambio por Chile,Republicano de Chile,NO
Senador,22,Irene Mamani Lovera,De Arica Y Parinacota,Circunscripción Senatorial 1,K. Cambio por Chile,Nacional Libertario,NO
Senador,22,Karen Heyne Bolados,De Tarapaca,Circunscripción Senatorial 2,K. Cambio por Chile,Republicano de Chile,NO
Senador,23,Solange Jimenez Dinamarca,De Tarapaca,Circunscripción Senatorial 2,K. Cambio por Chile,Social Cristiano,NO
Senador,29,Vanessa Kaiser Barents-Von Hohenhagen,De La Araucania,Circunscripción Senatorial 11,K. Cambio por Chile,Nacional Libertario,NO
Senador,30,Cesar Vargas Zurita,De La Araucania,Circunscripción Senatorial 11,K. Cambio por Chile,Nacional Libertario,NO
Senador,31,Anita De Arzumendi Cifuentes,De La Araucania,Circunscripción Senatorial 11,K. Cambio por Chile,Social Cristiano,NO
Senador,31,Arturo Squella Ovalle,De Valparaiso,Circunscripción Senatorial 6,K. Cambio por Chile,Republicano de Chile,NO
Senador,32,Alberto Soto Valenzuela,De Valparaiso,Circunscripción Senatorial 6,K. Cambio por Chile,Independiente Republicano de Chile,NO
Senador,32,Pablo Becker Vasquez,De La Araucania,Circunscripción Senatorial 11,K. Cambio por Chile,Social Cristiano,NO
Senador,33,Ruth Hurtado Olave,De La Araucania,Circunscripción Senatorial 11,K. Cambio por Chile,Republicano de Chile,NO
Senador,33,Soledad Loyola Vera,De Valparaiso,Circunscripción Senatorial 6,K. Cambio por Chile,Republicano de Chile,NO
Senador,34,Juan Castro Prieto,Del Maule,Circunscripción Senatorial 9,K. Cambio por Chile,Social Cristiano,NO
Senador,34,Julio Martinez Colina,De Valparaiso,Circunscripción Senatorial 6,K. Cambio por Chile,Nacional Libertario,NO
Senador,34,Rodolfo Carter Fernandez,De La Araucania,Circunscripción Senatorial 11,K. Cambio por Chile,Independiente Republicano de Chile,NO
Senador,35,Camila Soto Rodriguez,Del Maule,Circunscripción Senatorial 9,K. Cambio por Chile,Social Cristiano,NO
Senador,35,Veronica Vega Orellana,De Valparaiso,Circunscripción Senatorial 6,K. Cambio por Chile,Nacional Libertario,NO
Senador,36,Esteban Barahona Contreras,De Valparaiso,Circunscripción Senatorial 6,K. Cambio por Chile,Social Cristiano,NO
Senador,36,Felipe Gonzalez Lopez,Del Maule,Circunscripción Senatorial 9,K. Cambio por Chile,Social Cristiano,NO
Senador,37,Ignacio Urrutia Bonilla,Del Maule,Circunscripción Senatorial 9,K. Cambio por Chile,Republicano de Chile,NO
Senador,38,Cristian Vial Maceratta,Del Maule,Circunscripción Senatorial 9,K. Cambio por Chile,Independiente Republicano de Chile,NO
Senador,39,Pablo Catalan Ramirez,Del Maule,Circunscripción Senatorial 9,K. Cambio por Chile,Nacional Libertario,NO
Diputado,63,Alejandro Riquelme Ducci,De Magallanes Y De La Antartica Chilena,Distrito 28,K. Cambio por Chile,Republicano de Chile,SI
Diputado,64,Cristian Borquez Acuña,De Aysen Del General Carlos Ibañez Del Campo,Distrito 27,K. Cambio por Chile,Nacional Libertario,NO
Diputado,64,Juan Srdanovic Arcos,De Magallanes Y De La Antartica Chilena,Distrito 28,K. Cambio por Chile,Independiente Republicano de Chile,NO
Diputado,65,Javiera Calvo Rifo,De Magallanes Y De La Antartica Chilena,Distrito 28,K. Cambio por Chile,Social Cristiano,NO
Diputado,65,Jorge Perez Urra,De Aysen Del General Carlos Ibañez Del Campo,Distrito 27,K. Cambio por Chile,Social Cristiano,NO
Diputado,66,Jaime Ceballos Vergara,De Aysen Del General Carlos Ibañez Del Campo,Distrito 27,K. Cambio por Chile,Republicano de Chile,NO
Diputado,66,Jorge Muñoz Oyarce,De Tarapaca,Distrito 2,K. Cambio por Chile,Republicano de Chile,NO
Diputado,66,Ramon Aguilar Tobar,De Magallanes Y De La Antartica Chilena,Distrito 28,K. Cambio por Chile,Nacional Libertario,NO
Diputado,67,Cristian Cabezas Mundaca,De Tarapaca,Distrito 2,K. Cambio por Chile,Social Cristiano,NO
Diputado,68,Alvaro Jofre Caceres,De Tarapaca,Distrito 2,K. Cambio por Chile,Nacional Libertario,SI
Diputado,69,Agustin Rendic Galleguillos,De Tarapaca,Distrito 2,K. Cambio por Chile,Nacional Libertario,NO
Diputado,71,Genesis Veloso Lobos,Del Maule,Distrito 18,K. Cambio por Chile,Social Cristiano,NO
Diputado,71,Sebastian Cristi Alfonso,De Los Lagos,Distrito 25,K. Cambio por Chile,Nacional Libertario,NO
Diputado,71,Sebastian Cristoffanini Jaraquemada,Del Libertador General Bernardo O'Higgins,Distrito 16,K. Cambio por Chile,Republicano de Chile,SI
Diputado,72,Cristobal Garcia Ogaz,Del Maule,Distrito 18,K. Cambio por Chile,Republicano de Chile,NO
Diputado,72,Marcelo Zara Pizarro,De Arica Y Parinacota,Distrito 1,K. Cambio por Chile,Nacional Libertario,NO
Diputado,72,Maria Del Pilar Zuñiga Zamorano,Del Libertador General Bernardo O'Higgins,Distrito 16,K. Cambio por Chile,Republicano de Chile,NO
Diputado,72,Paulina Muñoz Minte,De Los Lagos,Distrito 25,K. Cambio por Chile,Nacional Libertario,SI
Diputado,73,Daniel Bustos Leal,Del Maule,Distrito 18,K. Cambio por Chile,Republicano de Chile,SI
Diputado,73,Jose Lee Rodriguez,De Arica Y Parinacota,Distrito 1,K. Cambio por Chile,Social Cristiano,NO
Diputado,73,Karen Berrios Guerra,De Los Lagos,Distrito 25,K. Cambio por Chile,Republicano de Chile,NO
Diputado,73,Luis Bustamante Moraga,Del Libertador General Bernardo O'Higgins,Distrito 16,K. Cambio por Chile,Nacional Libertario,NO
Diputado,73,Tamar Muñoz Sepulveda,De Los Rios,Distrito 24,K. Cambio por Chile,Social Cristiano,NO
Diputado,74,Andrea Iturriaga Hewstone,De Los Lagos,Distrito 25,K. Cambio por Chile,Independiente Republicano de Chile,NO
Diputado,74,Claudia Reyes Larenas,De Los Lagos,Distrito 26,K. Cambio por Chile,Republicano de Chile,SI
Diputado,74,Cristian Menchaca Pinochet,Del Maule,Distrito 18,K. Cambio por Chile,Independiente Republicano de Chile,SI
Diputado,74,Francisco Avaria Marraccini,Del Libertador General Bernardo O'Higgins,Distrito 16,K. Cambio por Chile,Social Cristiano,NO
Diputado,74,Luis Gaete Alvarez,De Los Rios,Distrito 24,K. Cambio por Chile,Nacional Libertario,NO
Diputado,74,Stephanie Jeldrez Ortiz,De Arica Y Parinacota,Distrito 1,K. Cambio por Chile,Republicano de Chile,SI
Diputado,75,Carlos Seitz Aspee,De Los Lagos,Distrito 26,K. Cambio por Chile,Republicano de Chile,NO
Diputado,75,Joaquin Morales Gomez,Del Maule,Distrito 18,K. Cambio por Chile,Nacional Libertario,NO
Diputado,75,Leandro Kunstmann Collado,De Los Rios,Distrito 24,K. Cambio por Chile,Republicano de Chile,SI
Diputado,75,Pollyana Rivera Bigas,De Arica Y Parinacota,Distrito 1,K. Cambio por Chile,Republicano de Chile,NO
Diputado,76,Gloria Naveillan Arriagada,De La Araucania,Distrito 22,K. Cambio por Chile,Nacional Libertario,SI
Diputado,76,Maria Soledad Lorca Sau,De Los Lagos,Distrito 26,K. Cambio por Chile,Nacional Libertario,NO
Diputado,76,Paulina Hernandez Valderrama,De Los Rios,Distrito 24,K. Cambio por Chile,Republicano de Chile,NO
Diputado,77,Marcelo Castillo Aldunate,De Los Lagos,Distrito 26,K. Cambio por Chile,Nacional Libertario,NO
Diputado,77,Victor Badilla Urra,De La Araucania,Distrito 22,K. Cambio por Chile,Nacional Libertario,NO
Diputado,78,Ignacio Urcullu Clement-Lund,De Atacama,Distrito 4,K. Cambio por Chile,Republicano de Chile,SI
Diputado,78,Marco Melo Hernandez,De Los Lagos,Distrito 26,K. Cambio por Chile,Social Cristiano,NO
Diputado,78,Roberto Quintana Burgos,De La Araucania,Distrito 22,K. Cambio por Chile,Social Cristiano,NO
Diputado,79,Cristobal Urruticoechea Rios,Del Biobio,Distrito 21,K. Cambio por Chile,Nacional Libertario,SI
Diputado,79,Felipe Martinez Reyes,De La Araucania,Distrito 22,K. Cambio por Chile,Republicano de Chile,NO
Diputado,79,Natacha Rivas Morales,De Los Lagos,Distrito 26,K. Cambio por Chile,Social Cristiano,NO
Diputado,79,Susana Hiplan Esteffan,De Atacama,Distrito 4,K. Cambio por Chile,Republicano de Chile,NO
Diputado,80,Deborah Negrete Plaza,De La Araucania,Distrito 22,K. Cambio por Chile,Independiente Republicano de Chile,NO
Diputado,80,Evelyn Caamaño Gonzalez,Del Biobio,Distrito 21,K. Cambio por Chile,Nacional Libertario,NO
Diputado,80,Karina Palleres Guzman,De Atacama,Distrito 4,K. Cambio por Chile,Republicano de Chile,NO
Diputado,81,Benjamin Moreno Bascur,Del Maule,Distrito 17,K. Cambio por Chile,Republicano de Chile,SI
Diputado,81,Daniela Gallegos Porcile,De Atacama,Distrito 4,K. Cambio por Chile,Social Cristiano,NO
Diputado,81,Fernando Peña Rivera,Del Biobio,Distrito 21,K. Cambio por Chile,Republicano de Chile,NO
Diputado,82,Greis Parada Rojas,Del Maule,Distrito 17,K. Cambio por Chile,Republicano de Chile,NO
Diputado,82,Luis Nuñez Barrientos,De Atacama,Distrito 4,K. Cambio por Chile,Nacional Libertario,NO
Diputado,82,Solange Etchepare Lacoste,Del Biobio,Distrito 21,K. Cambio por Chile,Independiente Republicano de Chile,NO
Diputado,82,Yovana Ahumada Palma,De Antofagasta,Distrito 3,K. Cambio por Chile,Social Cristiano,NO
Diputado,83,Bernardo Fontaine Montero,Del Maule,Distrito 17,K. Cambio por Chile,Independiente Republicano de Chile,NO
Diputado,83,Carolina Moscoso Carrasco,De Antofagasta,Distrito 3,K. Cambio por Chile,Social Cristiano,NO
Diputado,83,Felipe Ross Correa,Metropolitana De Santiago,Distrito 13,K. Cambio por Chile,Republicano de Chile,SI
Diputado,83,Ivania Paola Rojas Castillo,Del Biobio,Distrito 21,K. Cambio por Chile,Social Cristiano,NO
Diputado,83,Margarita Contreras Rios,De Atacama,Distrito 4,K. Cambio por Chile,Nacional Libertario,NO
Diputado,84,Leslie Moll Vera,De Antofagasta,Distrito 3,K. Cambio por Chile,Social Cristiano,NO
Diputado,84,Mario Caraves Heck,Del Maule,Distrito 17,K. Cambio por Chile,Nacional Libertario,NO
Diputado,84,Patricio Badilla Cofre,Del Biobio,Distrito 21,K. Cambio por Chile,Social Cristiano,NO
Diputado,84,Valentina Becerra Peña,Metropolitana De Santiago,Distrito 13,K. Cambio por Chile,Republicano de Chile,SI
Diputado,85,Adriana Jimenez Retamal,De Antofagasta,Distrito 3,K. Cambio por Chile,Nacional Libertario,NO
Diputado,85,German Verdugo Soto,Del Maule,Distrito 17,K. Cambio por Chile,Nacional Libertario,SI
Diputado,85,Taryn Coopman Palavicino,Metropolitana De Santiago,Distrito 13,K. Cambio por Chile,Nacional Libertario,NO
Diputado,86,Carlo Arqueros Pizarro,De Antofagasta,Distrito 3,K. Cambio por Chile,Republicano de Chile,SI
Diputado,86,Chiara Barchiesi Chavez,De Valparaiso,Distrito 6,K. Cambio por Chile,Republicano de Chile,SI
Diputado,86,Oscar Calfileo Castro,Metropolitana De Santiago,Distrito 13,K. Cambio por Chile,Nacional Libertario,NO
Diputado,86,Patricio Arenas Roman,Del Libertador General Bernardo O'Higgins,Distrito 15,K. Cambio por Chile,Social Cristiano,NO
Diputado,86,Patricio Lineros Gonzalez,Del Maule,Distrito 17,K. Cambio por Chile,Social Cristiano,NO
Diputado,87,Benjamin Lorca Inzunza,De Valparaiso,Distrito 6,K. Cambio por Chile,Republicano de Chile,SI
Diputado,87,Bernardo Vasquez Bobadilla,Del Maule,Distrito 17,K. Cambio por Chile,Social Cristiano,NO
Diputado,87,Cristian Vivian Troncoso,Metropolitana De Santiago,Distrito 13,K. Cambio por Chile,Social Cristiano,NO
Diputado,87,Paula Muñoz Carrasco,Del Libertador General Bernardo O'Higgins,Distrito 15,K. Cambio por Chile,Social Cristiano,NO
Diputado,87,Silvana Ubillo Rojas,De Antofagasta,Distrito 3,K. Cambio por Chile,Republicano de Chile,NO
Diputado,88,Cristian Araya Lerdo De Tejada,Metropolitana De Santiago,Distrito 11,K. Cambio por Chile,Republicano de Chile,SI
Diputado,88,Daniel Tapia Mella,Metropolitana De Santiago,Distrito 13,K. Cambio por Chile,Independiente Social Cristiano,NO
Diputado,88,Fernanda Aguirre Torres,Del Maule,Distrito 17,K. Cambio por Chile,Social Cristiano,NO
Diputado,88,Fernando Ugarte Tejeda,Del Libertador General Bernardo O'Higgins,Distrito 15,K. Cambio por Chile,Republicano de Chile,SI
Diputado,88,Manuel Millones Chirino,De Valparaiso,Distrito 6,K. Cambio por Chile,Independiente Republicano de Chile,NO
Diputado,89,Catalina Del Real Mihovilovic,Metropolitana De Santiago,Distrito 11,K. Cambio por Chile,Republicano de Chile,SI
Diputado,89,Emiliano Garcia Bobadilla,Del Libertador General Bernardo O'Higgins,Distrito 15,K. Cambio por Chile,Republicano de Chile,NO
Diputado,89,Juan Irarrazaval Rossel,Metropolitana De Santiago,Distrito 14,K. Cambio por Chile,Republicano de Chile,SI
Diputado,89,Marlene Gonzalez Ahumada,De Valparaiso,Distrito 6,K. Cambio por Chile,Social Cristiano,NO
Diputado,90,Christian Vargas Paredes,Del Libertador General Bernardo O'Higgins,Distrito 15,K. Cambio por Chile,Nacional Libertario,NO
Diputado,90,Diego Vergara Rodriguez,Metropolitana De Santiago,Distrito 14,K. Cambio por Chile,Republicano de Chile,SI
Diputado,90,Pedro Lea-Plaza Edwards,Metropolitana De Santiago,Distrito 11,K. Cambio por Chile,Republicano de Chile,NO
Diputado,90,Rodolfo Ponce Vargas,De Valparaiso,Distrito 6,K. Cambio por Chile,Independiente Social Cristiano,NO
Diputado,91,Annemarie Muller During,Metropolitana De Santiago,Distrito 14,K. Cambio por Chile,Republicano de Chile,NO
Diputado,91,Javiera Moreno Cerpa,Del Libertador General Bernardo O'Higgins,Distrito 15,K. Cambio por Chile,Nacional Libertario,NO
Diputado,91,Jose Vallejo Knockaert,De Valparaiso,Distrito 6,K. Cambio por Chile,Nacional Libertario,NO
Diputado,91,Michel Cartes Zuñiga,Metropolitana De Santiago,Distrito 11,K. Cambio por Chile,Social Cristiano,NO
Diputado,92,Cristian Daly Dagorret,Metropolitana De Santiago,Distrito 11,K. Cambio por Chile,Nacional Libertario,NO
Diputado,92,Juan Molina Romo,Metropolitana De Santiago,Distrito 14,K. Cambio por Chile,Social Cristiano,NO
Diputado,92,Soledad Calvo Herrera,De Valparaiso,Distrito 6,K. Cambio por Chile,Nacional Libertario,NO
Diputado,93,Carlos Alarcon Castro,Metropolitana De Santiago,Distrito 11,K. Cambio por Chile,Nacional Libertario,NO
Diputado,93,Carlos Barberis Avendaño,Metropolitana De Santiago,Distrito 14,K. Cambio por Chile,Social Cristiano,NO
Diputado,93,Veronica Becerra Vergara,De Valparaiso,Distrito 6,K. Cambio por Chile,Nacional Libertario,NO
Diputado,94,Agustin Romero Leiva,Metropolitana De Santiago,Distrito 8,K. Cambio por Chile,Republicano de Chile,SI
Diputado,94,Claudia Ormeño Urra,Metropolitana De Santiago,Distrito 14,K. Cambio por Chile,Nacional Libertario,NO
Diputado,94,Jorge Villarroel Perez,De Valparaiso,Distrito 6,K. Cambio por Chile,Nacional Libertario,NO
Diputado,94,Maria Carolina Cotapos Mardones,Metropolitana De Santiago,Distrito 11,K. Cambio por Chile,Nacional Libertario,NO
Diputado,95,Enrique Bassaletti Riess,Metropolitana De Santiago,Distrito 8,K. Cambio por Chile,Independiente Republicano de Chile,SI
Diputado,95,Josefina Dieguez Russell,Metropolitana De Santiago,Distrito 14,K. Cambio por Chile,Nacional Libertario,NO
Diputado,95,Sara Concha Smith,De Ñuble,Distrito 19,K. Cambio por Chile,Social Cristiano,SI
Diputado,96,Catherine Cebulj Navarrete,Metropolitana De Santiago,Distrito 8,K. Cambio por Chile,Republicano de Chile,NO
Diputado,96,Erick Jimenez Garay,De Ñuble,Distrito 19,K. Cambio por Chile,Social Cristiano,NO
Diputado,96,Jose Carlos Meza Pereira,Metropolitana De Santiago,Distrito 9,K. Cambio por Chile,Republicano de Chile,SI
Diputado,96,Judith Marin Morales,Metropolitana De Santiago,Distrito 12,K. Cambio por Chile,Social Cristiano,NO
Diputado,97,Alejandra Osorio Cortes,De Ñuble,Distrito 19,K. Cambio por Chile,Social Cristiano,NO
Diputado,97,Elein Ossandon Manrique,Metropolitana De Santiago,Distrito 12,K. Cambio por Chile,Social Cristiano,NO
Diputado,97,Enrique Muñoz Lagos,Metropolitana De Santiago,Distrito 8,K. Cambio por Chile,Social Cristiano,NO
Diputado,97,Luis Fernando Sanchez Ossa,De Valparaiso,Distrito 7,K. Cambio por Chile,Republicano de Chile,NO
Diputado,97,Macarena Garcia-Huidobro Llort,Metropolitana De Santiago,Distrito 9,K. Cambio por Chile,Republicano de Chile,NO
Diputado,97,Tatiana Castillo Gonzalez,De Coquimbo,Distrito 5,K. Cambio por Chile,Social Cristiano,NO
Diputado,98,Andrea Barrera Escobar,De Coquimbo,Distrito 5,K. Cambio por Chile,Social Cristiano,NO
Diputado,98,Felipe Corvalan Destefani,Metropolitana De Santiago,Distrito 8,K. Cambio por Chile,Social Cristiano,NO
Diputado,98,Javiera Rodriguez Pascual,Metropolitana De Santiago,Distrito 9,K. Cambio por Chile,Republicano de Chile,SI
Diputado,98,Kevin Valenzuela Arroyo,Metropolitana De Santiago,Distrito 12,K. Cambio por Chile,Social Cristiano,NO
Diputado,98,Magdalena Oyarce Sepulveda,De Ñuble,Distrito 19,K. Cambio por Chile,Republicano de Chile,NO
Diputado,98,Rafael Gonzalez Camus,De Valparaiso,Distrito 7,K. Cambio por Chile,Republicano de Chile,NO
Diputado,98,Stephan Schubert Rubio,De La Araucania,Distrito 23,K. Cambio por Chile,Republicano de Chile,SI
Diputado,99,Angela Carrasco Jofre,De Valparaiso,Distrito 7,K. Cambio por Chile,Republicano de Chile,NO
Diputado,99,Camille Sigl Fuentes,Metropolitana De Santiago,Distrito 12,K. Cambio por Chile,Nacional Libertario,NO
Diputado,99,Cristian Neira Martinez,De La Araucania,Distrito 23,K. Cambio por Chile,Republicano de Chile,SI
Diputado,99,Diego Sepulveda Palma,De Ñuble,Distrito 19,K. Cambio por Chile,Republicano de Chile,NO
Diputado,99,Italo Omegna Vergara,Metropolitana De Santiago,Distrito 8,K. Cambio por Chile,Nacional Libertario,NO
Diputado,99,Matias Guzman Galleguillos,De Coquimbo,Distrito 5,K. Cambio por Chile,Social Cristiano,NO
Diputado,99,Maximiliano Murath Mansilla,Metropolitana De Santiago,Distrito 9,K. Cambio por Chile,Nacional Libertario,NO
Diputado,102,Ana Araneda Gomez,Del Biobio,Distrito 20,J. Chile Grande y Unido,Independiente Demócratas Chile,NO
Diputado,77,José Antonio Urrutia Riesco,De Los Rios,Distrito 24,Candidatura Independiente,Candidatura Independiente,NO
Senador,11,Aucan Huilcaman Paillama,De La Araucania,Circunscripción Senatorial 11,A. Partido Ecologista Verde,Ecologista Verde,NO
Diputado,112,Saul Gonzalez Caceres,Del Biobio,Distrito 20,Candidatura Independiente,Candidatura Independiente,NO
Senador,35,Rosa Elizabeth Catrileo Arias,De La Araucania,Circunscripción Senatorial 11,Candidatura Independiente,Candidatura Independiente,NO
Senador,40,Juan Francisco Pulgar Castillo,Del Maule,Circunscripción Senatorial 9,Candidatura Independiente,Candidatura Independiente,NO
Diputado,67,Carlos Antonio Karim Bianchi Chelech,De Magallanes Y De La Antartica Chilena,Distrito 28,Candidatura Independiente,Candidatura Independiente,NO
Diputado,68,Claudia Paola Barrientos Sanchez,De Magallanes Y De La Antartica Chilena,Distrito 28,Candidatura Independiente,Candidatura Independiente,NO
