nombre,apellido,partido,ciudad,bio,propuesta_electoral,tipos_eleccion,lista_electoral,territorio,region,eleccion,nro_lista,revision_apellido
Ricardo,Flores Paredes,Ecologista Verde,,,,Diputados 2025,A. Partido Ecologista Verde,Distrito 21,Del Biobio,Diputado,55,
Juan Manuel,Rivas Garrido,Ecologista Verde,,,,Diputados 2025,A. Partido Ecologista Verde,Distrito 19,De Ñuble,Diputado,56,
Leonel,Meriño Bahamonde,Ecologista Verde,,,,Diputados 2025,A. Partido Ecologista Verde,Distrito 23,De La Araucania,Diputado,56,
Paula Olimpia,Valdebenito Chavez,Ecologista Verde,,,,Diputados 2025,A. Partido Ecologista Verde,Distrito 20,Del Biobio,Diputado,56,
Javier,Muñoz Cauchupan,Ecologista Verde,,,,Diputados 2025,A. Partido Ecologista Verde,Distrito 20,Del Biobio,Diputado,57,
Tamara,Morales Silva,Ecologista Verde,,,,Diputados 2025,A. Partido Ecologista Verde,Distrito 23,De La Araucania,Diputado,57,
Marisol,Vidal Friz,Ecologista Verde,,,,Diputados 2025,A. Partido Ecologista Verde,Distrito 20,Del Biobio,Diputado,58,
Manuel,Jara Bao,Ecologista Verde,,,,Diputados 2025,A. Partido Ecologista Verde,Distrito 20,Del Biobio,Diputado,59,
Felipe,Duran Martinez,Acción Humanista,,,,Senadores 2025,"B. Verdes, Regionalistas y Humanistas",Circunscripción Senatorial 9,Del Maule,Senador,11,
Manuel,Woldarsky Gonzalez,Acción Humanista,,,,Senadores 2025,"B. Verdes, Regionalistas y Humanistas",Circunscripción Senatorial 6,De Valparaiso,Senador,11,
Mauricio,Paredes Escanilla,Federación Regionalista Verde Social,,,,Senadores 2025,"B. Verdes, Regionalistas y Humanistas",Circunscripción Senatorial 1,De Arica Y Parinacota,Senador,11,
Miguel Angel,Calisto Aguila,Independiente Federación Regionalista Verde Social,,,,Senadores 2025,"B. Verdes, Regionalistas y Humanistas",Circunscripción Senatorial 14,De Aysen Del General Carlos Ibañez Del Campo,Senador,11,
Paola,Alzamora Aguirre,Acción Humanista,,,,Senadores 2025,"B. Verdes, Regionalistas y Humanistas",Circunscripción Senatorial 2,De Tarapaca,Senador,11,
Andrea,Araya Toro,Acción Humanista,,,,Senadores 2025,"B. Verdes, Regionalistas y Humanistas",Circunscripción Senatorial 6,De Valparaiso,Senador,12,
Jorge,Abello Moll,Independiente Federación Regionalista Verde Social,,,,Senadores 2025,"B. Verdes, Regionalistas y Humanistas",Circunscripción Senatorial 14,De Aysen Del General Carlos Ibañez Del Campo,Senador,12,
Tomas,Bize Brintrup,Acción Humanista,,,,Senadores 2025,"B. Verdes, Regionalistas y Humanistas",Circunscripción Senatorial 9,Del Maule,Senador,12,
Alejandra,Molina Tobar,Federación Regionalista Verde Social,,,,Senadores 2025,"B. Verdes, Regionalistas y Humanistas",Circunscripción Senatorial 9,Del Maule,Senador,13,
German,Correa Diaz,Independiente Federación Regionalista Verde Social,,,,Senadores 2025,"B. Verdes, Regionalistas y Humanistas",Circunscripción Senatorial 6,De Valparaiso,Senador,13,
Jaime,Naranjo Ortiz,Independiente Federación Regionalista Verde Social,,,,Senadores 2025,"B. Verdes, Regionalistas y Humanistas",Circunscripción Senatorial 9,Del Maule,Senador,14,
Yessica,Flandez Flandez,Federación Regionalista Verde Social,,,,Senadores 2025,"B. Verdes, Regionalistas y Humanistas",Circunscripción Senatorial 6,De Valparaiso,Senador,14,
Carla,Fernandez Riffo,Independiente Federación Regionalista Verde Social,,,,Senadores 2025,"B. Verdes, Regionalistas y Humanistas",Circunscripción Senatorial 9,Del Maule,Senador,15,
Adriana,Ampuero Barrientos,Independiente Federación Regionalista Verde Social,,,,Diputados 2025,"B. Verdes, Regionalistas y Humanistas",Distrito 26,De Los Lagos,Diputado,51,
Alejandra,Perez Espina,Acción Humanista,,,,Diputados 2025,"B. Verdes, Regionalistas y Humanistas",Distrito 9,Metropolitana De Santiago,Diputado,51,
Jal,Yjade Evila,Ecologista Verde,,,,Senadores 2025,A. Partido Ecologista Verde,Circunscripción Senatorial 11,De La Araucania,Senador,12,
Alexis,Zuñiga Jelvez,Ecologista Verde,,,,Diputados 2025,A. Partido Ecologista Verde,Distrito 21,Del Biobio,Diputado,51,
Felipe,Aylwin Lagos,Ecologista Verde,,,,Diputados 2025,A. Partido Ecologista Verde,Distrito 19,De Ñuble,Diputado,51,
Felix,Gonzalez Gatica,Ecologista Verde,,,,Diputados 2025,A. Partido Ecologista Verde,Distrito 20,Del Biobio,Diputado,51,
Jessica,Mendez Canaves,Ecologista Verde,,,,Diputados 2025,A. Partido Ecologista Verde,Distrito 23,De La Araucania,Diputado,51,
Valentina,Saez Casanova,Ecologista Verde,,,,Diputados 2025,A. Partido Ecologista Verde,Distrito 22,De La Araucania,Diputado,51,
Elizabeth,Mujica Zepeda,Ecologista Verde,,,,Diputados 2025,A. Partido Ecologista Verde,Distrito 20,Del Biobio,Diputado,52,
Graciela,Huenuman Lincopi,Ecologista Verde,,,,Diputados 2025,A. Partido Ecologista Verde,Distrito 19,De Ñuble,Diputado,52,
Ivan Gorky,Rojas Villagra,Ecologista Verde,,,,Diputados 2025,A. Partido Ecologista Verde,Distrito 23,De La Araucania,Diputado,52,
Johanna,Barra Astudillo,Ecologista Verde,,,,Diputados 2025,A. Partido Ecologista Verde,Distrito 21,Del Biobio,Diputado,52,
Raul,Huilcal Barria,Ecologista Verde,,,,Diputados 2025,A. Partido Ecologista Verde,Distrito 22,De La Araucania,Diputado,52,
Constanza,Gonzalez Gonzalez,Ecologista Verde,,,,Diputados 2025,A. Partido Ecologista Verde,Distrito 23,De La Araucania,Diputado,53,
Hernan,Pino Seguel,Ecologista Verde,,,,Diputados 2025,A. Partido Ecologista Verde,Distrito 20,Del Biobio,Diputado,53,
Patricio Antonio,Palma Molina,Ecologista Verde,,,,Diputados 2025,A. Partido Ecologista Verde,Distrito 19,De Ñuble,Diputado,53,
Pedro Pablo,Valenzuela Castro,Ecologista Verde,,,,Diputados 2025,A. Partido Ecologista Verde,Distrito 21,Del Biobio,Diputado,53,
Wanglen,Mila Huenumilla,Ecologista Verde,,,,Diputados 2025,A. Partido Ecologista Verde,Distrito 22,De La Araucania,Diputado,53,
Atrix,Badilla Hernandez,Ecologista Verde,,,,Diputados 2025,A. Partido Ecologista Verde,Distrito 20,Del Biobio,Diputado,54,
Barbara,Lepez Monsalvez,Ecologista Verde,,,,Diputados 2025,A. Partido Ecologista Verde,Distrito 21,Del Biobio,Diputado,54,
Eduardo,Cuellar Ferreira,Ecologista Verde,,,,Diputados 2025,A. Partido Ecologista Verde,Distrito 22,De La Araucania,Diputado,54,
Eliana,Sanhueza Ortiz,Ecologista Verde,,,,Diputados 2025,A. Partido Ecologista Verde,Distrito 19,De Ñuble,Diputado,54,
Victor,Vilches Vargas,Ecologista Verde,,,,Diputados 2025,A. Partido Ecologista Verde,Distrito 23,De La Araucania,Diputado,54,
Carolina,Monsalves Sanhueza,Ecologista Verde,,,,Diputados 2025,A. Partido Ecologista Verde,Distrito 19,De Ñuble,Diputado,55,
Doris,Blanco Llanquileo,Ecologista Verde,,,,Diputados 2025,A. Partido Ecologista Verde,Distrito 23,De La Araucania,Diputado,55,
Felipe,Arancibia Labraña,Ecologista Verde,,,,Diputados 2025,A. Partido Ecologista Verde,Distrito 20,Del Biobio,Diputado,55,
Ana Maria,Gazmuri Vieira,Acción Humanista,,,,Diputados 2025,"B. Verdes, Regionalistas y Humanistas",Distrito 12,Metropolitana De Santiago,Diputado,51,
Antonio,Carvacho Cardenas,Federación Regionalista Verde Social,,,,Diputados 2025,"B. Verdes, Regionalistas y Humanistas",Distrito 16,Del Libertador General Bernardo O'Higgins,Diputado,51,
Cecilia,Bravo Moraga,Federación Regionalista Verde Social,,,,Diputados 2025,"B. Verdes, Regionalistas y Humanistas",Distrito 24,De Los Rios,Diputado,51,
Cesar,Leiva Rubio,Independiente Acción Humanista,,,,Diputados 2025,"B. Verdes, Regionalistas y Humanistas",Distrito 8,Metropolitana De Santiago,Diputado,51,
Daniela,Molina Barrera,Acción Humanista,,,,Diputados 2025,"B. Verdes, Regionalistas y Humanistas",Distrito 5,De Coquimbo,Diputado,51,
Francisco,Estevez Valencia,Independiente Acción Humanista,,,,Diputados 2025,"B. Verdes, Regionalistas y Humanistas",Distrito 10,Metropolitana De Santiago,Diputado,51,
Gustavo,Lobos Contreras,Federación Regionalista Verde Social,,,,Diputados 2025,"B. Verdes, Regionalistas y Humanistas",Distrito 25,De Los Lagos,Diputado,51,
Hernan,Velasquez Nuñez,Federación Regionalista Verde Social,,,,Diputados 2025,"B. Verdes, Regionalistas y Humanistas",Distrito 3,De Antofagasta,Diputado,51,
Jaime,Mulet Martinez,Federación Regionalista Verde Social,,,,Diputados 2025,"B. Verdes, Regionalistas y Humanistas",Distrito 4,De Atacama,Diputado,51,
Jorge,Sharp Fajardo,Independiente Federación Regionalista Verde Social,,,,Diputados 2025,"B. Verdes, Regionalistas y Humanistas",Distrito 7,De Valparaiso,Diputado,51,
Jose Eduardo,Gonzalez Gaete,Federación Regionalista Verde Social,,,,Diputados 2025,"B. Verdes, Regionalistas y Humanistas",Distrito 17,Del Maule,Diputado,51,
Jose,Silva Diaz,Independiente Federación Regionalista Verde Social,,,,Diputados 2025,"B. Verdes, Regionalistas y Humanistas",Distrito 13,Metropolitana De Santiago,Diputado,51,
Marco,Calcagno Zuleta,Independiente Acción Humanista,,,,Diputados 2025,"B. Verdes, Regionalistas y Humanistas",Distrito 2,De Tarapaca,Diputado,51,
Nicolas,Salgado Ahumada,Independiente Acción Humanista,,,,Diputados 2025,"B. Verdes, Regionalistas y Humanistas",Distrito 15,Del Libertador General Bernardo O'Higgins,Diputado,51,
Octavio,Gonzalez Ojeda,Federación Regionalista Verde Social,,,,Diputados 2025,"B. Verdes, Regionalistas y Humanistas",Distrito 6,De Valparaiso,Diputado,51,
Pilar,Farfan Villagra,Federación Regionalista Verde Social,,,,Diputados 2025,"B. Verdes, Regionalistas y Humanistas",Distrito 14,Metropolitana De Santiago,Diputado,51,
Rene,Alinco Bustos,Independiente Federación Regionalista Verde Social,,,,Diputados 2025,"B. Verdes, Regionalistas y Humanistas",Distrito 27,De Aysen Del General Carlos Ibañez Del Campo,Diputado,51,
Ricardo,Sanzana Oteiza,Independiente Acción Humanista,,,,Diputados 2025,"B. Verdes, Regionalistas y Humanistas",Distrito 1,De Arica Y Parinacota,Diputado,51,
Rodrigo,Bravo Bustos,Acción Humanista,,,,Diputados 2025,"B. Verdes, Regionalistas y Humanistas",Distrito 18,Del Maule,Diputado,51,
Rodrigo,Utz Contreras,Independiente Federación Regionalista Verde Social,,,,Diputados 2025,"B. Verdes, Regionalistas y Humanistas",Distrito 28,De Magallanes Y De La Antartica Chilena,Diputado,51,
Tomas,Hirsch Goldschmidt,Acción Humanista,,,,Diputados 2025,"B. Verdes, Regionalistas y Humanistas",Distrito 11,Metropolitana De Santiago,Diputado,51,
Ariel,Mateluna Mateluna,Independiente Acción Humanista,,,,Diputados 2025,"B. Verdes, Regionalistas y Humanistas",Distrito 9,Metropolitana De Santiago,Diputado,52,
Carlos,Astudillo Ulloa,Independiente Acción Humanista,,,,Diputados 2025,"B. Verdes, Regionalistas y Humanistas",Distrito 8,Metropolitana De Santiago,Diputado,52,
Carolina,Armenakis Daher,Federación Regionalista Verde Social,,,,Diputados 2025,"B. Verdes, Regionalistas y Humanistas",Distrito 4,De Atacama,Diputado,52,
Claudia,Jofre Vidal,Independiente Federación Regionalista Verde Social,,,,Diputados 2025,"B. Verdes, Regionalistas y Humanistas",Distrito 6,De Valparaiso,Diputado,52,
Claudia,Valenzuela Torres,Independiente Acción Humanista,,,,Diputados 2025,"B. Verdes, Regionalistas y Humanistas",Distrito 5,De Coquimbo,Diputado,52,
Claudio,Segovia Cofre,Independiente Acción Humanista,,,,Diputados 2025,"B. Verdes, Regionalistas y Humanistas",Distrito 15,Del Libertador General Bernardo O'Higgins,Diputado,52,
Cristian,Diaz Correa,Independiente Federación Regionalista Verde Social,,,,Diputados 2025,"B. Verdes, Regionalistas y Humanistas",Distrito 16,Del Libertador General Bernardo O'Higgins,Diputado,52,
Elizabeth,Contreras Becerra,Independiente Acción Humanista,,,,Diputados 2025,"B. Verdes, Regionalistas y Humanistas",Distrito 11,Metropolitana De Santiago,Diputado,52,
Evelyn,Bastias Araya,Federación Regionalista Verde Social,,,,Diputados 2025,"B. Verdes, Regionalistas y Humanistas",Distrito 14,Metropolitana De Santiago,Diputado,52,
Gloria Carolina,Perez Sepulveda,Independiente Acción Humanista,,,,Diputados 2025,"B. Verdes, Regionalistas y Humanistas",Distrito 10,Metropolitana De Santiago,Diputado,52,
Leonardo,Valenzuela Atenas,Acción Humanista,,,,Diputados 2025,"B. Verdes, Regionalistas y Humanistas",Distrito 1,De Arica Y Parinacota,Diputado,52,
Manuel,Rivera Altamirano,Independiente Federación Regionalista Verde Social,,,,Diputados 2025,"B. Verdes, Regionalistas y Humanistas",Distrito 25,De Los Lagos,Diputado,52,
Margarita Paz,Araya Flores,Acción Humanista,,,,Diputados 2025,"B. Verdes, Regionalistas y Humanistas",Distrito 12,Metropolitana De Santiago,Diputado,52,
Mario,Montecinos Aros,Federación Regionalista Verde Social,,,,Diputados 2025,"B. Verdes, Regionalistas y Humanistas",Distrito 24,De Los Rios,Diputado,52,
Marion,Tapia Gonzalez,Federación Regionalista Verde Social,,,,Diputados 2025,"B. Verdes, Regionalistas y Humanistas",Distrito 3,De Antofagasta,Diputado,52,
Marisol,Perez Saavedra,Federación Regionalista Verde Social,,,,Diputados 2025,"B. Verdes, Regionalistas y Humanistas",Distrito 17,Del Maule,Diputado,52,
Marisol,Rosas Alvarado,Federación Regionalista Verde Social,,,,Diputados 2025,"B. Verdes, Regionalistas y Humanistas",Distrito 26,De Los Lagos,Diputado,52,
Paulina,Alvarez Rodriguez,Independiente Acción Humanista,,,,Diputados 2025,"B. Verdes, Regionalistas y Humanistas",Distrito 18,Del Maule,Diputado,52,
Rene,Lues Escobar,Independiente Federación Regionalista Verde Social,,,,Diputados 2025,"B. Verdes, Regionalistas y Humanistas",Distrito 7,De Valparaiso,Diputado,52,
Ruben,Rojo Sembler,Acción Humanista,,,,Diputados 2025,"B. Verdes, Regionalistas y Humanistas",Distrito 2,De Tarapaca,Diputado,52,
Sebastian,Vega Umatino,Independiente Federación Regionalista Verde Social,,,,Diputados 2025,"B. Verdes, Regionalistas y Humanistas",Distrito 13,Metropolitana De Santiago,Diputado,52,
Sergio,Gonzalez Borquez,Independiente Federación Regionalista Verde Social,,,,Diputados 2025,"B. Verdes, Regionalistas y Humanistas",Distrito 27,De Aysen Del General Carlos Ibañez Del Campo,Diputado,52,
Thomas,Lorca Almonacid,Federación Regionalista Verde Social,,,,Diputados 2025,"B. Verdes, Regionalistas y Humanistas",Distrito 28,De Magallanes Y De La Antartica Chilena,Diputado,52,
Angel,Campos Diaz,Independiente Federación Regionalista Verde Social,,,,Diputados 2025,"B. Verdes, Regionalistas y Humanistas",Distrito 2,De Tarapaca,Diputado,53,
Carlo,Pezo Correa,Independiente Federación Regionalista Verde Social,,,,Diputados 2025,"B. Verdes, Regionalistas y Humanistas",Distrito 4,De Atacama,Diputado,53,
Catalina,Vidal Mendez,Acción Humanista,,,,Diputados 2025,"B. Verdes, Regionalistas y Humanistas",Distrito 11,Metropolitana De Santiago,Diputado,53,
Claudia,Ruiz Montecino,Independiente Acción Humanista,,,,Diputados 2025,"B. Verdes, Regionalistas y Humanistas",Distrito 10,Metropolitana De Santiago,Diputado,53,
Claudio,Turra Gonzalez,Independiente Federación Regionalista Verde Social,,,,Diputados 2025,"B. Verdes, Regionalistas y Humanistas",Distrito 26,De Los Lagos,Diputado,53,
Danahe,Rojas Mamani,Federación Regionalista Verde Social,,,,Diputados 2025,"B. Verdes, Regionalistas y Humanistas",Distrito 3,De Antofagasta,Diputado,53,
Daniel,Dominguez Gonzalez,Independiente Federación Regionalista Verde Social,,,,Diputados 2025,"B. Verdes, Regionalistas y Humanistas",Distrito 14,Metropolitana De Santiago,Diputado,53,
Daniela,Olavarria Moreira,Independiente Federación Regionalista Verde Social,,,,Diputados 2025,"B. Verdes, Regionalistas y Humanistas",Distrito 27,De Aysen Del General Carlos Ibañez Del Campo,Diputado,53,
Eduardo,Vargas Gonzalez,Independiente Acción Humanista,,,,Diputados 2025,"B. Verdes, Regionalistas y Humanistas",Distrito 5,De Coquimbo,Diputado,53,
Edward Robinson,Flores Y Castillo,Independiente Acción Humanista,,,,Diputados 2025,"B. Verdes, Regionalistas y Humanistas",Distrito 18,Del Maule,Diputado,53,1
Elia,Piedras Garrido,Independiente Federación Regionalista Verde Social,,,,Diputados 2025,"B. Verdes, Regionalistas y Humanistas",Distrito 17,Del Maule,Diputado,53,
Flora,Colipai Pafian,Federación Regionalista Verde Social,,,,Diputados 2025,"B. Verdes, Regionalistas y Humanistas",Distrito 25,De Los Lagos,Diputado,53,
Franklin Esteban,Gallardo Gallardo,Independiente Acción Humanista,,,,Diputados 2025,"B. Verdes, Regionalistas y Humanistas",Distrito 15,Del Libertador General Bernardo O'Higgins,Diputado,53,
Giovanna,Grandon Caro,Independiente Acción Humanista,,,,Diputados 2025,"B. Verdes, Regionalistas y Humanistas",Distrito 12,Metropolitana De Santiago,Diputado,53,
Jaime,Gonzalez Ramirez,Independiente Federación Regionalista Verde Social,,,,Diputados 2025,"B. Verdes, Regionalistas y Humanistas",Distrito 16,Del Libertador General Bernardo O'Higgins,Diputado,53,
Javier,Ibarra Reyes,Acción Humanista,,,,Diputados 2025,"B. Verdes, Regionalistas y Humanistas",Distrito 8,Metropolitana De Santiago,Diputado,53,
Jova,Oporto Valenzuela,Federación Regionalista Verde Social,,,,Diputados 2025,"B. Verdes, Regionalistas y Humanistas",Distrito 24,De Los Rios,Diputado,53,
Paulina,Saldia Pinto,Independiente Acción Humanista,,,,Diputados 2025,"B. Verdes, Regionalistas y Humanistas",Distrito 1,De Arica Y Parinacota,Diputado,53,
Priscila,Fleming Aranguiz,Independiente Federación Regionalista Verde Social,,,,Diputados 2025,"B. Verdes, Regionalistas y Humanistas",Distrito 7,De Valparaiso,Diputado,53,
Roberto,Videla Pavez,Federación Regionalista Verde Social,,,,Diputados 2025,"B. Verdes, Regionalistas y Humanistas",Distrito 6,De Valparaiso,Diputado,53,
Roxana,Riquelme Tabach,Independiente Federación Regionalista Verde Social,,,,Diputados 2025,"B. Verdes, Regionalistas y Humanistas",Distrito 13,Metropolitana De Santiago,Diputado,53,
Waleska,Ubierna Navarro,Acción Humanista,,,,Diputados 2025,"B. Verdes, Regionalistas y Humanistas",Distrito 9,Metropolitana De Santiago,Diputado,53,
Angela,Cabezon Contreras,Federación Regionalista Verde Social,,,,Diputados 2025,"B. Verdes, Regionalistas y Humanistas",Distrito 7,De Valparaiso,Diputado,54,
Boris,Romero Bello,Independiente Federación Regionalista Verde Social,,,,Diputados 2025,"B. Verdes, Regionalistas y Humanistas",Distrito 27,De Aysen Del General Carlos Ibañez Del Campo,Diputado,54,
Carlos,Lizana Mardones,Independiente Federación Regionalista Verde Social,,,,Diputados 2025,"B. Verdes, Regionalistas y Humanistas",Distrito 25,De Los Lagos,Diputado,54,
Claudia,Morales Courtin,Independiente Acción Humanista,,,,Diputados 2025,"B. Verdes, Regionalistas y Humanistas",Distrito 17,Del Maule,Diputado,54,
Daniela,Quezada Seron,Federación Regionalista Verde Social,,,,Diputados 2025,"B. Verdes, Regionalistas y Humanistas",Distrito 26,De Los Lagos,Diputado,54,
Daphne Saldaña,San Martin,Independiente Federación Regionalista Verde Social,,,,Diputados 2025,"B. Verdes, Regionalistas y Humanistas",Distrito 18,Del Maule,Diputado,54,1
Enzo,Morales Norambuena,Independiente Federación Regionalista Verde Social,,,,Diputados 2025,"B. Verdes, Regionalistas y Humanistas",Distrito 2,De Tarapaca,Diputado,54,
Fabrizio,Alday Valdovinos,Independiente Acción Humanista,,,,Diputados 2025,"B. Verdes, Regionalistas y Humanistas",Distrito 12,Metropolitana De Santiago,Diputado,54,
Guillermo,Flores Contreras,Federación Regionalista Verde Social,,,,Diputados 2025,"B. Verdes, Regionalistas y Humanistas",Distrito 8,Metropolitana De Santiago,Diputado,54,
Hugo,Boza Valdenegro,Federación Regionalista Verde Social,,,,Diputados 2025,"B. Verdes, Regionalistas y Humanistas",Distrito 15,Del Libertador General Bernardo O'Higgins,Diputado,54,
Jaime,Vargas Guerra,Federación Regionalista Verde Social,,,,Diputados 2025,"B. Verdes, Regionalistas y Humanistas",Distrito 4,De Atacama,Diputado,54,
Jose Luis,Villagran Barahona,Independiente Acción Humanista,,,,Diputados 2025,"B. Verdes, Regionalistas y Humanistas",Distrito 9,Metropolitana De Santiago,Diputado,54,
Luis Alejandro,Paredes Escanilla,Federación Regionalista Verde Social,,,,Diputados 2025,"B. Verdes, Regionalistas y Humanistas",Distrito 1,De Arica Y Parinacota,Diputado,54,
Luis Mariano,Rendon Escobar,Independiente Acción Humanista,,,,Diputados 2025,"B. Verdes, Regionalistas y Humanistas",Distrito 10,Metropolitana De Santiago,Diputado,54,
Maria Carolina,Miranda Campos,Independiente Federación Regionalista Verde Social,,,,Diputados 2025,"B. Verdes, Regionalistas y Humanistas",Distrito 16,Del Libertador General Bernardo O'Higgins,Diputado,54,
Maria Claudia,Canales Lemus,Independiente Federación Regionalista Verde Social,,,,Diputados 2025,"B. Verdes, Regionalistas y Humanistas",Distrito 6,De Valparaiso,Diputado,54,
Maria Elena,Flores Martinez,Independiente Federación Regionalista Verde Social,,,,Diputados 2025,"B. Verdes, Regionalistas y Humanistas",Distrito 14,Metropolitana De Santiago,Diputado,54,
Maria Gloria,Lazcano Torres,Acción Humanista,,,,Diputados 2025,"B. Verdes, Regionalistas y Humanistas",Distrito 3,De Antofagasta,Diputado,54,
Matias,Freire Vallejos,Independiente Federación Regionalista Verde Social,,,,Diputados 2025,"B. Verdes, Regionalistas y Humanistas",Distrito 13,Metropolitana De Santiago,Diputado,54,
Mireya,Corona Contreras,Independiente Acción Humanista,,,,Diputados 2025,"B. Verdes, Regionalistas y Humanistas",Distrito 5,De Coquimbo,Diputado,54,
Pedro,Davis Urzua,Independiente Acción Humanista,,,,Diputados 2025,"B. Verdes, Regionalistas y Humanistas",Distrito 11,Metropolitana De Santiago,Diputado,54,
Yessica,Gavilan Robles,Independiente Federación Regionalista Verde Social,,,,Diputados 2025,"B. Verdes, Regionalistas y Humanistas",Distrito 24,De Los Rios,Diputado,54,
Angela Selmira,Veliz Gonzalez,Independiente Federación Regionalista Verde Social,,,,Diputados 2025,"B. Verdes, Regionalistas y Humanistas",Distrito 18,Del Maule,Diputado,55,
Bernarda,Lagos Farfan,Federación Regionalista Verde Social,,,,Diputados 2025,"B. Verdes, Regionalistas y Humanistas",Distrito 14,Metropolitana De Santiago,Diputado,55,
Christian,Vittori Muñoz,Federación Regionalista Verde Social,,,,Diputados 2025,"B. Verdes, Regionalistas y Humanistas",Distrito 8,Metropolitana De Santiago,Diputado,55,
Claudia,Ruz Rothen,Federación Regionalista Verde Social,,,,Diputados 2025,"B. Verdes, Regionalistas y Humanistas",Distrito 10,Metropolitana De Santiago,Diputado,55,
Claudio,Cid Jara,Federación Regionalista Verde Social,,,,Diputados 2025,"B. Verdes, Regionalistas y Humanistas",Distrito 26,De Los Lagos,Diputado,55,
Eduardo,Sotomayor Ortiz,Acción Humanista,,,,Diputados 2025,"B. Verdes, Regionalistas y Humanistas",Distrito 3,De Antofagasta,Diputado,55,
Emilia,Coñumil Quiñimil,Federación Regionalista Verde Social,,,,Diputados 2025,"B. Verdes, Regionalistas y Humanistas",Distrito 22,De La Araucania,Diputado,55,
Hernan,Palma Perez,Federación Regionalista Verde Social,,,,Diputados 2025,"B. Verdes, Regionalistas y Humanistas",Distrito 12,Metropolitana De Santiago,Diputado,55,
Javiera,Toledo Muñoz,Independiente Acción Humanista,,,,Diputados 2025,"B. Verdes, Regionalistas y Humanistas",Distrito 6,De Valparaiso,Diputado,55,
Jose Ignacio,Avello Ortiz,Independiente Acción Humanista,,,,Diputados 2025,"B. Verdes, Regionalistas y Humanistas",Distrito 17,Del Maule,Diputado,55,
Juan,Araya Mardones,Independiente Federación Regionalista Verde Social,,,,Diputados 2025,"B. Verdes, Regionalistas y Humanistas",Distrito 24,De Los Rios,Diputado,55,
Julieta,Varas Silva,Independiente Federación Regionalista Verde Social,,,,Diputados 2025,"B. Verdes, Regionalistas y Humanistas",Distrito 4,De Atacama,Diputado,55,
Marta,Gonzalez Olea,Independiente Federación Regionalista Verde Social,,,,Diputados 2025,"B. Verdes, Regionalistas y Humanistas",Distrito 15,Del Libertador General Bernardo O'Higgins,Diputado,55,
Myriam,Meza Ancaten,Acción Humanista,,,,Diputados 2025,"B. Verdes, Regionalistas y Humanistas",Distrito 11,Metropolitana De Santiago,Diputado,55,
Pablo,Ramirez Inostroza,Acción Humanista,,,,Diputados 2025,"B. Verdes, Regionalistas y Humanistas",Distrito 5,De Coquimbo,Diputado,55,
Pamela,Mansilla Lavado,Independiente Federación Regionalista Verde Social,,,,Diputados 2025,"B. Verdes, Regionalistas y Humanistas",Distrito 25,De Los Lagos,Diputado,55,
Pamela,Navarro Leppe,Independiente Acción Humanista,,,,Diputados 2025,"B. Verdes, Regionalistas y Humanistas",Distrito 16,Del Libertador General Bernardo O'Higgins,Diputado,55,
Paola,Cadiz Nuñez,Federación Regionalista Verde Social,,,,Diputados 2025,"B. Verdes, Regionalistas y Humanistas",Distrito 9,Metropolitana De Santiago,Diputado,55,
Percy,Campos Coronel,Independiente Acción Humanista,,,,Diputados 2025,"B. Verdes, Regionalistas y Humanistas",Distrito 13,Metropolitana De Santiago,Diputado,55,
Rodrigo,Ruiz Encina,Independiente Federación Regionalista Verde Social,,,,Diputados 2025,"B. Verdes, Regionalistas y Humanistas",Distrito 7,De Valparaiso,Diputado,55,
Antonio,Arriagada Jure,Independiente Federación Regionalista Verde Social,,,,Diputados 2025,"B. Verdes, Regionalistas y Humanistas",Distrito 10,Metropolitana De Santiago,Diputado,56,
Carlos,Morales Flores,Independiente Acción Humanista,,,,Diputados 2025,"B. Verdes, Regionalistas y Humanistas",Distrito 14,Metropolitana De Santiago,Diputado,56,
Claudio,Ibañez Gonzalez,Independiente Federación Regionalista Verde Social,,,,Diputados 2025,"B. Verdes, Regionalistas y Humanistas",Distrito 5,De Coquimbo,Diputado,56,
David,Quezada Gomez,Federación Regionalista Verde Social,,,,Diputados 2025,"B. Verdes, Regionalistas y Humanistas",Distrito 8,Metropolitana De Santiago,Diputado,56,
Evelyn,Farias Ailio,Independiente Federación Regionalista Verde Social,,,,Diputados 2025,"B. Verdes, Regionalistas y Humanistas",Distrito 9,Metropolitana De Santiago,Diputado,56,
German,Rojas Volmar,Federación Regionalista Verde Social,,,,Diputados 2025,"B. Verdes, Regionalistas y Humanistas",Distrito 11,Metropolitana De Santiago,Diputado,56,
Gustavo,Lorca Quitral,Independiente Federación Regionalista Verde Social,,,,Diputados 2025,"B. Verdes, Regionalistas y Humanistas",Distrito 12,Metropolitana De Santiago,Diputado,56,
Hugo,Guzman Millan,Independiente Federación Regionalista Verde Social,,,,Diputados 2025,"B. Verdes, Regionalistas y Humanistas",Distrito 15,Del Libertador General Bernardo O'Higgins,Diputado,56,
Juan,Carcamo Carcamo,Independiente Federación Regionalista Verde Social,,,,Diputados 2025,"B. Verdes, Regionalistas y Humanistas",Distrito 26,De Los Lagos,Diputado,56,
Lautaro,Guanca Vallejos,Independiente Federación Regionalista Verde Social,,,,Diputados 2025,"B. Verdes, Regionalistas y Humanistas",Distrito 22,De La Araucania,Diputado,56,
Luis,Islas Cofre,Federación Regionalista Verde Social,,,,Diputados 2025,"B. Verdes, Regionalistas y Humanistas",Distrito 21,Del Biobio,Diputado,56,
Marco,Ramo Paez,Acción Humanista,,,,Diputados 2025,"B. Verdes, Regionalistas y Humanistas",Distrito 3,De Antofagasta,Diputado,56,
Sandra Patricia,Sanchez Aguilar,Independiente Acción Humanista,,,,Diputados 2025,"B. Verdes, Regionalistas y Humanistas",Distrito 17,Del Maule,Diputado,56,
Tania,Madriaga Flores,Acción Humanista,,,,Diputados 2025,"B. Verdes, Regionalistas y Humanistas",Distrito 7,De Valparaiso,Diputado,56,
Yanixsa,Aguilera Catalan,Independiente Acción Humanista,,,,Diputados 2025,"B. Verdes, Regionalistas y Humanistas",Distrito 6,De Valparaiso,Diputado,56,
Alejandro,Campusano Massad,Independiente Federación Regionalista Verde Social,,,,Diputados 2025,"B. Verdes, Regionalistas y Humanistas",Distrito 5,De Coquimbo,Diputado,57,
Carlos,Muñoz Lecerf,Independiente Acción Humanista,,,,Diputados 2025,"B. Verdes, Regionalistas y Humanistas",Distrito 7,De Valparaiso,Diputado,57,
Erica,Velasquez Montenegro,Independiente Federación Regionalista Verde Social,,,,Diputados 2025,"B. Verdes, Regionalistas y Humanistas",Distrito 8,Metropolitana De Santiago,Diputado,57,
Javiera,Gonzalez Arenas,Federación Regionalista Verde Social,,,,Diputados 2025,"B. Verdes, Regionalistas y Humanistas",Distrito 10,Metropolitana De Santiago,Diputado,57,
Jose,Nuñez Herrera,Independiente Acción Humanista,,,,Diputados 2025,"B. Verdes, Regionalistas y Humanistas",Distrito 17,Del Maule,Diputado,57,
Jose,Sepulveda Zelada,Independiente Federación Regionalista Verde Social,,,,Diputados 2025,"B. Verdes, Regionalistas y Humanistas",Distrito 9,Metropolitana De Santiago,Diputado,57,
Juan Pablo,Jaramillo Gonzalez,Independiente Federación Regionalista Verde Social,,,,Diputados 2025,"B. Verdes, Regionalistas y Humanistas",Distrito 22,De La Araucania,Diputado,57,
Melina,Gianelli Altamirano,Federación Regionalista Verde Social,,,,Diputados 2025,"B. Verdes, Regionalistas y Humanistas",Distrito 11,Metropolitana De Santiago,Diputado,57,
Pamela,Gonzalez Muñoz,Independiente Acción Humanista,,,,Diputados 2025,"B. Verdes, Regionalistas y Humanistas",Distrito 6,De Valparaiso,Diputado,57,
Ricardo,Santana Perez,Independiente Federación Regionalista Verde Social,,,,Diputados 2025,"B. Verdes, Regionalistas y Humanistas",Distrito 12,Metropolitana De Santiago,Diputado,57,
Rodrigo,Reinoso Cendoya,Federación Regionalista Verde Social,,,,Diputados 2025,"B. Verdes, Regionalistas y Humanistas",Distrito 21,Del Biobio,Diputado,57,
Sara,Pascual Rodriguez,Acción Humanista,,,,Diputados 2025,"B. Verdes, Regionalistas y Humanistas",Distrito 14,Metropolitana De Santiago,Diputado,57,
Wilson,Olivares Bustamante,Independiente Federación Regionalista Verde Social,,,,Diputados 2025,"B. Verdes, Regionalistas y Humanistas",Distrito 19,De Ñuble,Diputado,57,
Daniel,Sandoval Poblete,Federación Regionalista Verde Social,,,,Diputados 2025,"B. Verdes, Regionalistas y Humanistas",Distrito 23,De La Araucania,Diputado,58,
Francisca,Salama Pimentel,Independiente Acción Humanista,,,,Diputados 2025,"B. Verdes, Regionalistas y Humanistas",Distrito 6,De Valparaiso,Diputado,58,
Jaime,Cayuqueo Zambrano,Independiente Federación Regionalista Verde Social,,,,Diputados 2025,"B. Verdes, Regionalistas y Humanistas",Distrito 8,Metropolitana De Santiago,Diputado,58,
Joaquin,Sanhueza Villaman,Independiente Federación Regionalista Verde Social,,,,Diputados 2025,"B. Verdes, Regionalistas y Humanistas",Distrito 21,Del Biobio,Diputado,58,
Katherine,Perez Contreras,Independiente Federación Regionalista Verde Social,,,,Diputados 2025,"B. Verdes, Regionalistas y Humanistas",Distrito 10,Metropolitana De Santiago,Diputado,58,
Lucia,Ortiz Leon,Independiente Acción Humanista,,,,Diputados 2025,"B. Verdes, Regionalistas y Humanistas",Distrito 7,De Valparaiso,Diputado,58,
Maria,Romero Peña,Federación Regionalista Verde Social,,,,Diputados 2025,"B. Verdes, Regionalistas y Humanistas",Distrito 19,De Ñuble,Diputado,58,
Rosa,Pinto Rojas,Federación Regionalista Verde Social,,,,Diputados 2025,"B. Verdes, Regionalistas y Humanistas",Distrito 5,De Coquimbo,Diputado,58,
Catalina,Medina Rivas,Federación Regionalista Verde Social,,,,Diputados 2025,"B. Verdes, Regionalistas y Humanistas",Distrito 19,De Ñuble,Diputado,59,
Claudio,Valle Figueroa,Independiente Acción Humanista,,,,Diputados 2025,"B. Verdes, Regionalistas y Humanistas",Distrito 7,De Valparaiso,Diputado,59,
Jorge,Rivas Figueroa,Independiente Federación Regionalista Verde Social,,,,Diputados 2025,"B. Verdes, Regionalistas y Humanistas",Distrito 21,Del Biobio,Diputado,59,
Luis,Hurtado Muñoz,Independiente Acción Humanista,,,,Diputados 2025,"B. Verdes, Regionalistas y Humanistas",Distrito 6,De Valparaiso,Diputado,59,
Marcelo,Carrasco Carrasco,Independiente Federación Regionalista Verde Social,,,,Diputados 2025,"B. Verdes, Regionalistas y Humanistas",Distrito 23,De La Araucania,Diputado,59,
Marcia,Soto Diaz,Independiente Federación Regionalista Verde Social,,,,Diputados 2025,"B. Verdes, Regionalistas y Humanistas",Distrito 10,Metropolitana De Santiago,Diputado,59,
Ana,Albornoz Cuevas,Independiente Federación Regionalista Verde Social,,,,Diputados 2025,"B. Verdes, Regionalistas y Humanistas",Distrito 20,Del Biobio,Diputado,60,
Fanny,Araya Bahamonde,Federación Regionalista Verde Social,,,,Diputados 2025,"B. Verdes, Regionalistas y Humanistas",Distrito 19,De Ñuble,Diputado,60,
Pamela,Ñancupil Martin,Independiente Federación Regionalista Verde Social,,,,Diputados 2025,"B. Verdes, Regionalistas y Humanistas",Distrito 23,De La Araucania,Diputado,60,
Daniel,Hidalgo Veloso,Federación Regionalista Verde Social,,,,Diputados 2025,"B. Verdes, Regionalistas y Humanistas",Distrito 23,De La Araucania,Diputado,61,
Elsa,Olave Soto,Independiente Federación Regionalista Verde Social,,,,Diputados 2025,"B. Verdes, Regionalistas y Humanistas",Distrito 20,Del Biobio,Diputado,61,
Patricia,Torres Astete,Federación Regionalista Verde Social,,,,Diputados 2025,"B. Verdes, Regionalistas y Humanistas",Distrito 19,De Ñuble,Diputado,61,
Oscar,Albornoz Torres,Independiente Federación Regionalista Verde Social,,,,Diputados 2025,"B. Verdes, Regionalistas y Humanistas",Distrito 23,De La Araucania,Diputado,62,
Romina,Toledo Quevedo,Independiente Federación Regionalista Verde Social,,,,Diputados 2025,"B. Verdes, Regionalistas y Humanistas",Distrito 20,Del Biobio,Diputado,62,
Ana,Nicul Sabaria,Independiente Federación Regionalista Verde Social,,,,Diputados 2025,"B. Verdes, Regionalistas y Humanistas",Distrito 23,De La Araucania,Diputado,63,
Mario,Gonzalez Figueroa,Federación Regionalista Verde Social,,,,Diputados 2025,"B. Verdes, Regionalistas y Humanistas",Distrito 20,Del Biobio,Diputado,63,
Alejandro,Navarro Brain,Independiente Federación Regionalista Verde Social,,,,Diputados 2025,"B. Verdes, Regionalistas y Humanistas",Distrito 20,Del Biobio,Diputado,64,
Hector,Cumilaf Huentemil,Independiente Federación Regionalista Verde Social,,,,Diputados 2025,"B. Verdes, Regionalistas y Humanistas",Distrito 23,De La Araucania,Diputado,64,
Gustavo,Sotomayor Olate,Independiente Federación Regionalista Verde Social,,,,Diputados 2025,"B. Verdes, Regionalistas y Humanistas",Distrito 20,Del Biobio,Diputado,65,
Patricia,Escobar Apablaza,Independiente Federación Regionalista Verde Social,,,,Diputados 2025,"B. Verdes, Regionalistas y Humanistas",Distrito 23,De La Araucania,Diputado,65,
Felipe,Romero Pedreros,Independiente Federación Regionalista Verde Social,,,,Diputados 2025,"B. Verdes, Regionalistas y Humanistas",Distrito 20,Del Biobio,Diputado,66,
Jorge,Aguayo Cerro,Independiente Federación Regionalista Verde Social,,,,Diputados 2025,"B. Verdes, Regionalistas y Humanistas",Distrito 20,Del Biobio,Diputado,67,
Yasna,Provoste Campillay,Demócrata Cristiano,,,,Senadores 2025,C. Unidad por Chile,Circunscripción Senatorial 4,De Atacama,Senador,11,
Cinthia,Vargas Morales,Independiente Socialista de Chile,,,,Senadores 2025,C. Unidad por Chile,Circunscripción Senatorial 1,De Arica Y Parinacota,Senador,12,
Daniella,Cicardini Milla,Socialista de Chile,,,,Senadores 2025,C. Unidad por Chile,Circunscripción Senatorial 4,De Atacama,Senador,12,
Danisa,Astudillo Peiretti,Socialista de Chile,,,,Senadores 2025,C. Unidad por Chile,Circunscripción Senatorial 2,De Tarapaca,Senador,12,
Francisco,Huenchumilla Jaramillo,Demócrata Cristiano,,,,Senadores 2025,C. Unidad por Chile,Circunscripción Senatorial 11,De La Araucania,Senador,13,
Gonzalo,Prieto Navarrete,Por La Democracia,,,,Senadores 2025,C. Unidad por Chile,Circunscripción Senatorial 2,De Tarapaca,Senador,13,
Vlado,Mirosevic Verdugo,Liberal de Chile,,,,Senadores 2025,C. Unidad por Chile,Circunscripción Senatorial 1,De Arica Y Parinacota,Senador,13,
Ximena,Ordenes Neira,Independiente Por La Democracia,,,,Senadores 2025,C. Unidad por Chile,Circunscripción Senatorial 14,De Aysen Del General Carlos Ibañez Del Campo,Senador,13,
Carmen,Hertz Cadiz,Comunista de Chile,,,,Senadores 2025,C. Unidad por Chile,Circunscripción Senatorial 1,De Arica Y Parinacota,Senador,14,
Elisa,Loncon Antileo,Independiente Comunista de Chile,,,,Senadores 2025,C. Unidad por Chile,Circunscripción Senatorial 11,De La Araucania,Senador,14,
Hugo,Gutierrez Galvez,Comunista de Chile,,,,Senadores 2025,C. Unidad por Chile,Circunscripción Senatorial 2,De Tarapaca,Senador,14,
Tomas,Laibe Saez,Socialista de Chile,,,,Senadores 2025,C. Unidad por Chile,Circunscripción Senatorial 14,De Aysen Del General Carlos Ibañez Del Campo,Senador,14,
Karol,Cariola Oliva,Comunista de Chile,,,,Senadores 2025,C. Unidad por Chile,Circunscripción Senatorial 6,De Valparaiso,Senador,15,
Ricardo,Celis Araya,Independiente Por La Democracia,,,,Senadores 2025,C. Unidad por Chile,Circunscripción Senatorial 11,De La Araucania,Senador,15,
Rodrigo,Araya Morales,Frente Amplio,,,,Senadores 2025,C. Unidad por Chile,Circunscripción Senatorial 14,De Aysen Del General Carlos Ibañez Del Campo,Senador,15,
Carolina,Marzan Pinto,Por La Democracia,,,,Senadores 2025,C. Unidad por Chile,Circunscripción Senatorial 6,De Valparaiso,Senador,16,
Eugenio,Tuma Zedan,Independiente Liberal de Chile,,,,Senadores 2025,C. Unidad por Chile,Circunscripción Senatorial 11,De La Araucania,Senador,16,
Paulina,Vodanovic Rojas,Socialista de Chile,,,,Senadores 2025,C. Unidad por Chile,Circunscripción Senatorial 9,Del Maule,Senador,16,
Diego,Ibañez Cotroneo,Frente Amplio,,,,Senadores 2025,C. Unidad por Chile,Circunscripción Senatorial 6,De Valparaiso,Senador,17,
Ronald,Kliebs Yañez,Socialista de Chile,,,,Senadores 2025,C. Unidad por Chile,Circunscripción Senatorial 11,De La Araucania,Senador,17,
Sixto,Gonzalez Soto,Comunista de Chile,,,,Senadores 2025,C. Unidad por Chile,Circunscripción Senatorial 9,Del Maule,Senador,17,
Beatriz,Sanchez Muñoz,Frente Amplio,,,,Senadores 2025,C. Unidad por Chile,Circunscripción Senatorial 9,Del Maule,Senador,18,
Cristian,Epuin Brevis,Radical de Chile,,,,Senadores 2025,C. Unidad por Chile,Circunscripción Senatorial 11,De La Araucania,Senador,18,
Monica Alicia,Valencia Becerra,Independiente Liberal de Chile,,,,Senadores 2025,C. Unidad por Chile,Circunscripción Senatorial 6,De Valparaiso,Senador,18,
Jazmin,Aguilar Ortiz,Radical de Chile,,,,Senadores 2025,C. Unidad por Chile,Circunscripción Senatorial 6,De Valparaiso,Senador,19,
Ricardo,Lizama Soto,Por La Democracia,,,,Senadores 2025,C. Unidad por Chile,Circunscripción Senatorial 9,Del Maule,Senador,19,
Jose Miguel,Insulza Salinas,Socialista de Chile,,,,Senadores 2025,C. Unidad por Chile,Circunscripción Senatorial 6,De Valparaiso,Senador,20,
Juan Carlos,Figueroa Urrutia,Demócrata Cristiano,,,,Senadores 2025,C. Unidad por Chile,Circunscripción Senatorial 9,Del Maule,Senador,20,
Alexis,Sepulveda Soto,Radical de Chile,,,,Senadores 2025,C. Unidad por Chile,Circunscripción Senatorial 9,Del Maule,Senador,21,
Javiera,Morales Alvarado,Frente Amplio,,,,Diputados 2025,C. Unidad por Chile,Distrito 28,De Magallanes Y De La Antartica Chilena,Diputado,53,
Veronica,Aguilar Martinez,Independiente Radical de Chile,,,,Diputados 2025,C. Unidad por Chile,Distrito 28,De Magallanes Y De La Antartica Chilena,Diputado,54,
Andrea,Macias Palma,Socialista de Chile,,,,Diputados 2025,C. Unidad por Chile,Distrito 27,De Aysen Del General Carlos Ibañez Del Campo,Diputado,55,
Ivania,Salinas Villanueva,Comunista de Chile,,,,Diputados 2025,C. Unidad por Chile,Distrito 28,De Magallanes Y De La Antartica Chilena,Diputado,55,
Luis,Malla Valenzuela,Liberal de Chile,,,,Diputados 2025,C. Unidad por Chile,Distrito 1,De Arica Y Parinacota,Diputado,55,
Matias,Ramirez Pascal,Comunista de Chile,,,,Diputados 2025,C. Unidad por Chile,Distrito 2,De Tarapaca,Diputado,55,
Ana Maria,Bravo Castro,Socialista de Chile,,,,Diputados 2025,C. Unidad por Chile,Distrito 24,De Los Rios,Diputado,56,
Carlos Jose,Carvajal Gallardo,Independiente Por La Democracia,,,,Diputados 2025,C. Unidad por Chile,Distrito 2,De Tarapaca,Diputado,56,
Consuelo,Veloso Avila,Independiente Radical de Chile,,,,Diputados 2025,C. Unidad por Chile,Distrito 18,Del Maule,Diputado,56,
Cristian,Tapia Ramos,Independiente Por La Democracia,,,,Diputados 2025,C. Unidad por Chile,Distrito 4,De Atacama,Diputado,56,
Felix,Bugueño Sotelo,Frente Amplio,,,,Diputados 2025,C. Unidad por Chile,Distrito 16,Del Libertador General Bernardo O'Higgins,Diputado,56,
Hector,Barria Angulo,Demócrata Cristiano,,,,Diputados 2025,C. Unidad por Chile,Distrito 25,De Los Lagos,Diputado,56,
Jorge,Diaz Ibarra,Demócrata Cristiano,,,,Diputados 2025,C. Unidad por Chile,Distrito 1,De Arica Y Parinacota,Diputado,56,
Lorena,Pizarro Sierra,Comunista de Chile,,,,Diputados 2025,C. Unidad por Chile,Distrito 13,Metropolitana De Santiago,Diputado,56,
Pablo,Bussenius Cornejo,Socialista de Chile,,,,Diputados 2025,C. Unidad por Chile,Distrito 28,De Magallanes Y De La Antartica Chilena,Diputado,56,
Romina,Cejas Hidalgo,Frente Amplio,,,,Diputados 2025,C. Unidad por Chile,Distrito 27,De Aysen Del General Carlos Ibañez Del Campo,Diputado,56,
Abraham,Diaz Mamani,Demócrata Cristiano,,,,Diputados 2025,C. Unidad por Chile,Distrito 2,De Tarapaca,Diputado,57,
Carla,Matus Gonzalez,Independiente Por La Democracia,,,,Diputados 2025,C. Unidad por Chile,Distrito 4,De Atacama,Diputado,57,
Florenia,Carvajal Cid,Por La Democracia,,,,Diputados 2025,C. Unidad por Chile,Distrito 16,Del Libertador General Bernardo O'Higgins,Diputado,57,
Gael,Yeomans Araya,Frente Amplio,,,,Diputados 2025,C. Unidad por Chile,Distrito 13,Metropolitana De Santiago,Diputado,57,
Giovanna,Calle Capuma,Por La Democracia,,,,Diputados 2025,C. Unidad por Chile,Distrito 1,De Arica Y Parinacota,Diputado,57,
Hector,Ulloa Aguilera,Independiente Por La Democracia,,,,Diputados 2025,C. Unidad por Chile,Distrito 26,De Los Lagos,Diputado,57,
Jaime,Figueroa Leviguan,Frente Amplio,,,,Diputados 2025,C. Unidad por Chile,Distrito 25,De Los Lagos,Diputado,57,
Lucia,Gonzalez Gaete,Demócrata Cristiano,,,,Diputados 2025,C. Unidad por Chile,Distrito 18,Del Maule,Diputado,57,
Luperciano,Muñoz Gonzalez,Independiente Radical de Chile,,,,Diputados 2025,C. Unidad por Chile,Distrito 27,De Aysen Del General Carlos Ibañez Del Campo,Diputado,57,
Marcos,Ilabaca Cerda,Socialista de Chile,,,,Diputados 2025,C. Unidad por Chile,Distrito 24,De Los Rios,Diputado,57,
Raul,Soto Mardones,Por La Democracia,,,,Diputados 2025,C. Unidad por Chile,Distrito 15,Del Libertador General Bernardo O'Higgins,Diputado,57,
Sebastian Patricio,Videla Castillo,Independiente Liberal de Chile,,,,Diputados 2025,C. Unidad por Chile,Distrito 3,De Antofagasta,Diputado,57,
Andrea,Parra Sauterel,Por La Democracia,,,,Diputados 2025,C. Unidad por Chile,Distrito 22,De La Araucania,Diputado,58,
Andres,Giordano Salazar,Frente Amplio,,,,Diputados 2025,C. Unidad por Chile,Distrito 9,Metropolitana De Santiago,Diputado,58,
Carolina,Cucumides Calderon,Independiente Socialista de Chile,,,,Diputados 2025,C. Unidad por Chile,Distrito 16,Del Libertador General Bernardo O'Higgins,Diputado,58,
Cristobal,Barra Catalan,Por La Democracia,,,,Diputados 2025,C. Unidad por Chile,Distrito 13,Metropolitana De Santiago,Diputado,58,
Daniela,Serrano Salazar,Comunista de Chile,,,,Diputados 2025,C. Unidad por Chile,Distrito 12,Metropolitana De Santiago,Diputado,58,
Ericka,Portilla Barrios,Comunista de Chile,,,,Diputados 2025,C. Unidad por Chile,Distrito 4,De Atacama,Diputado,58,
Fernando,Zamorano Peralta,Por La Democracia,,,,Diputados 2025,C. Unidad por Chile,Distrito 15,Del Libertador General Bernardo O'Higgins,Diputado,58,
Jaime,Araya Guerrero,Independiente Por La Democracia,,,,Diputados 2025,C. Unidad por Chile,Distrito 3,De Antofagasta,Diputado,58,
Jaime,Saez Quiroz,Frente Amplio,,,,Diputados 2025,C. Unidad por Chile,Distrito 26,De Los Lagos,Diputado,58,
Matias,Fernandez Hartwig,Frente Amplio,,,,Diputados 2025,C. Unidad por Chile,Distrito 24,De Los Rios,Diputado,58,
Nataly Javiera,Oyarzo Cardenas,Liberal de Chile,,,,Diputados 2025,C. Unidad por Chile,Distrito 25,De Los Lagos,Diputado,58,
Noemi,Salinas Polanco,Frente Amplio,,,,Diputados 2025,C. Unidad por Chile,Distrito 2,De Tarapaca,Diputado,58,
Patricio,Aylwin Fuentealba,Demócrata Cristiano,,,,Diputados 2025,C. Unidad por Chile,Distrito 27,De Aysen Del General Carlos Ibañez Del Campo,Diputado,58,
Raul,Leiva Carvajal,Socialista de Chile,,,,Diputados 2025,C. Unidad por Chile,Distrito 14,Metropolitana De Santiago,Diputado,58,
Roberto,Celedon Fernandez,Independiente Frente Amplio,,,,Diputados 2025,C. Unidad por Chile,Distrito 17,Del Maule,Diputado,58,
Rodrigo Alfonso,Rettig Vargas,Liberal de Chile,,,,Diputados 2025,C. Unidad por Chile,Distrito 11,Metropolitana De Santiago,Diputado,58,
Rodrigo,Hermosilla Gatica,Socialista de Chile,,,,Diputados 2025,C. Unidad por Chile,Distrito 18,Del Maule,Diputado,58,
Sandra,Flores Contreras,Socialista de Chile,,,,Diputados 2025,C. Unidad por Chile,Distrito 1,De Arica Y Parinacota,Diputado,58,
Carolina,Tello Rojas,Frente Amplio,,,,Diputados 2025,C. Unidad por Chile,Distrito 5,De Coquimbo,Diputado,59,
Gloria,Paredes Valdes,Demócrata Cristiano,,,,Diputados 2025,C. Unidad por Chile,Distrito 16,Del Libertador General Bernardo O'Higgins,Diputado,59,
Juan,Navarro Romero,Comunista de Chile,,,,Diputados 2025,C. Unidad por Chile,Distrito 12,Metropolitana De Santiago,Diputado,59,
Leonardo,Jofre Rios,Frente Amplio,,,,Diputados 2025,C. Unidad por Chile,Distrito 9,Metropolitana De Santiago,Diputado,59,
Manuel,Ballesteros Curumilla,Socialista de Chile,,,,Diputados 2025,C. Unidad por Chile,Distrito 26,De Los Lagos,Diputado,59,
Marcela,Hevia Cubillos,Independiente Liberal de Chile,,,,Diputados 2025,C. Unidad por Chile,Distrito 11,Metropolitana De Santiago,Diputado,59,
Monica,Muñoz Guajardo,Por La Democracia,,,,Diputados 2025,C. Unidad por Chile,Distrito 18,Del Maule,Diputado,59,
Nataly,Rojas Seguel,Frente Amplio,,,,Diputados 2025,C. Unidad por Chile,Distrito 17,Del Maule,Diputado,59,
Pablo,Zenteno Muñoz,Comunista de Chile,,,,Diputados 2025,C. Unidad por Chile,Distrito 4,De Atacama,Diputado,59,
Patricio,Poza Barrera,Por La Democracia,,,,Diputados 2025,C. Unidad por Chile,Distrito 22,De La Araucania,Diputado,59,
Paulina,Lizana Martinez,Comunista de Chile,,,,Diputados 2025,C. Unidad por Chile,Distrito 3,De Antofagasta,Diputado,59,
Raisa,Martinez Muñoz,Comunista de Chile,,,,Diputados 2025,C. Unidad por Chile,Distrito 15,Del Libertador General Bernardo O'Higgins,Diputado,59,
Ramon,Espinoza Sandoval,Independiente Por La Democracia,,,,Diputados 2025,C. Unidad por Chile,Distrito 25,De Los Lagos,Diputado,59,
Renata,Vasquez Aldunce,Demócrata Cristiano,,,,Diputados 2025,C. Unidad por Chile,Distrito 13,Metropolitana De Santiago,Diputado,59,
Roberto,Soto Ferrada,Socialista de Chile,,,,Diputados 2025,C. Unidad por Chile,Distrito 14,Metropolitana De Santiago,Diputado,59,
Ruben,Oyarzo Figueroa,Radical de Chile,,,,Diputados 2025,C. Unidad por Chile,Distrito 8,Metropolitana De Santiago,Diputado,59,
Waldo,Flores Vera,Demócrata Cristiano,,,,Diputados 2025,C. Unidad por Chile,Distrito 24,De Los Rios,Diputado,59,
Alexis,Osses Moyano,Comunista de Chile,,,,Diputados 2025,C. Unidad por Chile,Distrito 26,De Los Lagos,Diputado,60,
Boris,Barrera Moreno,Comunista de Chile,,,,Diputados 2025,C. Unidad por Chile,Distrito 9,Metropolitana De Santiago,Diputado,60,
Clara,Sagardia Cabezas,Frente Amplio,,,,Diputados 2025,C. Unidad por Chile,Distrito 21,Del Biobio,Diputado,60,
Constanza,Schonhaut Soto,Frente Amplio,,,,Diputados 2025,C. Unidad por Chile,Distrito 11,Metropolitana De Santiago,Diputado,60,
Cosme,Mellado Pino,Radical de Chile,,,,Diputados 2025,C. Unidad por Chile,Distrito 16,Del Libertador General Bernardo O'Higgins,Diputado,60,
Daniel Manouchehri,Moghadam Kashan Lobos,Socialista de Chile,,,,Diputados 2025,C. Unidad por Chile,Distrito 5,De Coquimbo,Diputado,60,1
Elizabeth,Zuñiga Cruz,Radical de Chile,,,,Diputados 2025,C. Unidad por Chile,Distrito 13,Metropolitana De Santiago,Diputado,60,
Emilia,Nuyado Ancapichun,Socialista de Chile,,,,Diputados 2025,C. Unidad por Chile,Distrito 25,De Los Lagos,Diputado,60,
Gonzalo,Winter Etcheberry,Frente Amplio,,,,Diputados 2025,C. Unidad por Chile,Distrito 10,Metropolitana De Santiago,Diputado,60,
Juan,Latorre Riveros,Frente Amplio,,,,Diputados 2025,C. Unidad por Chile,Distrito 6,De Valparaiso,Diputado,60,
Karina,Cartagena Bastias,Frente Amplio,,,,Diputados 2025,C. Unidad por Chile,Distrito 18,Del Maule,Diputado,60,
Luis,Penchuleo Morales,Frente Amplio,,,,Diputados 2025,C. Unidad por Chile,Distrito 22,De La Araucania,Diputado,60,
Marcela,Hernando Perez,Radical de Chile,,,,Diputados 2025,C. Unidad por Chile,Distrito 3,De Antofagasta,Diputado,60,
Marisela,Santibañez Novoa,Independiente Comunista de Chile,,,,Diputados 2025,C. Unidad por Chile,Distrito 14,Metropolitana De Santiago,Diputado,60,
Pamela,Bordones Olivares,Independiente Socialista de Chile,,,,Diputados 2025,C. Unidad por Chile,Distrito 4,De Atacama,Diputado,60,
Priscilla,Castillo Gerli,Demócrata Cristiano,,,,Diputados 2025,C. Unidad por Chile,Distrito 17,Del Maule,Diputado,60,
Simon,Ramirez Gonzalez,Frente Amplio,,,,Diputados 2025,C. Unidad por Chile,Distrito 12,Metropolitana De Santiago,Diputado,60,
Tomas,Lagomarsino Guzman,Radical de Chile,,,,Diputados 2025,C. Unidad por Chile,Distrito 7,De Valparaiso,Diputado,60,
Valentina,Caceres Monsalvez,Independiente Frente Amplio,,,,Diputados 2025,C. Unidad por Chile,Distrito 15,Del Libertador General Bernardo O'Higgins,Diputado,60,
Vanessa,Huaiquimilla Pinochet,Por La Democracia,,,,Diputados 2025,C. Unidad por Chile,Distrito 24,De Los Rios,Diputado,60,
Viviana Soledad,Delgado Riquelme,Liberal de Chile,,,,Diputados 2025,C. Unidad por Chile,Distrito 8,Metropolitana De Santiago,Diputado,60,
Adolfo,Millabur Ñancuil,Independiente Frente Amplio,,,,Diputados 2025,C. Unidad por Chile,Distrito 21,Del Biobio,Diputado,61,
Carola,Rivero Canales,Socialista de Chile,,,,Diputados 2025,C. Unidad por Chile,Distrito 9,Metropolitana De Santiago,Diputado,61,
Carolina,Herrera Contreras,Independiente Socialista de Chile,,,,Diputados 2025,C. Unidad por Chile,Distrito 15,Del Libertador General Bernardo O'Higgins,Diputado,61,
Cristopher,Valdivia Olate,Liberal de Chile,,,,Diputados 2025,C. Unidad por Chile,Distrito 8,Metropolitana De Santiago,Diputado,61,
Daniel,Melo Contreras,Socialista de Chile,,,,Diputados 2025,C. Unidad por Chile,Distrito 13,Metropolitana De Santiago,Diputado,61,
Emilia,Schneider Videla,Frente Amplio,,,,Diputados 2025,C. Unidad por Chile,Distrito 10,Metropolitana De Santiago,Diputado,61,
Feve,Hugo Lorca,Demócrata Cristiano,,,,Diputados 2025,C. Unidad por Chile,Distrito 26,De Los Lagos,Diputado,61,
Francisca,Bello Campos,Frente Amplio,,,,Diputados 2025,C. Unidad por Chile,Distrito 6,De Valparaiso,Diputado,61,
Ignacio,Achurra Diaz,Frente Amplio,,,,Diputados 2025,C. Unidad por Chile,Distrito 14,Metropolitana De Santiago,Diputado,61,
Isidora,Alcalde Egaña,Frente Amplio,,,,Diputados 2025,C. Unidad por Chile,Distrito 11,Metropolitana De Santiago,Diputado,61,
Javier,Muñoz Riquelme,Demócrata Cristiano,,,,Diputados 2025,C. Unidad por Chile,Distrito 17,Del Maule,Diputado,61,
Jorge,Brito Hasbun,Frente Amplio,,,,Diputados 2025,C. Unidad por Chile,Distrito 7,De Valparaiso,Diputado,61,
Juan,Santana Castillo,Socialista de Chile,,,,Diputados 2025,C. Unidad por Chile,Distrito 4,De Atacama,Diputado,61,
Lorenna,Saldias Yañez,Radical de Chile,,,,Diputados 2025,C. Unidad por Chile,Distrito 24,De Los Rios,Diputado,61,
Manuela,Royo Letelier,Independiente Frente Amplio,,,,Diputados 2025,C. Unidad por Chile,Distrito 22,De La Araucania,Diputado,61,
Marco,Velarde Salinas,Frente Amplio,,,,Diputados 2025,C. Unidad por Chile,Distrito 12,Metropolitana De Santiago,Diputado,61,
Margarita,Montecino Cortez,Demócrata Cristiano,,,,Diputados 2025,C. Unidad por Chile,Distrito 3,De Antofagasta,Diputado,61,
Nathalie,Castillo Rojas,Comunista de Chile,,,,Diputados 2025,C. Unidad por Chile,Distrito 5,De Coquimbo,Diputado,61,
Alejandro Javier,Bernales Maldonado,Liberal de Chile,,,,Diputados 2025,C. Unidad por Chile,Distrito 26,De Los Lagos,Diputado,62,
Bernardo,Salinas Maya,Independiente Comunista de Chile,,,,Diputados 2025,C. Unidad por Chile,Distrito 5,De Coquimbo,Diputado,62,
Boris,Duran Reyes,Socialista de Chile,,,,Diputados 2025,C. Unidad por Chile,Distrito 17,Del Maule,Diputado,62,
Cesar,Valenzuela Maass,Socialista de Chile,,,,Diputados 2025,C. Unidad por Chile,Distrito 9,Metropolitana De Santiago,Diputado,62,
Cindy,Solis Ibarra,Independiente Por La Democracia,,,,Diputados 2025,C. Unidad por Chile,Distrito 11,Metropolitana De Santiago,Diputado,62,
Claudia,Hasbun Faila,Socialista de Chile,,,,Diputados 2025,C. Unidad por Chile,Distrito 12,Metropolitana De Santiago,Diputado,62,
Felipe,Camaño Cardenas,Independiente Demócrata Cristiano,,,,Diputados 2025,C. Unidad por Chile,Distrito 19,De Ñuble,Diputado,62,
Gabriela,Carrasco Urquieta,Frente Amplio,,,,Diputados 2025,C. Unidad por Chile,Distrito 3,De Antofagasta,Diputado,62,
Gustavo,Gatica Villarroel,Independiente Comunista de Chile,,,,Diputados 2025,C. Unidad por Chile,Distrito 8,Metropolitana De Santiago,Diputado,62,
Jaime,Bassa Mercado,Frente Amplio,,,,Diputados 2025,C. Unidad por Chile,Distrito 7,De Valparaiso,Diputado,62,
Lorena,Fries Monleon,Frente Amplio,,,,Diputados 2025,C. Unidad por Chile,Distrito 10,Metropolitana De Santiago,Diputado,62,
Lorena,Perez Larenas,Radical de Chile,,,,Diputados 2025,C. Unidad por Chile,Distrito 21,Del Biobio,Diputado,62,
Marcela,Riquelme Aliaga,Independiente Radical de Chile,,,,Diputados 2025,C. Unidad por Chile,Distrito 15,Del Libertador General Bernardo O'Higgins,Diputado,62,
Nelson,Venegas Salazar,Socialista de Chile,,,,Diputados 2025,C. Unidad por Chile,Distrito 6,De Valparaiso,Diputado,62,
Nibaldo,Meza Garfia,Demócrata Cristiano,,,,Diputados 2025,C. Unidad por Chile,Distrito 14,Metropolitana De Santiago,Diputado,62,
Ximena,Sepulveda Varas,Independiente Demócrata Cristiano,,,,Diputados 2025,C. Unidad por Chile,Distrito 22,De La Araucania,Diputado,62,
Alejandra,Placencia Cabello,Comunista de Chile,,,,Diputados 2025,C. Unidad por Chile,Distrito 10,Metropolitana De Santiago,Diputado,63,
Anwar,Farran Veloso,Independiente Radical de Chile,,,,Diputados 2025,C. Unidad por Chile,Distrito 21,Del Biobio,Diputado,63,
Christian,Pino Lopez,Independiente Radical de Chile,,,,Diputados 2025,C. Unidad por Chile,Distrito 14,Metropolitana De Santiago,Diputado,63,
Erick Solo,De Zaldivar Garay,Frente Amplio,,,,Diputados 2025,C. Unidad por Chile,Distrito 19,De Ñuble,Diputado,63,1
Gabriel,Rojas Rojas,Independiente Socialista de Chile,,,,Diputados 2025,C. Unidad por Chile,Distrito 17,Del Maule,Diputado,63,
Jorge Insunza,Gregorio De Las Heras,Por La Democracia,,,,Diputados 2025,C. Unidad por Chile,Distrito 5,De Coquimbo,Diputado,63,1
Li,Fridman Moses,Independiente Socialista de Chile,,,,Diputados 2025,C. Unidad por Chile,Distrito 12,Metropolitana De Santiago,Diputado,63,
Luis Cuello,Peña Y Lillo,Comunista de Chile,,,,Diputados 2025,C. Unidad por Chile,Distrito 7,De Valparaiso,Diputado,63,1
Marcos,Barraza Gomez,Comunista de Chile,,,,Diputados 2025,C. Unidad por Chile,Distrito 8,Metropolitana De Santiago,Diputado,63,
Maria Ester,Olea Rodriguez,Radical de Chile,,,,Diputados 2025,C. Unidad por Chile,Distrito 11,Metropolitana De Santiago,Diputado,63,
Mauricio,Viñambres Adasme,Independiente Radical de Chile,,,,Diputados 2025,C. Unidad por Chile,Distrito 6,De Valparaiso,Diputado,63,
Sandra,Gonzalez Zamorano,Independiente Por La Democracia,,,,Diputados 2025,C. Unidad por Chile,Distrito 9,Metropolitana De Santiago,Diputado,63,
Ana,Muñoz Muñoz,Independiente Radical de Chile,,,,Diputados 2025,C. Unidad por Chile,Distrito 17,Del Maule,Diputado,64,
Camila,Musante Muller,Independiente Por La Democracia,,,,Diputados 2025,C. Unidad por Chile,Distrito 14,Metropolitana De Santiago,Diputado,64,
Carlos,Cuadrado Prats,Por La Democracia,,,,Diputados 2025,C. Unidad por Chile,Distrito 9,Metropolitana De Santiago,Diputado,64,
Cecilia,Celis Ahumada,Demócrata Cristiano,,,,Diputados 2025,C. Unidad por Chile,Distrito 11,Metropolitana De Santiago,Diputado,64,
Claudia,Atenas Soza,Demócrata Cristiano,,,,Diputados 2025,C. Unidad por Chile,Distrito 8,Metropolitana De Santiago,Diputado,64,
Dinka,Tomicic Bobadilla,Demócrata Cristiano,,,,Diputados 2025,C. Unidad por Chile,Distrito 12,Metropolitana De Santiago,Diputado,64,
Iraci,Hassler Jacob,Comunista de Chile,,,,Diputados 2025,C. Unidad por Chile,Distrito 10,Metropolitana De Santiago,Diputado,64,
Josefa Javiera,Del Pilar Balmaceda Vasquez,Independiente Liberal de Chile,,,,Diputados 2025,C. Unidad por Chile,Distrito 19,De Ñuble,Diputado,64,1
Luis,Foncea Calderon,Independiente Por La Democracia,,,,Diputados 2025,C. Unidad por Chile,Distrito 6,De Valparaiso,Diputado,64,
Patricio,Pinilla Valencia,Demócrata Cristiano,,,,Diputados 2025,C. Unidad por Chile,Distrito 21,Del Biobio,Diputado,64,
Rafael,Vera Castillo,Independiente Radical de Chile,,,,Diputados 2025,C. Unidad por Chile,Distrito 5,De Coquimbo,Diputado,64,
Roy,Crichton Orellana,Demócrata Cristiano,,,,Diputados 2025,C. Unidad por Chile,Distrito 7,De Valparaiso,Diputado,64,
Cesar,Riquelme Alarcon,Radical de Chile,,,,Diputados 2025,C. Unidad por Chile,Distrito 19,De Ñuble,Diputado,65,
Felipe Alfredo,Rios Cuevas,Liberal de Chile,,,,Diputados 2025,C. Unidad por Chile,Distrito 7,De Valparaiso,Diputado,65,
Fernanda,Villegas Acevedo,Socialista de Chile,,,,Diputados 2025,C. Unidad por Chile,Distrito 10,Metropolitana De Santiago,Diputado,65,
Juan Carlos,Valdivia Lena,Independiente Demócrata Cristiano,,,,Diputados 2025,C. Unidad por Chile,Distrito 8,Metropolitana De Santiago,Diputado,65,
Karen,Medina Vasquez,Independiente Demócrata Cristiano,,,,Diputados 2025,C. Unidad por Chile,Distrito 21,Del Biobio,Diputado,65,
Monica,Arce Castro,Independiente Demócrata Cristiano,,,,Diputados 2025,C. Unidad por Chile,Distrito 12,Metropolitana De Santiago,Diputado,65,
Pablo Del,Rio Jimenez,Radical de Chile,,,,Diputados 2025,C. Unidad por Chile,Distrito 17,Del Maule,Diputado,65,1
Ricardo,Cifuentes Lillo,Demócrata Cristiano,,,,Diputados 2025,C. Unidad por Chile,Distrito 5,De Coquimbo,Diputado,65,
Sabas Ivan,Chahuan Sarras,Independiente Liberal de Chile,,,,Diputados 2025,C. Unidad por Chile,Distrito 6,De Valparaiso,Diputado,65,
Ana Maria,Hernandez San Martin,Demócrata Cristiano,,,,Diputados 2025,C. Unidad por Chile,Distrito 10,Metropolitana De Santiago,Diputado,66,1
Francisco,Crisostomo Llanos,Socialista de Chile,,,,Diputados 2025,C. Unidad por Chile,Distrito 19,De Ñuble,Diputado,66,
Jaime,Quintana Leal,Por La Democracia,,,,Diputados 2025,C. Unidad por Chile,Distrito 23,De La Araucania,Diputado,66,
Manuel,Murillo Calderon,Independiente Por La Democracia,,,,Diputados 2025,C. Unidad por Chile,Distrito 7,De Valparaiso,Diputado,66,
Sofia,Gonzalez Cortes,Comunista de Chile,,,,Diputados 2025,C. Unidad por Chile,Distrito 6,De Valparaiso,Diputado,66,
Tatiana,Urrutia Herrera,Frente Amplio,,,,Diputados 2025,C. Unidad por Chile,Distrito 8,Metropolitana De Santiago,Diputado,66,
Claudia,Mix Jimenez,Frente Amplio,,,,Diputados 2025,C. Unidad por Chile,Distrito 8,Metropolitana De Santiago,Diputado,67,
Cristian,Mella Andaur,Demócrata Cristiano,,,,Diputados 2025,C. Unidad por Chile,Distrito 6,De Valparaiso,Diputado,67,
Helia,Molina Milman,Por La Democracia,,,,Diputados 2025,C. Unidad por Chile,Distrito 10,Metropolitana De Santiago,Diputado,67,
Jose,Montalva Feuerhake,Independiente Por La Democracia,,,,Diputados 2025,C. Unidad por Chile,Distrito 23,De La Araucania,Diputado,67,
Scarlet,Hidalgo Jara,Por La Democracia,,,,Diputados 2025,C. Unidad por Chile,Distrito 19,De Ñuble,Diputado,67,
Tomas De,Rementeria Venegas,Socialista de Chile,,,,Diputados 2025,C. Unidad por Chile,Distrito 7,De Valparaiso,Diputado,67,1
Arturo,Barrios Oteiza,Socialista de Chile,,,,Diputados 2025,C. Unidad por Chile,Distrito 7,De Valparaiso,Diputado,68,
Coca,Ñanco Vasquez,Frente Amplio,,,,Diputados 2025,C. Unidad por Chile,Distrito 23,De La Araucania,Diputado,68,
Gaspar,Rivas Sanchez,Independiente Demócrata Cristiano,,,,Diputados 2025,C. Unidad por Chile,Distrito 6,De Valparaiso,Diputado,68,
Jose,Toro Kemp,Por La Democracia,,,,Diputados 2025,C. Unidad por Chile,Distrito 10,Metropolitana De Santiago,Diputado,68,
Maria Candelaria,Acevedo Saez,Comunista de Chile,,,,Diputados 2025,C. Unidad por Chile,Distrito 20,Del Biobio,Diputado,68,
Christian,Dulansky Araya,Frente Amplio,,,,Diputados 2025,C. Unidad por Chile,Distrito 23,De La Araucania,Diputado,69,
Eduardo,Barra Jofre,Comunista de Chile,,,,Diputados 2025,C. Unidad por Chile,Distrito 20,Del Biobio,Diputado,69,
Alicia,Yañez Soto,Por La Democracia,,,,Diputados 2025,C. Unidad por Chile,Distrito 20,Del Biobio,Diputado,70,
Pablo,Diaz Salazar,Demócrata Cristiano,,,,Diputados 2025,C. Unidad por Chile,Distrito 23,De La Araucania,Diputado,70,
Carlos Alexis,Vallejos Vallejos,Demócrata Cristiano,,,,Diputados 2025,C. Unidad por Chile,Distrito 23,De La Araucania,Diputado,71,
Carolina Beatriz,Martinez Ebner,Liberal de Chile,,,,Diputados 2025,C. Unidad por Chile,Distrito 20,Del Biobio,Diputado,71,
Claudia Tapia,De La Peña,Socialista de Chile,,,,Diputados 2025,C. Unidad por Chile,Distrito 23,De La Araucania,Diputado,72,1
Daniela,Dresdner Vicencio,Frente Amplio,,,,Diputados 2025,C. Unidad por Chile,Distrito 20,Del Biobio,Diputado,72,
Macarena,Flores Montoya,Radical de Chile,,,,Diputados 2025,C. Unidad por Chile,Distrito 20,Del Biobio,Diputado,73,
Raul,Allard Soto,Socialista de Chile,,,,Diputados 2025,C. Unidad por Chile,Distrito 23,De La Araucania,Diputado,73,
Antonio,Rivas Villalobos,Socialista de Chile,,,,Diputados 2025,C. Unidad por Chile,Distrito 20,Del Biobio,Diputado,74,
Alvaro,Ortiz Vera,Demócrata Cristiano,,,,Diputados 2025,C. Unidad por Chile,Distrito 20,Del Biobio,Diputado,75,
Eric,Aedo Jeldres,Demócrata Cristiano,,,,Diputados 2025,C. Unidad por Chile,Distrito 20,Del Biobio,Diputado,76,
Arturo,Fernandez Diaz,Independiente Igualdad,,,,Senadores 2025,D. Izquierda Ecologista Popular Animalista y Humanista,Circunscripción Senatorial 4,De Atacama,Senador,13,
Marina,Caceres Carvajal,Igualdad,,,,Senadores 2025,D. Izquierda Ecologista Popular Animalista y Humanista,Circunscripción Senatorial 4,De Atacama,Senador,14,
Claudio Vicente,Ojeda Murillo,Humanista,,,,Senadores 2025,D. Izquierda Ecologista Popular Animalista y Humanista,Circunscripción Senatorial 1,De Arica Y Parinacota,Senador,15,
Juan Carlos,Huerta Moraga,Humanista,,,,Senadores 2025,D. Izquierda Ecologista Popular Animalista y Humanista,Circunscripción Senatorial 2,De Tarapaca,Senador,15,
Andrea Rosita,Chellew Stambuk,Humanista,,,,Senadores 2025,D. Izquierda Ecologista Popular Animalista y Humanista,Circunscripción Senatorial 1,De Arica Y Parinacota,Senador,16,
Juan Jacobo,Tancara Chambe,Humanista,,,,Diputados 2025,D. Izquierda Ecologista Popular Animalista y Humanista,Distrito 1,De Arica Y Parinacota,Diputado,59,
Ana Andrea,Carvajal Maripan,Independiente Humanista,,,,Diputados 2025,D. Izquierda Ecologista Popular Animalista y Humanista,Distrito 1,De Arica Y Parinacota,Diputado,60,
Roberto Samuel,Flores Salgado,Independiente Humanista,,,,Diputados 2025,D. Izquierda Ecologista Popular Animalista y Humanista,Distrito 1,De Arica Y Parinacota,Diputado,61,
Jorge Cristian,Muñoz Reyes,Independiente Humanista,,,,Diputados 2025,D. Izquierda Ecologista Popular Animalista y Humanista,Distrito 13,Metropolitana De Santiago,Diputado,62,
Adela Maria,Pizarro Goncalvez,Humanista,,,,Diputados 2025,D. Izquierda Ecologista Popular Animalista y Humanista,Distrito 3,De Antofagasta,Diputado,63,
Fernando Israel,Vilches Cespedes,Humanista,,,,Diputados 2025,D. Izquierda Ecologista Popular Animalista y Humanista,Distrito 13,Metropolitana De Santiago,Diputado,63,
Dan,Ibacache Paniagua,Igualdad,,,,Diputados 2025,D. Izquierda Ecologista Popular Animalista y Humanista,Distrito 3,De Antofagasta,Diputado,64,
Gazzi Andres,Jacob Nuñez,Independiente Humanista,,,,Diputados 2025,D. Izquierda Ecologista Popular Animalista y Humanista,Distrito 13,Metropolitana De Santiago,Diputado,64,
Amelia Del,Carmen Gallegos Ramirez,Humanista,,,,Diputados 2025,D. Izquierda Ecologista Popular Animalista y Humanista,Distrito 9,Metropolitana De Santiago,Diputado,65,1
Marisela Del,Pilar Petersen Basaez,Independiente Humanista,,,,Diputados 2025,D. Izquierda Ecologista Popular Animalista y Humanista,Distrito 13,Metropolitana De Santiago,Diputado,65,1
Nelson Nicolas,Peña Gallardo,Humanista,,,,Diputados 2025,D. Izquierda Ecologista Popular Animalista y Humanista,Distrito 11,Metropolitana De Santiago,Diputado,65,
Ricardo,Martinez Valencia,Independiente Humanista,,,,Diputados 2025,D. Izquierda Ecologista Popular Animalista y Humanista,Distrito 14,Metropolitana De Santiago,Diputado,65,
Carla Belen,Burgos Escobar,Igualdad,,,,Diputados 2025,D. Izquierda Ecologista Popular Animalista y Humanista,Distrito 21,Del Biobio,Diputado,66,
Guillermo,Gonzalez Castro,Independiente Humanista,,,,Diputados 2025,D. Izquierda Ecologista Popular Animalista y Humanista,Distrito 11,Metropolitana De Santiago,Diputado,66,
Gustavo Enrique,Gonzalez Araya,Independiente Humanista,,,,Diputados 2025,D. Izquierda Ecologista Popular Animalista y Humanista,Distrito 14,Metropolitana De Santiago,Diputado,66,
Maria,Galleguillos Torres,Igualdad,,,,Diputados 2025,D. Izquierda Ecologista Popular Animalista y Humanista,Distrito 5,De Coquimbo,Diputado,66,
Natalia,Garrido Toro,Independiente Humanista,,,,Diputados 2025,D. Izquierda Ecologista Popular Animalista y Humanista,Distrito 12,Metropolitana De Santiago,Diputado,66,
Viviana,Montecinos Suazo,Independiente Humanista,,,,Diputados 2025,D. Izquierda Ecologista Popular Animalista y Humanista,Distrito 9,Metropolitana De Santiago,Diputado,66,
Abraham,Muñoz Vilches,Independiente Humanista,,,,Diputados 2025,D. Izquierda Ecologista Popular Animalista y Humanista,Distrito 14,Metropolitana De Santiago,Diputado,67,
Adrian Antonio,Lizama Barra,Independiente Humanista,,,,Diputados 2025,D. Izquierda Ecologista Popular Animalista y Humanista,Distrito 9,Metropolitana De Santiago,Diputado,67,
Maria Angelica,Romero Donoso,Humanista,,,,Diputados 2025,D. Izquierda Ecologista Popular Animalista y Humanista,Distrito 11,Metropolitana De Santiago,Diputado,67,
Rene,Valle Toro,Independiente Humanista,,,,Diputados 2025,D. Izquierda Ecologista Popular Animalista y Humanista,Distrito 12,Metropolitana De Santiago,Diputado,67,
Rodrigo,Andrade Ramirez,Igualdad,,,,Diputados 2025,D. Izquierda Ecologista Popular Animalista y Humanista,Distrito 5,De Coquimbo,Diputado,67,
Arturo,Ellis Cataldo,Independiente Igualdad,,,,Diputados 2025,D. Izquierda Ecologista Popular Animalista y Humanista,Distrito 5,De Coquimbo,Diputado,68,
Cesar,Uribe Araya,Independiente Igualdad,,,,Diputados 2025,D. Izquierda Ecologista Popular Animalista y Humanista,Distrito 19,De Ñuble,Diputado,68,
Elio,Zarate Moraga,Independiente Humanista,,,,Diputados 2025,D. Izquierda Ecologista Popular Animalista y Humanista,Distrito 11,Metropolitana De Santiago,Diputado,68,
Elisa Andrea,Rojas Herrera,Independiente Humanista,,,,Diputados 2025,D. Izquierda Ecologista Popular Animalista y Humanista,Distrito 8,Metropolitana De Santiago,Diputado,68,
Jasmin Lizette,Donoso Romero,Humanista,,,,Diputados 2025,D. Izquierda Ecologista Popular Animalista y Humanista,Distrito 14,Metropolitana De Santiago,Diputado,68,
Juan Andres,Pino Madrid,Independiente Humanista,,,,Diputados 2025,D. Izquierda Ecologista Popular Animalista y Humanista,Distrito 9,Metropolitana De Santiago,Diputado,68,
Rafael,Harvey Valdes,Independiente Humanista,,,,Diputados 2025,D. Izquierda Ecologista Popular Animalista y Humanista,Distrito 12,Metropolitana De Santiago,Diputado,68,
Celeste,Jimenez Riveros,Independiente Humanista,,,,Diputados 2025,D. Izquierda Ecologista Popular Animalista y Humanista,Distrito 10,Metropolitana De Santiago,Diputado,69,
Dina Luisa,Figueroa Mardones,Independiente Humanista,,,,Diputados 2025,D. Izquierda Ecologista Popular Animalista y Humanista,Distrito 14,Metropolitana De Santiago,Diputado,69,
Eduardo,Savattini Nuñez,Igualdad,,,,Diputados 2025,D. Izquierda Ecologista Popular Animalista y Humanista,Distrito 19,De Ñuble,Diputado,69,
Francisca,Pemjean Letelier,Independiente Igualdad,,,,Diputados 2025,D. Izquierda Ecologista Popular Animalista y Humanista,Distrito 5,De Coquimbo,Diputado,69,
Maria Teresa,Alvarez Aguilar,Humanista,,,,Diputados 2025,D. Izquierda Ecologista Popular Animalista y Humanista,Distrito 8,Metropolitana De Santiago,Diputado,69,
Nicolas Andres,Romero Reeves,Independiente Humanista,,,,Diputados 2025,D. Izquierda Ecologista Popular Animalista y Humanista,Distrito 11,Metropolitana De Santiago,Diputado,69,
Rita,Pino Mardones,Independiente Humanista,,,,Diputados 2025,D. Izquierda Ecologista Popular Animalista y Humanista,Distrito 12,Metropolitana De Santiago,Diputado,69,
Sergio Enrique,Flores Ramirez,Independiente Humanista,,,,Diputados 2025,D. Izquierda Ecologista Popular Animalista y Humanista,Distrito 9,Metropolitana De Santiago,Diputado,69,
Alfredo,Grossi Robles,Independiente Humanista,,,,Diputados 2025,D. Izquierda Ecologista Popular Animalista y Humanista,Distrito 10,Metropolitana De Santiago,Diputado,70,
Cristopher,Suazo Benavides,Independiente Igualdad,,,,Diputados 2025,D. Izquierda Ecologista Popular Animalista y Humanista,Distrito 5,De Coquimbo,Diputado,70,
Ester,Barrientos Vargas,Independiente Humanista,,,,Diputados 2025,D. Izquierda Ecologista Popular Animalista y Humanista,Distrito 9,Metropolitana De Santiago,Diputado,70,
Felipe Alexander,Pino Castillo,Independiente Humanista,,,,Diputados 2025,D. Izquierda Ecologista Popular Animalista y Humanista,Distrito 14,Metropolitana De Santiago,Diputado,70,
Juan Carlos,Zurita Medina,Humanista,,,,Diputados 2025,D. Izquierda Ecologista Popular Animalista y Humanista,Distrito 12,Metropolitana De Santiago,Diputado,70,
Maximo,Quitral Rojas,Independiente Humanista,,,,Diputados 2025,D. Izquierda Ecologista Popular Animalista y Humanista,Distrito 8,Metropolitana De Santiago,Diputado,70,
Ninoska,Henriquez Araya,Independiente Humanista,,,,Diputados 2025,D. Izquierda Ecologista Popular Animalista y Humanista,Distrito 11,Metropolitana De Santiago,Diputado,70,
Susana,Yañez Balague,Independiente Igualdad,,,,Diputados 2025,D. Izquierda Ecologista Popular Animalista y Humanista,Distrito 19,De Ñuble,Diputado,70,
Daniela,King Reyes,Independiente Humanista,,,,Diputados 2025,D. Izquierda Ecologista Popular Animalista y Humanista,Distrito 10,Metropolitana De Santiago,Diputado,71,
Elizabeth,Tudela Cruz,Humanista,,,,Diputados 2025,D. Izquierda Ecologista Popular Animalista y Humanista,Distrito 11,Metropolitana De Santiago,Diputado,71,
Francisco,Valdes Reyes,Independiente Humanista,,,,Diputados 2025,D. Izquierda Ecologista Popular Animalista y Humanista,Distrito 14,Metropolitana De Santiago,Diputado,71,
Luis Alberto,Donoso Uribe,Independiente Humanista,,,,Diputados 2025,D. Izquierda Ecologista Popular Animalista y Humanista,Distrito 9,Metropolitana De Santiago,Diputado,71,
Paula,Ocares Cerda,Independiente Humanista,,,,Diputados 2025,D. Izquierda Ecologista Popular Animalista y Humanista,Distrito 12,Metropolitana De Santiago,Diputado,71,
Rafael,Muñoz Urrutia,Independiente Igualdad,,,,Diputados 2025,D. Izquierda Ecologista Popular Animalista y Humanista,Distrito 5,De Coquimbo,Diputado,71,
Rossana Del,Pilar Tarsetti Guajardo,Independiente Humanista,,,,Diputados 2025,D. Izquierda Ecologista Popular Animalista y Humanista,Distrito 8,Metropolitana De Santiago,Diputado,71,1
Valentina,Ibarra Moya,Igualdad,,,,Diputados 2025,D. Izquierda Ecologista Popular Animalista y Humanista,Distrito 19,De Ñuble,Diputado,71,
Ana Maria,Iturralde Peña,Independiente Igualdad,,,,Diputados 2025,D. Izquierda Ecologista Popular Animalista y Humanista,Distrito 5,De Coquimbo,Diputado,72,
Dominique,Muñoz Venegas,Independiente Humanista,,,,Diputados 2025,D. Izquierda Ecologista Popular Animalista y Humanista,Distrito 12,Metropolitana De Santiago,Diputado,72,
Gary Javier,Nuñez Ordoña,Humanista,,,,Diputados 2025,D. Izquierda Ecologista Popular Animalista y Humanista,Distrito 10,Metropolitana De Santiago,Diputado,72,
James,Mery Bell,Independiente Igualdad,,,,Diputados 2025,D. Izquierda Ecologista Popular Animalista y Humanista,Distrito 19,De Ñuble,Diputado,72,
Pablo Andres,Morales Montoya,Independiente Humanista,,,,Diputados 2025,D. Izquierda Ecologista Popular Animalista y Humanista,Distrito 8,Metropolitana De Santiago,Diputado,72,
Catalina Valeska,Valenzuela Maureira,Humanista,,,,Diputados 2025,D. Izquierda Ecologista Popular Animalista y Humanista,Distrito 12,Metropolitana De Santiago,Diputado,73,
Caterina,Simoncelli Fracchia,Igualdad,,,,Diputados 2025,D. Izquierda Ecologista Popular Animalista y Humanista,Distrito 5,De Coquimbo,Diputado,73,
Jorge,Palma Acuña,Independiente Humanista,,,,Diputados 2025,D. Izquierda Ecologista Popular Animalista y Humanista,Distrito 10,Metropolitana De Santiago,Diputado,73,
Patricio San,Martin Solis,Independiente Igualdad,,,,Diputados 2025,D. Izquierda Ecologista Popular Animalista y Humanista,Distrito 19,De Ñuble,Diputado,73,1
Yessenia Lia,Crisostomo Valenzuela,Independiente Humanista,,,,Diputados 2025,D. Izquierda Ecologista Popular Animalista y Humanista,Distrito 8,Metropolitana De Santiago,Diputado,73,
Matias Jorge,Reyes Vargas,Independiente Humanista,,,,Diputados 2025,D. Izquierda Ecologista Popular Animalista y Humanista,Distrito 10,Metropolitana De Santiago,Diputado,74,
Richard,Tapia Fuentes,Independiente Humanista,,,,Diputados 2025,D. Izquierda Ecologista Popular Animalista y Humanista,Distrito 8,Metropolitana De Santiago,Diputado,74,
Amauri Alen,Quilaleo Valencia,Independiente Humanista,,,,Diputados 2025,D. Izquierda Ecologista Popular Animalista y Humanista,Distrito 8,Metropolitana De Santiago,Diputado,75,
Carolina,Venegas Rivera,Independiente Humanista,,,,Diputados 2025,D. Izquierda Ecologista Popular Animalista y Humanista,Distrito 10,Metropolitana De Santiago,Diputado,75,
Ibar Nicolas,Zepeda Alcota,Humanista,,,,Diputados 2025,D. Izquierda Ecologista Popular Animalista y Humanista,Distrito 10,Metropolitana De Santiago,Diputado,76,
Javier,Sandoval Ojeda,Igualdad,,,,Diputados 2025,D. Izquierda Ecologista Popular Animalista y Humanista,Distrito 20,Del Biobio,Diputado,77,
Camila,Arriagada Gonzalez,Igualdad,,,,Diputados 2025,D. Izquierda Ecologista Popular Animalista y Humanista,Distrito 20,Del Biobio,Diputado,78,
Ximena,Muñoz Vallejos,Igualdad,,,,Diputados 2025,D. Izquierda Ecologista Popular Animalista y Humanista,Distrito 20,Del Biobio,Diputado,79,
Eliana,Quevedo Hernandez,Independiente Igualdad,,,,Diputados 2025,D. Izquierda Ecologista Popular Animalista y Humanista,Distrito 20,Del Biobio,Diputado,80,
Mauricio,Sandoval Salazar,Independiente Igualdad,,,,Diputados 2025,D. Izquierda Ecologista Popular Animalista y Humanista,Distrito 20,Del Biobio,Diputado,81,
Angelica,Alvarez Rodriguez,Independiente Igualdad,,,,Diputados 2025,D. Izquierda Ecologista Popular Animalista y Humanista,Distrito 20,Del Biobio,Diputado,82,
Melissa,Santibañez Mancilla,Independiente Igualdad,,,,Diputados 2025,D. Izquierda Ecologista Popular Animalista y Humanista,Distrito 20,Del Biobio,Diputado,83,
Javier Del,Rio Richter,Independiente Igualdad,,,,Diputados 2025,D. Izquierda Ecologista Popular Animalista y Humanista,Distrito 20,Del Biobio,Diputado,84,1
Carol,Aros Seguel,Movimiento Amarillos por Chile,,,,Diputados 2025,E. Movimiento Amarillos por Chile,Distrito 15,Del Libertador General Bernardo O'Higgins,Diputado,63,
Marcela,Roa Suazo,Movimiento Amarillos por Chile,,,,Diputados 2025,E. Movimiento Amarillos por Chile,Distrito 22,De La Araucania,Diputado,63,
Alejandro,Valdivia Latorre,Movimiento Amarillos por Chile,,,,Diputados 2025,E. Movimiento Amarillos por Chile,Distrito 15,Del Libertador General Bernardo O'Higgins,Diputado,64,
Javiera Francisca,Victoria Ibarra Larenas,Movimiento Amarillos por Chile,,,,Diputados 2025,E. Movimiento Amarillos por Chile,Distrito 22,De La Araucania,Diputado,64,1
Llery Yanira,Carrasco Espinoza,Movimiento Amarillos por Chile,,,,Diputados 2025,E. Movimiento Amarillos por Chile,Distrito 22,De La Araucania,Diputado,65,
Mauricio,Mella Vasquez,Movimiento Amarillos por Chile,,,,Diputados 2025,E. Movimiento Amarillos por Chile,Distrito 15,Del Libertador General Bernardo O'Higgins,Diputado,65,
Edith Elena,Palma Mendez,Movimiento Amarillos por Chile,,,,Diputados 2025,E. Movimiento Amarillos por Chile,Distrito 22,De La Araucania,Diputado,66,
Pablo,Vasquez Pavez,Movimiento Amarillos por Chile,,,,Diputados 2025,E. Movimiento Amarillos por Chile,Distrito 15,Del Libertador General Bernardo O'Higgins,Diputado,66,
Alex,Becerra Espinoza,Movimiento Amarillos por Chile,,,,Diputados 2025,E. Movimiento Amarillos por Chile,Distrito 15,Del Libertador General Bernardo O'Higgins,Diputado,67,
Paz,Suarez Briones,Movimiento Amarillos por Chile,,,,Diputados 2025,E. Movimiento Amarillos por Chile,Distrito 15,Del Libertador General Bernardo O'Higgins,Diputado,68,
Andres Alfonso,Jouannet Valderrama,Movimiento Amarillos por Chile,,,,Diputados 2025,E. Movimiento Amarillos por Chile,Distrito 23,De La Araucania,Diputado,74,
Carlos Eduardo,Ruiz Benitez,Movimiento Amarillos por Chile,,,,Diputados 2025,E. Movimiento Amarillos por Chile,Distrito 5,De Coquimbo,Diputado,74,
Reinaldo Henry,Figueroa Alarcon,Movimiento Amarillos por Chile,,,,Diputados 2025,E. Movimiento Amarillos por Chile,Distrito 19,De Ñuble,Diputado,74,
Francisca Sylvia,Huirilef Barra,Movimiento Amarillos por Chile,,,,Diputados 2025,E. Movimiento Amarillos por Chile,Distrito 23,De La Araucania,Diputado,75,
Montserrat Margarita,Pizarro Carreño,Movimiento Amarillos por Chile,,,,Diputados 2025,E. Movimiento Amarillos por Chile,Distrito 5,De Coquimbo,Diputado,75,
Osvaldo Antonio,Caro Caro,Movimiento Amarillos por Chile,,,,Diputados 2025,E. Movimiento Amarillos por Chile,Distrito 19,De Ñuble,Diputado,75,
Jorge Dennis,Jaramillo Hott,Movimiento Amarillos por Chile,,,,Diputados 2025,E. Movimiento Amarillos por Chile,Distrito 23,De La Araucania,Diputado,76,
Pablo Alejandro,Yañez Pizarro,Movimiento Amarillos por Chile,,,,Diputados 2025,E. Movimiento Amarillos por Chile,Distrito 5,De Coquimbo,Diputado,76,
Rodrigo Andres,Castro Galaz,Movimiento Amarillos por Chile,,,,Diputados 2025,E. Movimiento Amarillos por Chile,Distrito 19,De Ñuble,Diputado,76,
Cecilia Victoria,Roxana Jacqueline Ortiz Vera,Movimiento Amarillos por Chile,,,,Diputados 2025,E. Movimiento Amarillos por Chile,Distrito 19,De Ñuble,Diputado,77,1
Franchesca Nicole,Plaza Gonzalez,Movimiento Amarillos por Chile,,,,Diputados 2025,E. Movimiento Amarillos por Chile,Distrito 5,De Coquimbo,Diputado,77,
Isadora Alejandra,Reynolds Cavallieri,Movimiento Amarillos por Chile,,,,Diputados 2025,E. Movimiento Amarillos por Chile,Distrito 23,De La Araucania,Diputado,77,
Miguel Angel,Cortes Ibarra,Movimiento Amarillos por Chile,,,,Diputados 2025,E. Movimiento Amarillos por Chile,Distrito 23,De La Araucania,Diputado,78,
Sergio Herman,Contreras Navarro,Movimiento Amarillos por Chile,,,,Diputados 2025,E. Movimiento Amarillos por Chile,Distrito 19,De Ñuble,Diputado,78,
Yerko Neftali,Zambra Villalobos,Movimiento Amarillos por Chile,,,,Diputados 2025,E. Movimiento Amarillos por Chile,Distrito 5,De Coquimbo,Diputado,78,
Elizabeth Solange,Fredes Rosales,Movimiento Amarillos por Chile,,,,Diputados 2025,E. Movimiento Amarillos por Chile,Distrito 5,De Coquimbo,Diputado,79,
Hernan,Alvarez Roman,Movimiento Amarillos por Chile,,,,Diputados 2025,E. Movimiento Amarillos por Chile,Distrito 19,De Ñuble,Diputado,79,
Soledad,Burgos Martinez,Movimiento Amarillos por Chile,,,,Diputados 2025,E. Movimiento Amarillos por Chile,Distrito 23,De La Araucania,Diputado,79,
Sergio Hector,Yañez Reveco,Movimiento Amarillos por Chile,,,,Diputados 2025,E. Movimiento Amarillos por Chile,Distrito 23,De La Araucania,Diputado,80,
Tomas Felipe,Yavar Aguilera,Movimiento Amarillos por Chile,,,,Diputados 2025,E. Movimiento Amarillos por Chile,Distrito 5,De Coquimbo,Diputado,80,
Felix Alonso,Velasco Ladron De Guevara,Movimiento Amarillos por Chile,,,,Diputados 2025,E. Movimiento Amarillos por Chile,Distrito 5,De Coquimbo,Diputado,81,1
Solange Noel,Carmine Rojas,Movimiento Amarillos por Chile,,,,Diputados 2025,E. Movimiento Amarillos por Chile,Distrito 23,De La Araucania,Diputado,81,
Camilo Martin,Jofre Cañipa,De Trabajadores Revolucionarios,,,,Diputados 2025,F. Partido de Trabajadores Revolucionarios,Distrito 1,De Arica Y Parinacota,Diputado,62,
Natalia Valentina,Sanchez Muñoz,De Trabajadores Revolucionarios,,,,Diputados 2025,F. Partido de Trabajadores Revolucionarios,Distrito 3,De Antofagasta,Diputado,65,
Daniel Andres,Vargas Downing,De Trabajadores Revolucionarios,,,,Diputados 2025,F. Partido de Trabajadores Revolucionarios,Distrito 3,De Antofagasta,Diputado,66,
Juan Francisco,Gamboa Higuera,De Trabajadores Revolucionarios,,,,Diputados 2025,F. Partido de Trabajadores Revolucionarios,Distrito 13,Metropolitana De Santiago,Diputado,66,
Daniela Beatriz,Aviles Honores,De Trabajadores Revolucionarios,,,,Diputados 2025,F. Partido de Trabajadores Revolucionarios,Distrito 3,De Antofagasta,Diputado,67,
Maria Isabel,Margarita Martinez Lizama,De Trabajadores Revolucionarios,,,,Diputados 2025,F. Partido de Trabajadores Revolucionarios,Distrito 13,Metropolitana De Santiago,Diputado,67,1
Camila Paz,Burgos Gonzalez,De Trabajadores Revolucionarios,,,,Diputados 2025,F. Partido de Trabajadores Revolucionarios,Distrito 13,Metropolitana De Santiago,Diputado,68,
Nestor Luis,Vera Rojas,De Trabajadores Revolucionarios,,,,Diputados 2025,F. Partido de Trabajadores Revolucionarios,Distrito 3,De Antofagasta,Diputado,68,
Antonio Alejandro,Paez Aguilar,De Trabajadores Revolucionarios,,,,Diputados 2025,F. Partido de Trabajadores Revolucionarios,Distrito 7,De Valparaiso,Diputado,69,
Alejandra,Valderrama Zuñiga,De Trabajadores Revolucionarios,,,,Diputados 2025,F. Partido de Trabajadores Revolucionarios,Distrito 7,De Valparaiso,Diputado,70,
Romina Fernanda,Ibañez San Martin,De Trabajadores Revolucionarios,,,,Diputados 2025,F. Partido de Trabajadores Revolucionarios,Distrito 7,De Valparaiso,Diputado,71,1
Francisco Vladimir,Flores Cobo,De Trabajadores Revolucionarios,,,,Diputados 2025,F. Partido de Trabajadores Revolucionarios,Distrito 8,Metropolitana De Santiago,Diputado,76,
Dauno,Totoro Navarro,De Trabajadores Revolucionarios,,,,Diputados 2025,F. Partido de Trabajadores Revolucionarios,Distrito 10,Metropolitana De Santiago,Diputado,77,
Joseffe Tamara,Caceres Torres,De Trabajadores Revolucionarios,,,,Diputados 2025,F. Partido de Trabajadores Revolucionarios,Distrito 10,Metropolitana De Santiago,Diputado,78,
Fabian Ernesto,Puelma Muller,De Trabajadores Revolucionarios,,,,Diputados 2025,F. Partido de Trabajadores Revolucionarios,Distrito 10,Metropolitana De Santiago,Diputado,79,
Barbara Belen,Brito Carrasco,De Trabajadores Revolucionarios,,,,Diputados 2025,F. Partido de Trabajadores Revolucionarios,Distrito 10,Metropolitana De Santiago,Diputado,80,
Yuri Ernesto,Peña Jimenez,De Trabajadores Revolucionarios,,,,Diputados 2025,F. Partido de Trabajadores Revolucionarios,Distrito 10,Metropolitana De Santiago,Diputado,81,
Valeria Paz,Yañez Alvarez,De Trabajadores Revolucionarios,,,,Diputados 2025,F. Partido de Trabajadores Revolucionarios,Distrito 10,Metropolitana De Santiago,Diputado,82,
Julio Humberto,Mancilla Maraboli,De Trabajadores Revolucionarios,,,,Diputados 2025,F. Partido de Trabajadores Revolucionarios,Distrito 10,Metropolitana De Santiago,Diputado,83,
Claudia Andrea,Tassara Ruilova,De Trabajadores Revolucionarios,,,,Diputados 2025,F. Partido de Trabajadores Revolucionarios,Distrito 10,Metropolitana De Santiago,Diputado,84,
Yamila De,Lourdes Martinez Urrutia,De Trabajadores Revolucionarios,,,,Diputados 2025,F. Partido de Trabajadores Revolucionarios,Distrito 10,Metropolitana De Santiago,Diputado,85,1
Kim Nikki,Gutierrez Ulloa,Alianza Verde Popular,,,,Senadores 2025,G. Partido Alianza Verde Popular,Circunscripción Senatorial 9,Del Maule,Senador,22,
Carlos Eugenio,Ravera Fernandez,Alianza Verde Popular,,,,Senadores 2025,G. Partido Alianza Verde Popular,Circunscripción Senatorial 9,Del Maule,Senador,23,
Damarie,Moyano Madrid,Alianza Verde Popular,,,,Diputados 2025,G. Partido Alianza Verde Popular,Distrito 15,Del Libertador General Bernardo O'Higgins,Diputado,69,
Paola Joyce,Martinez Sandoval,Alianza Verde Popular,,,,Diputados 2025,G. Partido Alianza Verde Popular,Distrito 13,Metropolitana De Santiago,Diputado,69,
Luis Antonio,Dote Orellana,Alianza Verde Popular,,,,Diputados 2025,G. Partido Alianza Verde Popular,Distrito 15,Del Libertador General Bernardo O'Higgins,Diputado,70,
Pedro Alejandro,Valenzuela Yañez,Alianza Verde Popular,,,,Diputados 2025,G. Partido Alianza Verde Popular,Distrito 13,Metropolitana De Santiago,Diputado,70,
Ricardo,Lisboa Henriquez,Alianza Verde Popular,,,,Diputados 2025,G. Partido Alianza Verde Popular,Distrito 15,Del Libertador General Bernardo O'Higgins,Diputado,71,
Igor,Contreras Jeria,Alianza Verde Popular,,,,Diputados 2025,G. Partido Alianza Verde Popular,Distrito 11,Metropolitana De Santiago,Diputado,72,
Katherine Alejandra,Toledo Guerra,Alianza Verde Popular,,,,Diputados 2025,G. Partido Alianza Verde Popular,Distrito 15,Del Libertador General Bernardo O'Higgins,Diputado,72,
Manuel Enrique,Muñoz Palacios,Alianza Verde Popular,,,,Diputados 2025,G. Partido Alianza Verde Popular,Distrito 9,Metropolitana De Santiago,Diputado,72,
Tamara,Fredes Gutierrez,Alianza Verde Popular,,,,Diputados 2025,G. Partido Alianza Verde Popular,Distrito 14,Metropolitana De Santiago,Diputado,72,
Judith Mercedes,Cornejo Toledo,Alianza Verde Popular,,,,Diputados 2025,G. Partido Alianza Verde Popular,Distrito 15,Del Libertador General Bernardo O'Higgins,Diputado,73,
Kein,Soto Lama,Alianza Verde Popular,,,,Diputados 2025,G. Partido Alianza Verde Popular,Distrito 14,Metropolitana De Santiago,Diputado,73,
Paula,Huechaqueo Rojas,Alianza Verde Popular,,,,Diputados 2025,G. Partido Alianza Verde Popular,Distrito 11,Metropolitana De Santiago,Diputado,73,
Xuxa,Alvarez Fernandez,Alianza Verde Popular,,,,Diputados 2025,G. Partido Alianza Verde Popular,Distrito 9,Metropolitana De Santiago,Diputado,73,
Jose Guillermo,Rojas Inostroza,Alianza Verde Popular,,,,Diputados 2025,G. Partido Alianza Verde Popular,Distrito 9,Metropolitana De Santiago,Diputado,74,
Patricia Del,Pilar Toledo Jerez,Alianza Verde Popular,,,,Diputados 2025,G. Partido Alianza Verde Popular,Distrito 12,Metropolitana De Santiago,Diputado,74,1
Sergio,Millalen Himilaf,Alianza Verde Popular,,,,Diputados 2025,G. Partido Alianza Verde Popular,Distrito 14,Metropolitana De Santiago,Diputado,74,
Isabel,Palma Palma,Alianza Verde Popular,,,,Diputados 2025,G. Partido Alianza Verde Popular,Distrito 9,Metropolitana De Santiago,Diputado,75,
Sebastian,Rodriguez Cortes,Alianza Verde Popular,,,,Diputados 2025,G. Partido Alianza Verde Popular,Distrito 12,Metropolitana De Santiago,Diputado,75,
Andres Teodoro,Jara Perez,Alianza Verde Popular,,,,Diputados 2025,G. Partido Alianza Verde Popular,Distrito 12,Metropolitana De Santiago,Diputado,76,
Maria Elena,Valenzuela Pino,Alianza Verde Popular,,,,Diputados 2025,G. Partido Alianza Verde Popular,Distrito 9,Metropolitana De Santiago,Diputado,76,
Lorenzo,Lepin Araneda,Alianza Verde Popular,,,,Diputados 2025,G. Partido Alianza Verde Popular,Distrito 9,Metropolitana De Santiago,Diputado,77,
Nicolas Patricio,Farnet Toledo,Alianza Verde Popular,,,,Diputados 2025,G. Partido Alianza Verde Popular,Distrito 12,Metropolitana De Santiago,Diputado,77,
Daniel Eduardo,Canto Gonzalez,Alianza Verde Popular,,,,Diputados 2025,G. Partido Alianza Verde Popular,Distrito 9,Metropolitana De Santiago,Diputado,78,
Darlyng Dayane,Fuentes Gomez,Alianza Verde Popular,,,,Diputados 2025,G. Partido Alianza Verde Popular,Distrito 12,Metropolitana De Santiago,Diputado,78,
Roberto,Lobos Villaseca,Alianza Verde Popular,,,,Diputados 2025,G. Partido Alianza Verde Popular,Distrito 9,Metropolitana De Santiago,Diputado,79,
Valentina Ignacia,Castillo Reyes,Alianza Verde Popular,,,,Diputados 2025,G. Partido Alianza Verde Popular,Distrito 12,Metropolitana De Santiago,Diputado,79,
Julia Leticia,Zappettini Vasquez,Alianza Verde Popular,,,,Diputados 2025,G. Partido Alianza Verde Popular,Distrito 19,De Ñuble,Diputado,80,
Vania Andrea,Neculqueo Saavedra,Alianza Verde Popular,,,,Diputados 2025,G. Partido Alianza Verde Popular,Distrito 12,Metropolitana De Santiago,Diputado,80,
Ricardo,Rodriguez Rivas,Alianza Verde Popular,,,,Diputados 2025,G. Partido Alianza Verde Popular,Distrito 19,De Ñuble,Diputado,81,
Oscar Miguel,Montecinos Garcia,Alianza Verde Popular,,,,Diputados 2025,G. Partido Alianza Verde Popular,Distrito 19,De Ñuble,Diputado,82,
Nicol,Aguilera Ortiz,Alianza Verde Popular,,,,Diputados 2025,G. Partido Alianza Verde Popular,Distrito 10,Metropolitana De Santiago,Diputado,86,
Hector,Soto Gallardo,Alianza Verde Popular,,,,Diputados 2025,G. Partido Alianza Verde Popular,Distrito 10,Metropolitana De Santiago,Diputado,87,
Sofia Mariela,Gonzalez Peralta,Alianza Verde Popular,,,,Diputados 2025,G. Partido Alianza Verde Popular,Distrito 10,Metropolitana De Santiago,Diputado,88,
Catalina Militza,Duran Chanan,Alianza Verde Popular,,,,Diputados 2025,G. Partido Alianza Verde Popular,Distrito 10,Metropolitana De Santiago,Diputado,89,
Cesar,Lorca Hidalgo,Alianza Verde Popular,,,,Diputados 2025,G. Partido Alianza Verde Popular,Distrito 10,Metropolitana De Santiago,Diputado,90,
Nella,Reyes Vallejos,Alianza Verde Popular,,,,Diputados 2025,G. Partido Alianza Verde Popular,Distrito 10,Metropolitana De Santiago,Diputado,91,
Jessica,Saint-Pierre Collado,Alianza Verde Popular,,,,Diputados 2025,G. Partido Alianza Verde Popular,Distrito 10,Metropolitana De Santiago,Diputado,92,
Belen Jesus,Carvajal Zuñiga,Alianza Verde Popular,,,,Diputados 2025,G. Partido Alianza Verde Popular,Distrito 10,Metropolitana De Santiago,Diputado,93,
Andres,Urzua Corvalan,Alianza Verde Popular,,,,Diputados 2025,G. Partido Alianza Verde Popular,Distrito 10,Metropolitana De Santiago,Diputado,94,
Fernando Alex,Fernandez Barraza,Popular,,,,Senadores 2025,H. Popular,Circunscripción Senatorial 1,De Arica Y Parinacota,Senador,17,
Inti Eleodoro,Salamanca Fernandez,Popular,,,,Diputados 2025,H. Popular,Distrito 4,De Atacama,Diputado,62,
Joana Andrea,Barrios Paez,Popular,,,,Diputados 2025,H. Popular,Distrito 4,De Atacama,Diputado,63,
Oscar Boris,Palleres Flores,Popular,,,,Diputados 2025,H. Popular,Distrito 1,De Arica Y Parinacota,Diputado,63,
Daldym Eugenia,Pinochet Perez,Popular,,,,Diputados 2025,H. Popular,Distrito 1,De Arica Y Parinacota,Diputado,64,
Jorge David,Varas Henriquez,Popular,,,,Diputados 2025,H. Popular,Distrito 4,De Atacama,Diputado,64,
Marcelo Ismael,Ruiz Tagle Escobar,Popular,,,,Diputados 2025,H. Popular,Distrito 4,De Atacama,Diputado,65,1
Oscar Alejandro,Nuñez Veneros,Popular,,,,Diputados 2025,H. Popular,Distrito 4,De Atacama,Diputado,66,
Nelcy Nieves,Castillo Saravia,Popular,,,,Diputados 2025,H. Popular,Distrito 3,De Antofagasta,Diputado,69,
Cristian Eduardo,Cuevas Zambrano,Popular,,,,Diputados 2025,H. Popular,Distrito 7,De Valparaiso,Diputado,72,
Constanza Loreto,Ahumada Fuentes,Popular,,,,Diputados 2025,H. Popular,Distrito 7,De Valparaiso,Diputado,73,
Monserrat Michel,España Valdivia,Popular,,,,Diputados 2025,H. Popular,Distrito 7,De Valparaiso,Diputado,74,
Amaro Enrique,Ramirez Garcia,Popular,,,,Diputados 2025,H. Popular,Distrito 7,De Valparaiso,Diputado,75,
Rodrigo Andres,Wittwer Salinas,Popular,,,,Diputados 2025,H. Popular,Distrito 7,De Valparaiso,Diputado,76,
Matias,Gazmuri Kruberg,Popular,,,,Diputados 2025,H. Popular,Distrito 7,De Valparaiso,Diputado,77,
Francisco-Jesus,Peñaloza Aguilera,Popular,,,,Diputados 2025,H. Popular,Distrito 7,De Valparaiso,Diputado,78,
Valentina Rayen,Nuñez Godoy,Popular,,,,Diputados 2025,H. Popular,Distrito 7,De Valparaiso,Diputado,79,
Mariela Del,Carmen Hidalgo Diaz,Popular,,,,Diputados 2025,H. Popular,Distrito 7,De Valparaiso,Diputado,80,1
Francisca Andrea,Acevedo Leon,De la Gente,,,,Diputados 2025,I. Partido de la Gente,Distrito 10,Metropolitana De Santiago,Diputado,100,
Betzabe Patricia,Vigorena Nuñez,De la Gente,,,,Diputados 2025,I. Partido de la Gente,Distrito 10,Metropolitana De Santiago,Diputado,101,
Jasmin Nicole,Osorio Cesped,De la Gente,,,,Diputados 2025,I. Partido de la Gente,Distrito 10,Metropolitana De Santiago,Diputado,102,
Francisco Javier,Patiño Tobar,De la Gente,,,,Diputados 2025,I. Partido de la Gente,Distrito 10,Metropolitana De Santiago,Diputado,103,
Sebastian Vicente,Carmona Orquera,De la Gente,,,,Senadores 2025,I. Partido de la Gente,Circunscripción Senatorial 4,De Atacama,Senador,15,
Marta,Cortes Zapata,De la Gente,,,,Senadores 2025,I. Partido de la Gente,Circunscripción Senatorial 2,De Tarapaca,Senador,16,
Jose Luis,Paredes Cortes,De la Gente,,,,Senadores 2025,I. Partido de la Gente,Circunscripción Senatorial 2,De Tarapaca,Senador,17,
Friedrich Renard,Mencia Poconi,De la Gente,,,,Senadores 2025,I. Partido de la Gente,Circunscripción Senatorial 1,De Arica Y Parinacota,Senador,18,
Viviana,Manriquez Mora,De la Gente,,,,Senadores 2025,I. Partido de la Gente,Circunscripción Senatorial 11,De La Araucania,Senador,19,
Juan Francisco,Madariaga Mendez,De la Gente,,,,Senadores 2025,I. Partido de la Gente,Circunscripción Senatorial 11,De La Araucania,Senador,20,
Marcela Patricia,Del Sol Hallett,De la Gente,,,,Senadores 2025,I. Partido de la Gente,Circunscripción Senatorial 6,De Valparaiso,Senador,21,1
Pamela,Correa Quezada,De la Gente,,,,Senadores 2025,I. Partido de la Gente,Circunscripción Senatorial 11,De La Araucania,Senador,21,
Claudio Abraham,Uribe Hernandez,De la Gente,,,,Senadores 2025,I. Partido de la Gente,Circunscripción Senatorial 6,De Valparaiso,Senador,22,
Marisel,Pedreros Venegas,De la Gente,,,,Senadores 2025,I. Partido de la Gente,Circunscripción Senatorial 11,De La Araucania,Senador,22,
Elias,Canelo Perez,De la Gente,,,,Senadores 2025,I. Partido de la Gente,Circunscripción Senatorial 6,De Valparaiso,Senador,23,
Diego Alonso,Cortez Barrera,De la Gente,,,,Senadores 2025,I. Partido de la Gente,Circunscripción Senatorial 6,De Valparaiso,Senador,24,
Mario,Campos Rojas,De la Gente,,,,Senadores 2025,I. Partido de la Gente,Circunscripción Senatorial 9,Del Maule,Senador,24,
Claudia,Sosa Flores,De la Gente,,,,Senadores 2025,I. Partido de la Gente,Circunscripción Senatorial 9,Del Maule,Senador,25,
Paulina,Miranda Barriga,De la Gente,,,,Senadores 2025,I. Partido de la Gente,Circunscripción Senatorial 9,Del Maule,Senador,26,
Cecilia,Gonzalez Bello,De la Gente,,,,Senadores 2025,I. Partido de la Gente,Circunscripción Senatorial 9,Del Maule,Senador,27,
Yenny,Soto Avendaño,De la Gente,,,,Senadores 2025,I. Partido de la Gente,Circunscripción Senatorial 9,Del Maule,Senador,28,
Abel Alejandro,Fernandez Traipe,De la Gente,,,,Diputados 2025,I. Partido de la Gente,Distrito 28,De Magallanes Y De La Antartica Chilena,Diputado,57,
Roberto,Sahr Domian,De la Gente,,,,Diputados 2025,I. Partido de la Gente,Distrito 28,De Magallanes Y De La Antartica Chilena,Diputado,58,
Karin Pamela,Contreras Murtschwa,De la Gente,,,,Diputados 2025,I. Partido de la Gente,Distrito 27,De Aysen Del General Carlos Ibañez Del Campo,Diputado,59,
Patricio,Quisbert Lazo,De la Gente,,,,Diputados 2025,I. Partido de la Gente,Distrito 2,De Tarapaca,Diputado,59,
Ana,Toro Ojane,De la Gente,,,,Diputados 2025,I. Partido de la Gente,Distrito 2,De Tarapaca,Diputado,60,
Claudio,Saez Muñoz,De la Gente,,,,Diputados 2025,I. Partido de la Gente,Distrito 2,De Tarapaca,Diputado,61,
Isidoro Rodolfo,Barquin Pardo,De la Gente,,,,Diputados 2025,I. Partido de la Gente,Distrito 25,De Los Lagos,Diputado,61,
Ruben Ignacio,Martinez Nuñez,De la Gente,,,,Diputados 2025,I. Partido de la Gente,Distrito 18,Del Maule,Diputado,61,
Susan Evelyn,Gomez Pardo,De la Gente,,,,Diputados 2025,I. Partido de la Gente,Distrito 16,Del Libertador General Bernardo O'Higgins,Diputado,61,
Daniela Del,Pilar Olguin Andrade,De la Gente,,,,Diputados 2025,I. Partido de la Gente,Distrito 18,Del Maule,Diputado,62,1
Gerardo,Lara Martinez,De la Gente,,,,Diputados 2025,I. Partido de la Gente,Distrito 24,De Los Rios,Diputado,62,
Jose Antonio,Carvallo Castro,De la Gente,,,,Diputados 2025,I. Partido de la Gente,Distrito 16,Del Libertador General Bernardo O'Higgins,Diputado,62,
Maurice,Goudie Dominguez,De la Gente,,,,Diputados 2025,I. Partido de la Gente,Distrito 25,De Los Lagos,Diputado,62,
Alex Manuel,Nahuelquin Nahuelquin,De la Gente,,,,Diputados 2025,I. Partido de la Gente,Distrito 26,De Los Lagos,Diputado,63,
Angelica Eliana,Manriquez Santibañez,De la Gente,,,,Diputados 2025,I. Partido de la Gente,Distrito 25,De Los Lagos,Diputado,63,
Carlos Antonio,Bascuñan Tapia,De la Gente,,,,Diputados 2025,I. Partido de la Gente,Distrito 18,Del Maule,Diputado,63,
Daniela Denisse,Gaete Cornejo,De la Gente,,,,Diputados 2025,I. Partido de la Gente,Distrito 16,Del Libertador General Bernardo O'Higgins,Diputado,63,
Tabina Gabriela,Manque Manque,De la Gente,,,,Diputados 2025,I. Partido de la Gente,Distrito 24,De Los Rios,Diputado,63,
Andrea,Quintana Diaz,De la Gente,,,,Diputados 2025,I. Partido de la Gente,Distrito 26,De Los Lagos,Diputado,64,
Carolina Alejandra,Morales Ortega,De la Gente,,,,Diputados 2025,I. Partido de la Gente,Distrito 18,Del Maule,Diputado,64,
Erwin David,Perez Monje,De la Gente,,,,Diputados 2025,I. Partido de la Gente,Distrito 25,De Los Lagos,Diputado,64,
Felipe Emilio,Aranda Saravia,De la Gente,,,,Diputados 2025,I. Partido de la Gente,Distrito 24,De Los Rios,Diputado,64,
Hector Andres,Sanchez Moreno,De la Gente,,,,Diputados 2025,I. Partido de la Gente,Distrito 16,Del Libertador General Bernardo O'Higgins,Diputado,64,
Andrea,Burgos Vicuña,De la Gente,,,,Diputados 2025,I. Partido de la Gente,Distrito 24,De Los Rios,Diputado,65,
Rodrigo Andres,Maldonado Becerra,De la Gente,,,,Diputados 2025,I. Partido de la Gente,Distrito 16,Del Libertador General Bernardo O'Higgins,Diputado,65,
Rodrigo,Cuevas Troncoso,De la Gente,,,,Diputados 2025,I. Partido de la Gente,Distrito 1,De Arica Y Parinacota,Diputado,65,
Rodrigo Reimundo,Vergara Valdes,De la Gente,,,,Diputados 2025,I. Partido de la Gente,Distrito 18,Del Maule,Diputado,65,
Samuel Dario,Cardenas Vivar,De la Gente,,,,Diputados 2025,I. Partido de la Gente,Distrito 25,De Los Lagos,Diputado,65,
Ximena,Uribe Canobra,De la Gente,,,,Diputados 2025,I. Partido de la Gente,Distrito 26,De Los Lagos,Diputado,65,
Alexis,Maldonado Ramos,De la Gente,,,,Diputados 2025,I. Partido de la Gente,Distrito 26,De Los Lagos,Diputado,66,
Ernesto,Plasencia Rojas,De la Gente,,,,Diputados 2025,I. Partido de la Gente,Distrito 1,De Arica Y Parinacota,Diputado,66,
Guillermo Victoriano,Valdes Carmona,De la Gente,,,,Diputados 2025,I. Partido de la Gente,Distrito 17,Del Maule,Diputado,66,
Marcelo Miguel,Franco Franco,De la Gente,,,,Diputados 2025,I. Partido de la Gente,Distrito 24,De Los Rios,Diputado,66,
Daniela Nataly,Gonzalez Fariña,De la Gente,,,,Diputados 2025,I. Partido de la Gente,Distrito 22,De La Araucania,Diputado,67,
Lilian Alejandra,Betancurt Delgado,De la Gente,,,,Diputados 2025,I. Partido de la Gente,Distrito 21,Del Biobio,Diputado,67,
Luis Mariano,Chodil Soto,De la Gente,,,,Diputados 2025,I. Partido de la Gente,Distrito 26,De Los Lagos,Diputado,67,
Paula Andrea,Olmos Contreras,De la Gente,,,,Diputados 2025,I. Partido de la Gente,Distrito 4,De Atacama,Diputado,67,
Raul,Parada Flores,De la Gente,,,,Diputados 2025,I. Partido de la Gente,Distrito 1,De Arica Y Parinacota,Diputado,67,
Viviana De,Las Mercedes Rodriguez Saavedra,De la Gente,,,,Diputados 2025,I. Partido de la Gente,Distrito 17,Del Maule,Diputado,67,1
Candy,Andrade Jara,De la Gente,,,,Diputados 2025,I. Partido de la Gente,Distrito 1,De Arica Y Parinacota,Diputado,68,
Carlos Alberto,Peña Opazo,De la Gente,,,,Diputados 2025,I. Partido de la Gente,Distrito 21,Del Biobio,Diputado,68,
Guido Antonio,Diaz Vergara,De la Gente,,,,Diputados 2025,I. Partido de la Gente,Distrito 22,De La Araucania,Diputado,68,
Jessica Alejandra,Liquitay Martinez,De la Gente,,,,Diputados 2025,I. Partido de la Gente,Distrito 4,De Atacama,Diputado,68,
Nicolas Enrique,Garcia Espinoza,De la Gente,,,,Diputados 2025,I. Partido de la Gente,Distrito 17,Del Maule,Diputado,68,
Alex Alejandro,Farias Perez,De la Gente,,,,Diputados 2025,I. Partido de la Gente,Distrito 4,De Atacama,Diputado,69,
Alexis,Ojeda Altamirano,De la Gente,,,,Diputados 2025,I. Partido de la Gente,Distrito 22,De La Araucania,Diputado,69,
Eduardo Alexander,Oteiza Vasquez,De la Gente,,,,Diputados 2025,I. Partido de la Gente,Distrito 17,Del Maule,Diputado,69,
Javier,Olivares Avendaño,De la Gente,,,,Diputados 2025,I. Partido de la Gente,Distrito 6,De Valparaiso,Diputado,69,
Karen Marcela,Morales Rozas,De la Gente,,,,Diputados 2025,I. Partido de la Gente,Distrito 21,Del Biobio,Diputado,69,
Carlos Felipe,Agurto Pedreros,De la Gente,,,,Diputados 2025,I. Partido de la Gente,Distrito 21,Del Biobio,Diputado,70,
Fabian,Ossandon Briceño,De la Gente,,,,Diputados 2025,I. Partido de la Gente,Distrito 3,De Antofagasta,Diputado,70,
Francisco Javier,Vargas Mery,De la Gente,,,,Diputados 2025,I. Partido de la Gente,Distrito 4,De Atacama,Diputado,70,
Maykol,Castillo Fernandez,De la Gente,,,,Diputados 2025,I. Partido de la Gente,Distrito 6,De Valparaiso,Diputado,70,
Patricia Del,Carmen Muñoz Beltran,De la Gente,,,,Diputados 2025,I. Partido de la Gente,Distrito 22,De La Araucania,Diputado,70,1
Rosa Irene,Bravo Herrera,De la Gente,,,,Diputados 2025,I. Partido de la Gente,Distrito 17,Del Maule,Diputado,70,
Christian Rodrigo,Fuentes Cabezas,De la Gente,,,,Diputados 2025,I. Partido de la Gente,Distrito 21,Del Biobio,Diputado,71,
Cristian Arturo,Seguel Olivos,De la Gente,,,,Diputados 2025,I. Partido de la Gente,Distrito 13,Metropolitana De Santiago,Diputado,71,
Hector Raul,Vergara Seura,De la Gente,,,,Diputados 2025,I. Partido de la Gente,Distrito 4,De Atacama,Diputado,71,
Jorge,Cristi Ramirez,De la Gente,,,,Diputados 2025,I. Partido de la Gente,Distrito 6,De Valparaiso,Diputado,71,
Lorena Alejandra,Balladares Chamorro,De la Gente,,,,Diputados 2025,I. Partido de la Gente,Distrito 17,Del Maule,Diputado,71,
Paola,Debia Gonzalez,De la Gente,,,,Diputados 2025,I. Partido de la Gente,Distrito 3,De Antofagasta,Diputado,71,
Ramiro Adrian,Rodriguez Maureira,De la Gente,,,,Diputados 2025,I. Partido de la Gente,Distrito 22,De La Araucania,Diputado,71,
Daniela Francisca,Diaz Gomez,De la Gente,,,,Diputados 2025,I. Partido de la Gente,Distrito 17,Del Maule,Diputado,72,
Gonzalo Marcelo,Soto Pizarro,De la Gente,,,,Diputados 2025,I. Partido de la Gente,Distrito 6,De Valparaiso,Diputado,72,
Marcelo Andres,Olivares Figueroa,De la Gente,,,,Diputados 2025,I. Partido de la Gente,Distrito 13,Metropolitana De Santiago,Diputado,72,
Sandra America,Neira Espinoza,De la Gente,,,,Diputados 2025,I. Partido de la Gente,Distrito 21,Del Biobio,Diputado,72,
Sergio,Marmie Ibarrondo,De la Gente,,,,Diputados 2025,I. Partido de la Gente,Distrito 3,De Antofagasta,Diputado,72,
Alexander Rodolfo,Rojas Villarroel,De la Gente,,,,Diputados 2025,I. Partido de la Gente,Distrito 13,Metropolitana De Santiago,Diputado,73,
Camila Francesca,Doñas Vargas,De la Gente,,,,Diputados 2025,I. Partido de la Gente,Distrito 6,De Valparaiso,Diputado,73,
Javier,Morales Morales,De la Gente,,,,Diputados 2025,I. Partido de la Gente,Distrito 17,Del Maule,Diputado,73,
Jessie,Gonzalez Bugueño,De la Gente,,,,Diputados 2025,I. Partido de la Gente,Distrito 3,De Antofagasta,Diputado,73,
Bonnie,Silva Villarroel,De la Gente,,,,Diputados 2025,I. Partido de la Gente,Distrito 6,De Valparaiso,Diputado,74,
Erika Maribel,Lizama Fuentes,De la Gente,,,,Diputados 2025,I. Partido de la Gente,Distrito 13,Metropolitana De Santiago,Diputado,74,
Pedro,Gubernatti Toro,De la Gente,,,,Diputados 2025,I. Partido de la Gente,Distrito 15,Del Libertador General Bernardo O'Higgins,Diputado,74,
Ricardo Andres,Aviles Rubilar,De la Gente,,,,Diputados 2025,I. Partido de la Gente,Distrito 11,Metropolitana De Santiago,Diputado,74,
Vilma De,Lourdes Esquivel Cespedes,De la Gente,,,,Diputados 2025,I. Partido de la Gente,Distrito 3,De Antofagasta,Diputado,74,1
Andres,Sanchez Fredes,De la Gente,,,,Diputados 2025,I. Partido de la Gente,Distrito 14,Metropolitana De Santiago,Diputado,75,
Blanca Esther,Currieco Soto,De la Gente,,,,Diputados 2025,I. Partido de la Gente,Distrito 6,De Valparaiso,Diputado,75,
Cristopher Alexeis,Suarez Gonzalez,De la Gente,,,,Diputados 2025,I. Partido de la Gente,Distrito 11,Metropolitana De Santiago,Diputado,75,
Luis,Ramos Bustos,De la Gente,,,,Diputados 2025,I. Partido de la Gente,Distrito 3,De Antofagasta,Diputado,75,
Marcela,Narvaez Zapata,De la Gente,,,,Diputados 2025,I. Partido de la Gente,Distrito 15,Del Libertador General Bernardo O'Higgins,Diputado,75,
Nelson David,Alvarez Galleguillos,De la Gente,,,,Diputados 2025,I. Partido de la Gente,Distrito 13,Metropolitana De Santiago,Diputado,75,
Elizabeth,Fuentes Bravo,De la Gente,,,,Diputados 2025,I. Partido de la Gente,Distrito 11,Metropolitana De Santiago,Diputado,76,
Jose Miguel,Latorre Ludueña,De la Gente,,,,Diputados 2025,I. Partido de la Gente,Distrito 15,Del Libertador General Bernardo O'Higgins,Diputado,76,
Leticia Del,Carmen Zuñiga Silva,De la Gente,,,,Diputados 2025,I. Partido de la Gente,Distrito 14,Metropolitana De Santiago,Diputado,76,1
Marcia Ximena,Marchant Farias,De la Gente,,,,Diputados 2025,I. Partido de la Gente,Distrito 6,De Valparaiso,Diputado,76,
Noemi,Lapostol Jara,De la Gente,,,,Diputados 2025,I. Partido de la Gente,Distrito 13,Metropolitana De Santiago,Diputado,76,
Carla Eugenia,Rubio Carrasco,De la Gente,,,,Diputados 2025,I. Partido de la Gente,Distrito 15,Del Libertador General Bernardo O'Higgins,Diputado,77,
Cindy,Macias Toledo,De la Gente,,,,Diputados 2025,I. Partido de la Gente,Distrito 14,Metropolitana De Santiago,Diputado,77,
Cristian,Contreras Radovic,De la Gente,,,,Diputados 2025,I. Partido de la Gente,Distrito 8,Metropolitana De Santiago,Diputado,77,
Ernesto Exequiel,Cortez Ulbrich,De la Gente,,,,Diputados 2025,I. Partido de la Gente,Distrito 11,Metropolitana De Santiago,Diputado,77,
Ruby,Villalobos Aracena,De la Gente,,,,Diputados 2025,I. Partido de la Gente,Distrito 6,De Valparaiso,Diputado,77,
Juan Anselmo,Melo Ramirez,De la Gente,,,,Diputados 2025,I. Partido de la Gente,Distrito 14,Metropolitana De Santiago,Diputado,78,
Leyla Massiel,Jara Lopez,De la Gente,,,,Diputados 2025,I. Partido de la Gente,Distrito 8,Metropolitana De Santiago,Diputado,78,
Luisa Elena,Caceres Miranda,De la Gente,,,,Diputados 2025,I. Partido de la Gente,Distrito 15,Del Libertador General Bernardo O'Higgins,Diputado,78,
Marcela Ivonne,Caballero Reyes,De la Gente,,,,Diputados 2025,I. Partido de la Gente,Distrito 11,Metropolitana De Santiago,Diputado,78,
Maricel,Donoso Acevedo,De la Gente,,,,Diputados 2025,I. Partido de la Gente,Distrito 11,Metropolitana De Santiago,Diputado,79,
Richard,Matta Parra,De la Gente,,,,Diputados 2025,I. Partido de la Gente,Distrito 8,Metropolitana De Santiago,Diputado,79,
Rodrigo,Peñailillo Valenzuela,De la Gente,,,,Diputados 2025,I. Partido de la Gente,Distrito 15,Del Libertador General Bernardo O'Higgins,Diputado,79,
Sergio Antonio,Palma Briones,De la Gente,,,,Diputados 2025,I. Partido de la Gente,Distrito 14,Metropolitana De Santiago,Diputado,79,
Lucy,Muñoz Marticorena,De la Gente,,,,Diputados 2025,I. Partido de la Gente,Distrito 8,Metropolitana De Santiago,Diputado,80,
Ricardo Andres,Silva Calcagno,De la Gente,,,,Diputados 2025,I. Partido de la Gente,Distrito 11,Metropolitana De Santiago,Diputado,80,
Rogelio Alfredo,Urbina Leal,De la Gente,,,,Diputados 2025,I. Partido de la Gente,Distrito 14,Metropolitana De Santiago,Diputado,80,
Tamara Alejandra,Ramirez Ramirez,De la Gente,,,,Diputados 2025,I. Partido de la Gente,Distrito 9,Metropolitana De Santiago,Diputado,80,
Andres Rigoberto,Caceres Bravo,De la Gente,,,,Diputados 2025,I. Partido de la Gente,Distrito 9,Metropolitana De Santiago,Diputado,81,
Jorge Andres,Meza Infante,De la Gente,,,,Diputados 2025,I. Partido de la Gente,Distrito 14,Metropolitana De Santiago,Diputado,81,
Juan Marcelo,Valenzuela Henriquez,De la Gente,,,,Diputados 2025,I. Partido de la Gente,Distrito 7,De Valparaiso,Diputado,81,
Pamela,Jiles Moreno,De la Gente,,,,Diputados 2025,I. Partido de la Gente,Distrito 12,Metropolitana De Santiago,Diputado,81,
Sandra Luz,Vergara Castro,De la Gente,,,,Diputados 2025,I. Partido de la Gente,Distrito 8,Metropolitana De Santiago,Diputado,81,
Eileen Patricia,Urqueta Rojas,De la Gente,,,,Diputados 2025,I. Partido de la Gente,Distrito 5,De Coquimbo,Diputado,82,
Felix Enrique,Molina Riquelme,De la Gente,,,,Diputados 2025,I. Partido de la Gente,Distrito 8,Metropolitana De Santiago,Diputado,82,
Flor Rossany,Contreras Vivallo,De la Gente,,,,Diputados 2025,I. Partido de la Gente,Distrito 23,De La Araucania,Diputado,82,
Nicolas Eduardo,Farfan Vega,De la Gente,,,,Diputados 2025,I. Partido de la Gente,Distrito 7,De Valparaiso,Diputado,82,
Pablo,Maltes Biskupovic,De la Gente,,,,Diputados 2025,I. Partido de la Gente,Distrito 12,Metropolitana De Santiago,Diputado,82,
Pamela Del,Transito Amaro Araya,De la Gente,,,,Diputados 2025,I. Partido de la Gente,Distrito 9,Metropolitana De Santiago,Diputado,82,1
Daniel,Godoy Lagos,De la Gente,,,,Diputados 2025,I. Partido de la Gente,Distrito 19,De Ñuble,Diputado,83,
Francisco Javier,Lizana Donoso,De la Gente,,,,Diputados 2025,I. Partido de la Gente,Distrito 9,Metropolitana De Santiago,Diputado,83,
Jacqueline Patricia,Alarcon Borquez,De la Gente,,,,Diputados 2025,I. Partido de la Gente,Distrito 8,Metropolitana De Santiago,Diputado,83,
Juan Carlos,Thenoux Ciudad,De la Gente,,,,Diputados 2025,I. Partido de la Gente,Distrito 5,De Coquimbo,Diputado,83,
Orlando Christian,Machefert Inostroza,De la Gente,,,,Diputados 2025,I. Partido de la Gente,Distrito 23,De La Araucania,Diputado,83,
Vanessa,Ferrer Radovich,De la Gente,,,,Diputados 2025,I. Partido de la Gente,Distrito 7,De Valparaiso,Diputado,83,
Zandra,Parisi Fernandez,De la Gente,,,,Diputados 2025,I. Partido de la Gente,Distrito 12,Metropolitana De Santiago,Diputado,83,
Andres,Henriquez Riquelme,De la Gente,,,,Diputados 2025,I. Partido de la Gente,Distrito 8,Metropolitana De Santiago,Diputado,84,
Cesar Abraham,Suay Jerez,De la Gente,,,,Diputados 2025,I. Partido de la Gente,Distrito 9,Metropolitana De Santiago,Diputado,84,
Cristian Aliro,Muñoz Garrido,De la Gente,,,,Diputados 2025,I. Partido de la Gente,Distrito 23,De La Araucania,Diputado,84,
Guillermo,Escobar Arriagada,De la Gente,,,,Diputados 2025,I. Partido de la Gente,Distrito 7,De Valparaiso,Diputado,84,
Jeniffer Carolina,Salazar Zuñiga,De la Gente,,,,Diputados 2025,I. Partido de la Gente,Distrito 19,De Ñuble,Diputado,84,
Luis Eduardo,Molina Castillo,De la Gente,,,,Diputados 2025,I. Partido de la Gente,Distrito 12,Metropolitana De Santiago,Diputado,84,
Maricel Andrea,Tapia Salgueiro,De la Gente,,,,Diputados 2025,I. Partido de la Gente,Distrito 5,De Coquimbo,Diputado,84,
Francisco Javier,Nuñez Rencoret,De la Gente,,,,Diputados 2025,I. Partido de la Gente,Distrito 5,De Coquimbo,Diputado,85,
Hector,Guzman Vasquez,De la Gente,,,,Diputados 2025,I. Partido de la Gente,Distrito 19,De Ñuble,Diputado,85,
Hernan Gonzalo,Coñoman Lepiman,De la Gente,,,,Diputados 2025,I. Partido de la Gente,Distrito 23,De La Araucania,Diputado,85,
Leonardo Javier,Maturana Vergara,De la Gente,,,,Diputados 2025,I. Partido de la Gente,Distrito 12,Metropolitana De Santiago,Diputado,85,
Maria Soledad,Liempan Apeleo,De la Gente,,,,Diputados 2025,I. Partido de la Gente,Distrito 9,Metropolitana De Santiago,Diputado,85,
Patricio Antonio,Briones Moller,De la Gente,,,,Diputados 2025,I. Partido de la Gente,Distrito 20,Del Biobio,Diputado,85,
Veronica,Rojas Arenas,De la Gente,,,,Diputados 2025,I. Partido de la Gente,Distrito 7,De Valparaiso,Diputado,85,
Carolina Andrea,Venegas Aranda,De la Gente,,,,Diputados 2025,I. Partido de la Gente,Distrito 20,Del Biobio,Diputado,86,
Caroll Salome,Meyer Meyer,De la Gente,,,,Diputados 2025,I. Partido de la Gente,Distrito 7,De Valparaiso,Diputado,86,
Crescencio Alberto,Lopez Perez,De la Gente,,,,Diputados 2025,I. Partido de la Gente,Distrito 9,Metropolitana De Santiago,Diputado,86,
Fernanda Cristina,Nuñez Araos,De la Gente,,,,Diputados 2025,I. Partido de la Gente,Distrito 5,De Coquimbo,Diputado,86,
Hernan Jonathan,Alvarez Vargas,De la Gente,,,,Diputados 2025,I. Partido de la Gente,Distrito 12,Metropolitana De Santiago,Diputado,86,
Ignacio,Luengo Quijada,De la Gente,,,,Diputados 2025,I. Partido de la Gente,Distrito 19,De Ñuble,Diputado,86,
Robinson Dario,Illanes Acuña,De la Gente,,,,Diputados 2025,I. Partido de la Gente,Distrito 23,De La Araucania,Diputado,86,
Christopher Elias,Yañez Leal,De la Gente,,,,Diputados 2025,I. Partido de la Gente,Distrito 9,Metropolitana De Santiago,Diputado,87,
Hugo Antonio,Soto Becerra,De la Gente,,,,Diputados 2025,I. Partido de la Gente,Distrito 20,Del Biobio,Diputado,87,
Jessica Lorena,Antilef Lincolao,De la Gente,,,,Diputados 2025,I. Partido de la Gente,Distrito 23,De La Araucania,Diputado,87,
Jorge Marcelo,Chavez Arevalo,De la Gente,,,,Diputados 2025,I. Partido de la Gente,Distrito 12,Metropolitana De Santiago,Diputado,87,
Juan Salvador,Saul Dabed Tozo,De la Gente,,,,Diputados 2025,I. Partido de la Gente,Distrito 5,De Coquimbo,Diputado,87,1
Mariela,Espinoza Navarrete,De la Gente,,,,Diputados 2025,I. Partido de la Gente,Distrito 19,De Ñuble,Diputado,87,
Natalia Vanessa,Navarro Alday,De la Gente,,,,Diputados 2025,I. Partido de la Gente,Distrito 7,De Valparaiso,Diputado,87,
Cliff,Henriquez Retamal,De la Gente,,,,Diputados 2025,I. Partido de la Gente,Distrito 19,De Ñuble,Diputado,88,
Jorge Franklin,Dunstan Pavez,De la Gente,,,,Diputados 2025,I. Partido de la Gente,Distrito 5,De Coquimbo,Diputado,88,
Maria Delia,Yañez Barrera,De la Gente,,,,Diputados 2025,I. Partido de la Gente,Distrito 23,De La Araucania,Diputado,88,
Mariella Andrea,Gonzalez Hidalgo,De la Gente,,,,Diputados 2025,I. Partido de la Gente,Distrito 20,Del Biobio,Diputado,88,
Americo Arlin,Muñoz Beltran,De la Gente,,,,Diputados 2025,I. Partido de la Gente,Distrito 23,De La Araucania,Diputado,89,
Luis,Zuñiga Montt,De la Gente,,,,Diputados 2025,I. Partido de la Gente,Distrito 20,Del Biobio,Diputado,89,
Marcela Andrea,Gonzalez Zarate,De la Gente,,,,Diputados 2025,I. Partido de la Gente,Distrito 20,Del Biobio,Diputado,90,
Bernardo Orlando,Ulloa Pereira,De la Gente,,,,Diputados 2025,I. Partido de la Gente,Distrito 20,Del Biobio,Diputado,91,
Francisca Mariana,Zenteno Araos,De la Gente,,,,Diputados 2025,I. Partido de la Gente,Distrito 20,Del Biobio,Diputado,92,
Juliette Cristina,Villalobos Cares,De la Gente,,,,Diputados 2025,I. Partido de la Gente,Distrito 20,Del Biobio,Diputado,93,
Karen,Osorio Muñoz,De la Gente,,,,Diputados 2025,I. Partido de la Gente,Distrito 10,Metropolitana De Santiago,Diputado,95,
Gianny,Contenla Ojeda,De la Gente,,,,Diputados 2025,I. Partido de la Gente,Distrito 10,Metropolitana De Santiago,Diputado,96,
Alejandra,Jara Quiroz,De la Gente,,,,Diputados 2025,I. Partido de la Gente,Distrito 10,Metropolitana De Santiago,Diputado,97,
Andrea Del,Pilar Herrera Cachaña,De la Gente,,,,Diputados 2025,I. Partido de la Gente,Distrito 10,Metropolitana De Santiago,Diputado,98,1
Barbara,Molina Silva,De la Gente,,,,Diputados 2025,I. Partido de la Gente,Distrito 10,Metropolitana De Santiago,Diputado,99,
Victor Hugo,Figueroa Rebolledo,Independiente Demócratas Chile,,,,Diputados 2025,J. Chile Grande y Unido,Distrito 20,Del Biobio,Diputado,100,
Andrea De,La Barra Manriquez,Independiente Demócratas Chile,,,,Diputados 2025,J. Chile Grande y Unido,Distrito 20,Del Biobio,Diputado,101,1
Jorge,Alessandri Vergara,Unión Demócrata Independiente,,,,Diputados 2025,J. Chile Grande y Unido,Distrito 10,Metropolitana De Santiago,Diputado,104,
Macarena,Zarhi Cordero,Independiente Unión Demócrata Independiente,,,,Diputados 2025,J. Chile Grande y Unido,Distrito 10,Metropolitana De Santiago,Diputado,105,
Maria Jesus,Schwerter Cabezas,Unión Demócrata Independiente,,,,Diputados 2025,J. Chile Grande y Unido,Distrito 10,Metropolitana De Santiago,Diputado,106,
Juan Pablo,Saez Rey,Independiente Demócratas Chile,,,,Diputados 2025,J. Chile Grande y Unido,Distrito 10,Metropolitana De Santiago,Diputado,107,
Vicente,Almonacid Heyl,Independiente Demócratas Chile,,,,Diputados 2025,J. Chile Grande y Unido,Distrito 10,Metropolitana De Santiago,Diputado,108,
Sandra,Solimano Latorre,Independiente Demócratas Chile,,,,Diputados 2025,J. Chile Grande y Unido,Distrito 10,Metropolitana De Santiago,Diputado,109,
Maria Luisa,Cordero Velasquez,Independiente Renovación Nacional,,,,Diputados 2025,J. Chile Grande y Unido,Distrito 10,Metropolitana De Santiago,Diputado,110,
Johanna,Olivares Gribbell,Renovación Nacional,,,,Diputados 2025,J. Chile Grande y Unido,Distrito 10,Metropolitana De Santiago,Diputado,111,
Francisco,Orrego Gutierrez,Renovación Nacional,,,,Diputados 2025,J. Chile Grande y Unido,Distrito 10,Metropolitana De Santiago,Diputado,112,
Rafael,Prohens Espinosa,Renovación Nacional,,,,Senadores 2025,J. Chile Grande y Unido,Circunscripción Senatorial 4,De Atacama,Senador,16,
Giovanni,Calderon Bassi,Independiente Evolución Política,,,,Senadores 2025,J. Chile Grande y Unido,Circunscripción Senatorial 4,De Atacama,Senador,17,
Luz,Ebensperger Orrego,Unión Demócrata Independiente,,,,Senadores 2025,J. Chile Grande y Unido,Circunscripción Senatorial 2,De Tarapaca,Senador,18,
Nicolas,Noman Garrido,Unión Demócrata Independiente,,,,Senadores 2025,J. Chile Grande y Unido,Circunscripción Senatorial 4,De Atacama,Senador,18,
Jose Pilo,Durana Semir,Unión Demócrata Independiente,,,,Senadores 2025,J. Chile Grande y Unido,Circunscripción Senatorial 1,De Arica Y Parinacota,Senador,19,
Lucrecia,Mena Acosta,Renovación Nacional,,,,Senadores 2025,J. Chile Grande y Unido,Circunscripción Senatorial 2,De Tarapaca,Senador,19,
Enrique,Lee Flores,Independiente Demócratas Chile,,,,Senadores 2025,J. Chile Grande y Unido,Circunscripción Senatorial 1,De Arica Y Parinacota,Senador,20,
Jorge,Zavala Valenzuela,Demócratas Chile,,,,Senadores 2025,J. Chile Grande y Unido,Circunscripción Senatorial 2,De Tarapaca,Senador,20,
Sandra,Zapata Velasquez,Independiente Renovación Nacional,,,,Senadores 2025,J. Chile Grande y Unido,Circunscripción Senatorial 1,De Arica Y Parinacota,Senador,21,
Henry,Leal Bizama,Unión Demócrata Independiente,,,,Senadores 2025,J. Chile Grande y Unido,Circunscripción Senatorial 11,De La Araucania,Senador,23,
Jorge Andres,Luchsinger Mackay,Independiente Unión Demócrata Independiente,,,,Senadores 2025,J. Chile Grande y Unido,Circunscripción Senatorial 11,De La Araucania,Senador,24,
Andres,Longton Herrera,Renovación Nacional,,,,Senadores 2025,J. Chile Grande y Unido,Circunscripción Senatorial 6,De Valparaiso,Senador,25,
Carola,Elgueta Fernandez,Independiente Demócratas Chile,,,,Senadores 2025,J. Chile Grande y Unido,Circunscripción Senatorial 11,De La Araucania,Senador,25,
Camila,Flores Oporto,Renovación Nacional,,,,Senadores 2025,J. Chile Grande y Unido,Circunscripción Senatorial 6,De Valparaiso,Senador,26,
Patricia,Lagos Meier,Independiente Demócratas Chile,,,,Senadores 2025,J. Chile Grande y Unido,Circunscripción Senatorial 11,De La Araucania,Senador,26,
Daniel,Verdessi Belemmi,Demócratas Chile,,,,Senadores 2025,J. Chile Grande y Unido,Circunscripción Senatorial 6,De Valparaiso,Senador,27,
Jorge,Rathgeb Schifferli,Renovación Nacional,,,,Senadores 2025,J. Chile Grande y Unido,Circunscripción Senatorial 11,De La Araucania,Senador,27,
Miguel,Becker Alvear,Renovación Nacional,,,,Senadores 2025,J. Chile Grande y Unido,Circunscripción Senatorial 11,De La Araucania,Senador,28,
Monserrat,Alessandri Spencer,Demócratas Chile,,,,Senadores 2025,J. Chile Grande y Unido,Circunscripción Senatorial 6,De Valparaiso,Senador,28,
Ian,Mac-Niven Carlsson,Independiente Demócratas Chile,,,,Senadores 2025,J. Chile Grande y Unido,Circunscripción Senatorial 9,Del Maule,Senador,29,
Maria Paz,Santelices Cañas,Independiente Unión Demócrata Independiente,,,,Senadores 2025,J. Chile Grande y Unido,Circunscripción Senatorial 6,De Valparaiso,Senador,29,
Hugo,Rey Martinez,Renovación Nacional,,,,Senadores 2025,J. Chile Grande y Unido,Circunscripción Senatorial 9,Del Maule,Senador,30,
Maria Jose,Hoffmann Opazo,Unión Demócrata Independiente,,,,Senadores 2025,J. Chile Grande y Unido,Circunscripción Senatorial 6,De Valparaiso,Senador,30,
Andrea,Balladares Letelier,Renovación Nacional,,,,Senadores 2025,J. Chile Grande y Unido,Circunscripción Senatorial 9,Del Maule,Senador,31,
Patricia,Labra Besserer,Independiente Unión Demócrata Independiente,,,,Senadores 2025,J. Chile Grande y Unido,Circunscripción Senatorial 9,Del Maule,Senador,32,
Juan Antonio,Coloma Alamos,Unión Demócrata Independiente,,,,Senadores 2025,J. Chile Grande y Unido,Circunscripción Senatorial 9,Del Maule,Senador,33,
Ricardo,Hernandez Cremaschi,Evolución Política,,,,Diputados 2025,J. Chile Grande y Unido,Distrito 28,De Magallanes Y De La Antartica Chilena,Diputado,59,
Jenniffer,Rojas Garcia,Renovación Nacional,,,,Diputados 2025,J. Chile Grande y Unido,Distrito 28,De Magallanes Y De La Antartica Chilena,Diputado,60,
Marcia,Raphael Mora,Renovación Nacional,,,,Diputados 2025,J. Chile Grande y Unido,Distrito 27,De Aysen Del General Carlos Ibañez Del Campo,Diputado,60,
Alejandra,Valdebenito Torres,Unión Demócrata Independiente,,,,Diputados 2025,J. Chile Grande y Unido,Distrito 27,De Aysen Del General Carlos Ibañez Del Campo,Diputado,61,
Graciela,Andrade Pacheco,Independiente Unión Demócrata Independiente,,,,Diputados 2025,J. Chile Grande y Unido,Distrito 28,De Magallanes Y De La Antartica Chilena,Diputado,61,
Christian,Matheson Villan,Independiente Unión Demócrata Independiente,,,,Diputados 2025,J. Chile Grande y Unido,Distrito 28,De Magallanes Y De La Antartica Chilena,Diputado,62,
Guillermo,Perez Pacheco,Demócratas Chile,,,,Diputados 2025,J. Chile Grande y Unido,Distrito 27,De Aysen Del General Carlos Ibañez Del Campo,Diputado,62,
Ximena,Naranjo Pinto,Independiente Unión Demócrata Independiente,,,,Diputados 2025,J. Chile Grande y Unido,Distrito 2,De Tarapaca,Diputado,62,
Geoconda,Navarrete Arratia,Evolución Política,,,,Diputados 2025,J. Chile Grande y Unido,Distrito 27,De Aysen Del General Carlos Ibañez Del Campo,Diputado,63,
Vittorio,Canessa Morales,Independiente Evolución Política,,,,Diputados 2025,J. Chile Grande y Unido,Distrito 2,De Tarapaca,Diputado,63,
Ivan,Jimenez Correa,Demócratas Chile,,,,Diputados 2025,J. Chile Grande y Unido,Distrito 2,De Tarapaca,Diputado,64,
Ramon,Galleguillos Castillo,Renovación Nacional,,,,Diputados 2025,J. Chile Grande y Unido,Distrito 2,De Tarapaca,Diputado,65,
Carla,Morales Maldonado,Renovación Nacional,,,,Diputados 2025,J. Chile Grande y Unido,Distrito 16,Del Libertador General Bernardo O'Higgins,Diputado,66,
Daniel,Lilayu Vivanco,Unión Demócrata Independiente,,,,Diputados 2025,J. Chile Grande y Unido,Distrito 25,De Los Lagos,Diputado,66,
Gustavo,Benavente Vergara,Unión Demócrata Independiente,,,,Diputados 2025,J. Chile Grande y Unido,Distrito 18,Del Maule,Diputado,66,
Gaston Von,Muhlenbrock Zamora,Unión Demócrata Independiente,,,,Diputados 2025,J. Chile Grande y Unido,Distrito 24,De Los Rios,Diputado,67,1
Humberto,Garcia Diaz,Independiente Renovación Nacional,,,,Diputados 2025,J. Chile Grande y Unido,Distrito 16,Del Libertador General Bernardo O'Higgins,Diputado,67,
Paula,Retamal Urrutia,Independiente Unión Demócrata Independiente,,,,Diputados 2025,J. Chile Grande y Unido,Distrito 18,Del Maule,Diputado,67,
Ramon,Bahamonde Cea,Independiente Unión Demócrata Independiente,,,,Diputados 2025,J. Chile Grande y Unido,Distrito 25,De Los Lagos,Diputado,67,
Gladys,Gonzalez Alvarez,Independiente Demócratas Chile,,,,Diputados 2025,J. Chile Grande y Unido,Distrito 18,Del Maule,Diputado,68,
Ignacio,Mori Perez,Evolución Política,,,,Diputados 2025,J. Chile Grande y Unido,Distrito 16,Del Libertador General Bernardo O'Higgins,Diputado,68,
Lorena,Leichtle Bertin,Renovación Nacional,,,,Diputados 2025,J. Chile Grande y Unido,Distrito 25,De Los Lagos,Diputado,68,
Mauro,Gonzalez Villarroel,Renovación Nacional,,,,Diputados 2025,J. Chile Grande y Unido,Distrito 26,De Los Lagos,Diputado,68,
Omar,Sabat Guzman,Independiente Unión Demócrata Independiente,,,,Diputados 2025,J. Chile Grande y Unido,Distrito 24,De Los Rios,Diputado,68,
Ann,Hunter Gutierrez,Independiente Unión Demócrata Independiente,,,,Diputados 2025,J. Chile Grande y Unido,Distrito 24,De Los Rios,Diputado,69,
Juan Carlos,Chinga Palma,Independiente Renovación Nacional,,,,Diputados 2025,J. Chile Grande y Unido,Distrito 1,De Arica Y Parinacota,Diputado,69,
Juan Eduardo,Vera Sanhueza,Renovación Nacional,,,,Diputados 2025,J. Chile Grande y Unido,Distrito 26,De Los Lagos,Diputado,69,
Matias,Domeyko Prieto,Independiente Renovación Nacional,,,,Diputados 2025,J. Chile Grande y Unido,Distrito 25,De Los Lagos,Diputado,69,
Ricardo,Neumann Bertin,Unión Demócrata Independiente,,,,Diputados 2025,J. Chile Grande y Unido,Distrito 16,Del Libertador General Bernardo O'Higgins,Diputado,69,
Rodrigo,Ramirez Parra,Independiente Renovación Nacional,,,,Diputados 2025,J. Chile Grande y Unido,Distrito 18,Del Maule,Diputado,69,
Eduardo,Cornejo Lagos,Unión Demócrata Independiente,,,,Diputados 2025,J. Chile Grande y Unido,Distrito 16,Del Libertador General Bernardo O'Higgins,Diputado,70,
Juanclaudio,Garcia Filun,Evolución Política,,,,Diputados 2025,J. Chile Grande y Unido,Distrito 25,De Los Lagos,Diputado,70,
Karina,Silva Fernandez,Renovación Nacional,,,,Diputados 2025,J. Chile Grande y Unido,Distrito 24,De Los Rios,Diputado,70,
Loreto,Kemp Oyarzun,Evolución Política,,,,Diputados 2025,J. Chile Grande y Unido,Distrito 26,De Los Lagos,Diputado,70,
Macarena San,Martin Freire,Renovación Nacional,,,,Diputados 2025,J. Chile Grande y Unido,Distrito 18,Del Maule,Diputado,70,1
Sebastian,Huerta Gonzalez,Unión Demócrata Independiente,,,,Diputados 2025,J. Chile Grande y Unido,Distrito 1,De Arica Y Parinacota,Diputado,70,
Alejandro,Caroca Marazzi,Independiente Evolución Política,,,,Diputados 2025,J. Chile Grande y Unido,Distrito 26,De Los Lagos,Diputado,71,
Aracely,Berrios Gajardo,Evolución Política,,,,Diputados 2025,J. Chile Grande y Unido,Distrito 1,De Arica Y Parinacota,Diputado,71,
Sylvia,Yunge Wulf,Renovación Nacional,,,,Diputados 2025,J. Chile Grande y Unido,Distrito 24,De Los Rios,Diputado,71,
Daniel,Valenzuela Salazar,Independiente Renovación Nacional,,,,Diputados 2025,J. Chile Grande y Unido,Distrito 24,De Los Rios,Diputado,72,
Juan Carlos,Beltran Silva,Renovación Nacional,,,,Diputados 2025,J. Chile Grande y Unido,Distrito 22,De La Araucania,Diputado,72,
Katerine,Montealegre Navarro,Unión Demócrata Independiente,,,,Diputados 2025,J. Chile Grande y Unido,Distrito 26,De Los Lagos,Diputado,72,
Maximiliano,Barrionuevo Garcia,Renovación Nacional,,,,Diputados 2025,J. Chile Grande y Unido,Distrito 4,De Atacama,Diputado,72,
Carla,Guaita Carrizo,Independiente Renovación Nacional,,,,Diputados 2025,J. Chile Grande y Unido,Distrito 4,De Atacama,Diputado,73,
Eduardo,Cretton Rebolledo,Unión Demócrata Independiente,,,,Diputados 2025,J. Chile Grande y Unido,Distrito 22,De La Araucania,Diputado,73,
Fernando,Borquez Montecinos,Unión Demócrata Independiente,,,,Diputados 2025,J. Chile Grande y Unido,Distrito 26,De Los Lagos,Diputado,73,
Joanna,Perez Olea,Demócratas Chile,,,,Diputados 2025,J. Chile Grande y Unido,Distrito 21,Del Biobio,Diputado,73,
Elizabeth,Marican Rivas,Independiente Demócratas Chile,,,,Diputados 2025,J. Chile Grande y Unido,Distrito 21,Del Biobio,Diputado,74,
Jorge,Guzman Zepeda,Evolución Política,,,,Diputados 2025,J. Chile Grande y Unido,Distrito 17,Del Maule,Diputado,74,
Tania,Borcosky Ramirez,Independiente Unión Demócrata Independiente,,,,Diputados 2025,J. Chile Grande y Unido,Distrito 4,De Atacama,Diputado,74,
Victor,Manoli Nazal,Independiente Evolución Política,,,,Diputados 2025,J. Chile Grande y Unido,Distrito 22,De La Araucania,Diputado,74,
Barbara,Kast Sommerhoff,Evolución Política,,,,Diputados 2025,J. Chile Grande y Unido,Distrito 21,Del Biobio,Diputado,75,
Claudia,Urrutia Marquez,Independiente Evolución Política,,,,Diputados 2025,J. Chile Grande y Unido,Distrito 17,Del Maule,Diputado,75,
Jorge,Saffirio Espinoza,Independiente Demócratas Chile,,,,Diputados 2025,J. Chile Grande y Unido,Distrito 22,De La Araucania,Diputado,75,
Kyle,Campbell Campbell,Unión Demócrata Independiente,,,,Diputados 2025,J. Chile Grande y Unido,Distrito 4,De Atacama,Diputado,75,
Ariel,Amigo Vidal,Renovación Nacional,,,,Diputados 2025,J. Chile Grande y Unido,Distrito 17,Del Maule,Diputado,76,
Jorge,Contreras Blumel,Independiente Evolución Política,,,,Diputados 2025,J. Chile Grande y Unido,Distrito 21,Del Biobio,Diputado,76,
Jose Miguel,Castro Bascuñan,Renovación Nacional,,,,Diputados 2025,J. Chile Grande y Unido,Distrito 3,De Antofagasta,Diputado,76,
Nayaret,Oviedo Alvarez,Evolución Política,,,,Diputados 2025,J. Chile Grande y Unido,Distrito 4,De Atacama,Diputado,76,
Baldemar,Higueras Vivar,Independiente Renovación Nacional,,,,Diputados 2025,J. Chile Grande y Unido,Distrito 17,Del Maule,Diputado,77,
Daniela,Castro Araya,Renovación Nacional,,,,Diputados 2025,J. Chile Grande y Unido,Distrito 3,De Antofagasta,Diputado,77,
Eduardo,Duran Salinas,Renovación Nacional,,,,Diputados 2025,J. Chile Grande y Unido,Distrito 13,Metropolitana De Santiago,Diputado,77,
Guillermo,Cofre Muñoz,Evolución Política,,,,Diputados 2025,J. Chile Grande y Unido,Distrito 4,De Atacama,Diputado,77,
Mario,Gierke Quevedo,Independiente Unión Demócrata Independiente,,,,Diputados 2025,J. Chile Grande y Unido,Distrito 21,Del Biobio,Diputado,77,
Carolina,Latorre Cruz,Demócratas Chile,,,,Diputados 2025,J. Chile Grande y Unido,Distrito 3,De Antofagasta,Diputado,78,
Flor,Weisse Novoa,Unión Demócrata Independiente,,,,Diputados 2025,J. Chile Grande y Unido,Distrito 21,Del Biobio,Diputado,78,
Isabel,Ubal Faundez,Demócratas Chile,,,,Diputados 2025,J. Chile Grande y Unido,Distrito 17,Del Maule,Diputado,78,
Luis,Pardo Sainz,Renovación Nacional,,,,Diputados 2025,J. Chile Grande y Unido,Distrito 6,De Valparaiso,Diputado,78,
Susan,Atuan Salcedo,Renovación Nacional,,,,Diputados 2025,J. Chile Grande y Unido,Distrito 13,Metropolitana De Santiago,Diputado,78,
Carolina,Torres Pirazzoli,Unión Demócrata Independiente,,,,Diputados 2025,J. Chile Grande y Unido,Distrito 17,Del Maule,Diputado,79,
Jose Luis,Veliz Veliz,Independiente Demócratas Chile,,,,Diputados 2025,J. Chile Grande y Unido,Distrito 3,De Antofagasta,Diputado,79,
Macarena,Venegas Tassara,Independiente Evolución Política,,,,Diputados 2025,J. Chile Grande y Unido,Distrito 13,Metropolitana De Santiago,Diputado,79,
Percy,Marin Vera,Renovación Nacional,,,,Diputados 2025,J. Chile Grande y Unido,Distrito 6,De Valparaiso,Diputado,79,
Daniel,Coronado Coronado,Evolución Política,,,,Diputados 2025,J. Chile Grande y Unido,Distrito 13,Metropolitana De Santiago,Diputado,80,
Danilo,Quiroz Crovetto,Independiente Evolución Política,,,,Diputados 2025,J. Chile Grande y Unido,Distrito 6,De Valparaiso,Diputado,80,
Felipe,Donoso Castro,Unión Demócrata Independiente,,,,Diputados 2025,J. Chile Grande y Unido,Distrito 17,Del Maule,Diputado,80,
Jorge,Olivares Puentes,Evolución Política,,,,Diputados 2025,J. Chile Grande y Unido,Distrito 3,De Antofagasta,Diputado,80,
Patricio,Laguna Gebauer,Independiente Demócratas Chile,,,,Diputados 2025,J. Chile Grande y Unido,Distrito 15,Del Libertador General Bernardo O'Higgins,Diputado,80,
Carolina,Julio Latorre,Independiente Evolución Política,,,,Diputados 2025,J. Chile Grande y Unido,Distrito 6,De Valparaiso,Diputado,81,
Claudia,Lange Farias,Unión Demócrata Independiente,,,,Diputados 2025,J. Chile Grande y Unido,Distrito 13,Metropolitana De Santiago,Diputado,81,
Francisco,Undurraga Gazitua,Evolución Política,,,,Diputados 2025,J. Chile Grande y Unido,Distrito 11,Metropolitana De Santiago,Diputado,81,
Lennin,Arroyo Vega,Independiente Demócratas Chile,,,,Diputados 2025,J. Chile Grande y Unido,Distrito 15,Del Libertador General Bernardo O'Higgins,Diputado,81,
Yantiel,Calderon Valenzuela,Evolución Política,,,,Diputados 2025,J. Chile Grande y Unido,Distrito 3,De Antofagasta,Diputado,81,
Cristhian,Moreira Barros,Unión Demócrata Independiente,,,,Diputados 2025,J. Chile Grande y Unido,Distrito 13,Metropolitana De Santiago,Diputado,82,
Emiliano,Orueta Bustos,Renovación Nacional,,,,Diputados 2025,J. Chile Grande y Unido,Distrito 15,Del Libertador General Bernardo O'Higgins,Diputado,82,
Jaime,Coloma Alamos,Unión Demócrata Independiente,,,,Diputados 2025,J. Chile Grande y Unido,Distrito 14,Metropolitana De Santiago,Diputado,82,
Jordan,Guajardo Vicencio,Independiente Evolución Política,,,,Diputados 2025,J. Chile Grande y Unido,Distrito 6,De Valparaiso,Diputado,82,
Macarena,Cornejo Fuentes,Evolución Política,,,,Diputados 2025,J. Chile Grande y Unido,Distrito 11,Metropolitana De Santiago,Diputado,82,
Christian,Gomez Diaz,Independiente Unión Demócrata Independiente,,,,Diputados 2025,J. Chile Grande y Unido,Distrito 14,Metropolitana De Santiago,Diputado,83,
Diego,Schalper Sepulveda,Renovación Nacional,,,,Diputados 2025,J. Chile Grande y Unido,Distrito 11,Metropolitana De Santiago,Diputado,83,
Javier,Crasemann Alfonso,Independiente Unión Demócrata Independiente,,,,Diputados 2025,J. Chile Grande y Unido,Distrito 6,De Valparaiso,Diputado,83,
Juan De,Dios Valdivieso Tagle,Renovación Nacional,,,,Diputados 2025,J. Chile Grande y Unido,Distrito 15,Del Libertador General Bernardo O'Higgins,Diputado,83,1
Catalina,Otero Perez,Independiente Unión Demócrata Independiente,,,,Diputados 2025,J. Chile Grande y Unido,Distrito 6,De Valparaiso,Diputado,84,
Claudia,Castro Gutierrez,Independiente Unión Demócrata Independiente,,,,Diputados 2025,J. Chile Grande y Unido,Distrito 14,Metropolitana De Santiago,Diputado,84,
Claudia,Mora Vega,Renovación Nacional,,,,Diputados 2025,J. Chile Grande y Unido,Distrito 11,Metropolitana De Santiago,Diputado,84,
Pia,Margarit Bahamonde,Unión Demócrata Independiente,,,,Diputados 2025,J. Chile Grande y Unido,Distrito 15,Del Libertador General Bernardo O'Higgins,Diputado,84,
Alejandra,Novoa Sandoval,Renovación Nacional,,,,Diputados 2025,J. Chile Grande y Unido,Distrito 14,Metropolitana De Santiago,Diputado,85,
Jorge,Galdames Horostica,Demócratas Chile,,,,Diputados 2025,J. Chile Grande y Unido,Distrito 8,Metropolitana De Santiago,Diputado,85,
Natalia,Romero Talguia,Independiente Unión Demócrata Independiente,,,,Diputados 2025,J. Chile Grande y Unido,Distrito 15,Del Libertador General Bernardo O'Higgins,Diputado,85,
Percy,Carter Morong,Independiente Demócratas Chile,,,,Diputados 2025,J. Chile Grande y Unido,Distrito 11,Metropolitana De Santiago,Diputado,85,
Viviana,Nuñez Carrasco,Unión Demócrata Independiente,,,,Diputados 2025,J. Chile Grande y Unido,Distrito 6,De Valparaiso,Diputado,85,
Carlos,Ward Edwards,Unión Demócrata Independiente,,,,Diputados 2025,J. Chile Grande y Unido,Distrito 11,Metropolitana De Santiago,Diputado,86,
Gonzalo,Egas Pourailly,Demócratas Chile,,,,Diputados 2025,J. Chile Grande y Unido,Distrito 8,Metropolitana De Santiago,Diputado,86,
Pablo,Mira Hurtado,Renovación Nacional,,,,Diputados 2025,J. Chile Grande y Unido,Distrito 14,Metropolitana De Santiago,Diputado,86,
Constanza,Hube Portus,Unión Demócrata Independiente,,,,Diputados 2025,J. Chile Grande y Unido,Distrito 11,Metropolitana De Santiago,Diputado,87,
Elizabeth,Carrasco Urrutia,Demócratas Chile,,,,Diputados 2025,J. Chile Grande y Unido,Distrito 8,Metropolitana De Santiago,Diputado,87,
Pablo,Herrera Rogers,Independiente Renovación Nacional,,,,Diputados 2025,J. Chile Grande y Unido,Distrito 14,Metropolitana De Santiago,Diputado,87,
Andres,Celis Montt,Renovación Nacional,,,,Diputados 2025,J. Chile Grande y Unido,Distrito 7,De Valparaiso,Diputado,88,
Guillermo,Ramirez Diez,Unión Demócrata Independiente,,,,Diputados 2025,J. Chile Grande y Unido,Distrito 9,Metropolitana De Santiago,Diputado,88,
Rosa,Oyarce Suazo,Renovación Nacional,,,,Diputados 2025,J. Chile Grande y Unido,Distrito 8,Metropolitana De Santiago,Diputado,88,
Trinidad,Biggs Montaner,Evolución Política,,,,Diputados 2025,J. Chile Grande y Unido,Distrito 14,Metropolitana De Santiago,Diputado,88,
Ximena,Ossandon Irarrazabal,Renovación Nacional,,,,Diputados 2025,J. Chile Grande y Unido,Distrito 12,Metropolitana De Santiago,Diputado,88,
Cesar,Vega Lazo,Renovación Nacional,,,,Diputados 2025,J. Chile Grande y Unido,Distrito 8,Metropolitana De Santiago,Diputado,89,
Cristobal,Martinez Ramirez,Unión Demócrata Independiente,,,,Diputados 2025,J. Chile Grande y Unido,Distrito 19,De Ñuble,Diputado,89,
Jose Miguel,Gonzalez Zapata,Unión Demócrata Independiente,,,,Diputados 2025,J. Chile Grande y Unido,Distrito 9,Metropolitana De Santiago,Diputado,89,
Marco Antonio,Sulantay Olivares,Unión Demócrata Independiente,,,,Diputados 2025,J. Chile Grande y Unido,Distrito 5,De Coquimbo,Diputado,89,
Paola,Romero Llanos,Independiente Renovación Nacional,,,,Diputados 2025,J. Chile Grande y Unido,Distrito 12,Metropolitana De Santiago,Diputado,89,
Samira,Chahuan Akle,Renovación Nacional,,,,Diputados 2025,J. Chile Grande y Unido,Distrito 7,De Valparaiso,Diputado,89,
Erika Olivera,De La Fuente,Demócratas Chile,,,,Diputados 2025,J. Chile Grande y Unido,Distrito 9,Metropolitana De Santiago,Diputado,90,1
Hugo,Estrella Muñoz,Renovación Nacional,,,,Diputados 2025,J. Chile Grande y Unido,Distrito 12,Metropolitana De Santiago,Diputado,90,
Juan Manuel,Fuenzalida Cobo,Unión Demócrata Independiente,,,,Diputados 2025,J. Chile Grande y Unido,Distrito 5,De Coquimbo,Diputado,90,
Leopoldo,Moreno Contardo,Independiente Renovación Nacional,,,,Diputados 2025,J. Chile Grande y Unido,Distrito 7,De Valparaiso,Diputado,90,
Marta,Bravo Salinas,Unión Demócrata Independiente,,,,Diputados 2025,J. Chile Grande y Unido,Distrito 19,De Ñuble,Diputado,90,
Nataly,Ortuzar Mendez,Renovación Nacional,,,,Diputados 2025,J. Chile Grande y Unido,Distrito 8,Metropolitana De Santiago,Diputado,90,
Tomas,Kast Sommerhoff,Evolución Política,,,,Diputados 2025,J. Chile Grande y Unido,Distrito 23,De La Araucania,Diputado,90,
Carlos,Mondaca Matzner,Independiente Evolución Política,,,,Diputados 2025,J. Chile Grande y Unido,Distrito 7,De Valparaiso,Diputado,91,
Claudia,Salas Melinao,Independiente Evolución Política,,,,Diputados 2025,J. Chile Grande y Unido,Distrito 23,De La Araucania,Diputado,91,
Frank,Sauerbaum Muñoz,Renovación Nacional,,,,Diputados 2025,J. Chile Grande y Unido,Distrito 19,De Ñuble,Diputado,91,
Giannina,Gonzalez Michea,Renovación Nacional,,,,Diputados 2025,J. Chile Grande y Unido,Distrito 5,De Coquimbo,Diputado,91,
Paz,Ortuzar Fuenzalida,Independiente Unión Demócrata Independiente,,,,Diputados 2025,J. Chile Grande y Unido,Distrito 12,Metropolitana De Santiago,Diputado,91,
Sebastian,Keitel Rondon,Independiente Unión Demócrata Independiente,,,,Diputados 2025,J. Chile Grande y Unido,Distrito 8,Metropolitana De Santiago,Diputado,91,
Veronica,Montecinos Ortiz,Demócratas Chile,,,,Diputados 2025,J. Chile Grande y Unido,Distrito 9,Metropolitana De Santiago,Diputado,91,
Aldo,Duque Santos,Independiente Renovación Nacional,,,,Diputados 2025,J. Chile Grande y Unido,Distrito 9,Metropolitana De Santiago,Diputado,92,
Beatriz,Lagos Campos,Unión Demócrata Independiente,,,,Diputados 2025,J. Chile Grande y Unido,Distrito 8,Metropolitana De Santiago,Diputado,92,
Carlos,Chandia Alarcon,Renovación Nacional,,,,Diputados 2025,J. Chile Grande y Unido,Distrito 19,De Ñuble,Diputado,92,
Claudia,Rasso Socias,Independiente Unión Demócrata Independiente,,,,Diputados 2025,J. Chile Grande y Unido,Distrito 12,Metropolitana De Santiago,Diputado,92,
Ignacia,Gomez Martinez,Independiente Demócratas Chile,,,,Diputados 2025,J. Chile Grande y Unido,Distrito 23,De La Araucania,Diputado,92,
Jorge,Garces Rojas,Independiente Evolución Política,,,,Diputados 2025,J. Chile Grande y Unido,Distrito 7,De Valparaiso,Diputado,92,
Roberto,Vega Campusano,Renovación Nacional,,,,Diputados 2025,J. Chile Grande y Unido,Distrito 5,De Coquimbo,Diputado,92,
Anibal,Pinto Ferrada,Unión Demócrata Independiente,,,,Diputados 2025,J. Chile Grande y Unido,Distrito 12,Metropolitana De Santiago,Diputado,93,
Axel,Gonzalez Manquein,Independiente Demócratas Chile,,,,Diputados 2025,J. Chile Grande y Unido,Distrito 23,De La Araucania,Diputado,93,
Maria Elena,Barco Sanchez,Renovación Nacional,,,,Diputados 2025,J. Chile Grande y Unido,Distrito 9,Metropolitana De Santiago,Diputado,93,
Mario,Olavarria Rodriguez,Unión Demócrata Independiente,,,,Diputados 2025,J. Chile Grande y Unido,Distrito 8,Metropolitana De Santiago,Diputado,93,
Marlen,Olivari Mayer,Independiente Evolución Política,,,,Diputados 2025,J. Chile Grande y Unido,Distrito 7,De Valparaiso,Diputado,93,
Patricio,Caamaño Viveros,Independiente Demócratas Chile,,,,Diputados 2025,J. Chile Grande y Unido,Distrito 19,De Ñuble,Diputado,93,
Rosetta,Paris Avalos,Evolución Política,,,,Diputados 2025,J. Chile Grande y Unido,Distrito 5,De Coquimbo,Diputado,93,
Felipe,Vidal Cuevas,Independiente Evolución Política,,,,Diputados 2025,J. Chile Grande y Unido,Distrito 9,Metropolitana De Santiago,Diputado,94,
Genoveva,Sepulveda Venegas,Unión Demócrata Independiente,,,,Diputados 2025,J. Chile Grande y Unido,Distrito 23,De La Araucania,Diputado,94,
Johana,Concha Ortiz,Demócratas Chile,,,,Diputados 2025,J. Chile Grande y Unido,Distrito 12,Metropolitana De Santiago,Diputado,94,
Jorge,Castro Muñoz,Unión Demócrata Independiente,,,,Diputados 2025,J. Chile Grande y Unido,Distrito 7,De Valparaiso,Diputado,94,
Jorge,Sabag Villalobos,Independiente Demócratas Chile,,,,Diputados 2025,J. Chile Grande y Unido,Distrito 19,De Ñuble,Diputado,94,
Rodrigo,Orrego Galvez,Evolución Política,,,,Diputados 2025,J. Chile Grande y Unido,Distrito 5,De Coquimbo,Diputado,94,
Sergio,Bobadilla Muñoz,Unión Demócrata Independiente,,,,Diputados 2025,J. Chile Grande y Unido,Distrito 20,Del Biobio,Diputado,94,
Francisco,Martinez Rivera,Demócratas Chile,,,,Diputados 2025,J. Chile Grande y Unido,Distrito 5,De Coquimbo,Diputado,95,
German,Vergara Lagos,Unión Demócrata Independiente,,,,Diputados 2025,J. Chile Grande y Unido,Distrito 23,De La Araucania,Diputado,95,
Jonathan,Barrera Guajardo,Demócratas Chile,,,,Diputados 2025,J. Chile Grande y Unido,Distrito 12,Metropolitana De Santiago,Diputado,95,
Juan Manuel,Santa Cruz Campaña,Evolución Política,,,,Diputados 2025,J. Chile Grande y Unido,Distrito 9,Metropolitana De Santiago,Diputado,95,1
Macarena,Urenda Salamanca,Unión Demócrata Independiente,,,,Diputados 2025,J. Chile Grande y Unido,Distrito 7,De Valparaiso,Diputado,95,
Marlene,Perez Cartes,Independiente Unión Demócrata Independiente,,,,Diputados 2025,J. Chile Grande y Unido,Distrito 20,Del Biobio,Diputado,95,
Henry,Campos Coa,Unión Demócrata Independiente,,,,Diputados 2025,J. Chile Grande y Unido,Distrito 20,Del Biobio,Diputado,96,
Hotuiti,Teao Drago,Independiente Unión Demócrata Independiente,,,,Diputados 2025,J. Chile Grande y Unido,Distrito 7,De Valparaiso,Diputado,96,
Rene Manuel,Garcia Garcia,Renovación Nacional,,,,Diputados 2025,J. Chile Grande y Unido,Distrito 23,De La Araucania,Diputado,96,
Victor,Pino Fuentes,Demócratas Chile,,,,Diputados 2025,J. Chile Grande y Unido,Distrito 5,De Coquimbo,Diputado,96,
Luciano,Silva Mora,Renovación Nacional,,,,Diputados 2025,J. Chile Grande y Unido,Distrito 20,Del Biobio,Diputado,97,
Pedro,Duran Sanhueza,Renovación Nacional,,,,Diputados 2025,J. Chile Grande y Unido,Distrito 23,De La Araucania,Diputado,97,
Robert,Contreras Reyes,Renovación Nacional,,,,Diputados 2025,J. Chile Grande y Unido,Distrito 20,Del Biobio,Diputado,98,
Mirtha,Encina Ovalle,Renovación Nacional,,,,Diputados 2025,J. Chile Grande y Unido,Distrito 20,Del Biobio,Diputado,99,
Anita,Escobar Gattas,Independiente Nacional Libertario,,,,Diputados 2025,K. Cambio por Chile,Distrito 8,Metropolitana De Santiago,Diputado,100,
Claudia,Stambuk Mardones,Nacional Libertario,,,,Diputados 2025,K. Cambio por Chile,Distrito 23,De La Araucania,Diputado,100,
Erich,Grohs Marin,Nacional Libertario,,,,Diputados 2025,K. Cambio por Chile,Distrito 5,De Coquimbo,Diputado,100,
Freddy,Blanc Sperberg,Nacional Libertario,,,,Diputados 2025,K. Cambio por Chile,Distrito 19,De Ñuble,Diputado,100,
Margarita,Garrido Acevedo,Nacional Libertario,,,,Diputados 2025,K. Cambio por Chile,Distrito 9,Metropolitana De Santiago,Diputado,100,
Maria Isabel,Saez Vila,Nacional Libertario,,,,Diputados 2025,K. Cambio por Chile,Distrito 12,Metropolitana De Santiago,Diputado,100,
Sebastian,Zamora Soto,Independiente Republicano de Chile,,,,Diputados 2025,K. Cambio por Chile,Distrito 7,De Valparaiso,Diputado,100,
Andres,Arce Bustos,Nacional Libertario,,,,Diputados 2025,K. Cambio por Chile,Distrito 12,Metropolitana De Santiago,Diputado,101,
Claudia,Pichulman Cuadra,Nacional Libertario,,,,Diputados 2025,K. Cambio por Chile,Distrito 23,De La Araucania,Diputado,101,
Constanza,Peña Contreras,Nacional Libertario,,,,Diputados 2025,K. Cambio por Chile,Distrito 5,De Coquimbo,Diputado,101,
Jaime,Morales Otarola,Independiente Nacional Libertario,,,,Diputados 2025,K. Cambio por Chile,Distrito 7,De Valparaiso,Diputado,101,
Juan Carlos,Gomez Escobar,Nacional Libertario,,,,Diputados 2025,K. Cambio por Chile,Distrito 8,Metropolitana De Santiago,Diputado,101,
Valeska,Oyarce Peña,Social Cristiano,,,,Diputados 2025,K. Cambio por Chile,Distrito 9,Metropolitana De Santiago,Diputado,101,
Alberto,Seguel Mena,Social Cristiano,,,,Diputados 2025,K. Cambio por Chile,Distrito 9,Metropolitana De Santiago,Diputado,102,
Macarena,Santelices Cañas,Republicano de Chile,,,,Diputados 2025,K. Cambio por Chile,Distrito 12,Metropolitana De Santiago,Diputado,102,
Maria Soledad,Robles Espinosa,Nacional Libertario,,,,Diputados 2025,K. Cambio por Chile,Distrito 5,De Coquimbo,Diputado,102,
Pedro,Schwedelbach Puga,Nacional Libertario,,,,Diputados 2025,K. Cambio por Chile,Distrito 7,De Valparaiso,Diputado,102,
Pier,Karlezi Hazleby,Nacional Libertario,,,,Diputados 2025,K. Cambio por Chile,Distrito 8,Metropolitana De Santiago,Diputado,102,
Rodolfo,Valenzuela Pardo,Nacional Libertario,,,,Diputados 2025,K. Cambio por Chile,Distrito 23,De La Araucania,Diputado,102,
Alejandra,Carrasco Perez,Nacional Libertario,,,,Diputados 2025,K. Cambio por Chile,Distrito 7,De Valparaiso,Diputado,103,
Alvaro,Carter Fernandez,Republicano de Chile,,,,Diputados 2025,K. Cambio por Chile,Distrito 12,Metropolitana De Santiago,Diputado,103,
Carolina,Garate Vergara,Social Cristiano,,,,Diputados 2025,K. Cambio por Chile,Distrito 9,Metropolitana De Santiago,Diputado,103,
Francesca,Muñoz Gonzalez,Social Cristiano,,,,Diputados 2025,K. Cambio por Chile,Distrito 20,Del Biobio,Diputado,103,
Miguel,Sanzana Villablanca,Social Cristiano,,,,Diputados 2025,K. Cambio por Chile,Distrito 23,De La Araucania,Diputado,103,
Veronica,Pizarro Garcia,Republicano de Chile,,,,Diputados 2025,K. Cambio por Chile,Distrito 5,De Coquimbo,Diputado,103,
Barbara,Vera Sepulveda,Social Cristiano,,,,Diputados 2025,K. Cambio por Chile,Distrito 7,De Valparaiso,Diputado,104,
Jose,Bravo Burgos,Independiente Social Cristiano,,,,Diputados 2025,K. Cambio por Chile,Distrito 23,De La Araucania,Diputado,104,
Pamela,Rishmague Buzzo,Republicano de Chile,,,,Diputados 2025,K. Cambio por Chile,Distrito 5,De Coquimbo,Diputado,104,
Roberto,Arroyo Muñoz,Social Cristiano,,,,Diputados 2025,K. Cambio por Chile,Distrito 20,Del Biobio,Diputado,104,
Antaris,Varela Compagnon,Social Cristiano,,,,Diputados 2025,K. Cambio por Chile,Distrito 20,Del Biobio,Diputado,105,
Jorge,Sepulveda Rosales,Social Cristiano,,,,Diputados 2025,K. Cambio por Chile,Distrito 23,De La Araucania,Diputado,105,
Juan Alberto,Sepulveda Quezada,Social Cristiano,,,,Diputados 2025,K. Cambio por Chile,Distrito 7,De Valparaiso,Diputado,105,
Jessica,Flores Reyes,Social Cristiano,,,,Diputados 2025,K. Cambio por Chile,Distrito 20,Del Biobio,Diputado,106,
Gabriel,Torres Hermosilla,Independiente Social Cristiano,,,,Diputados 2025,K. Cambio por Chile,Distrito 20,Del Biobio,Diputado,107,
Reinaldo,Gonzalez Mariangel,Nacional Libertario,,,,Diputados 2025,K. Cambio por Chile,Distrito 20,Del Biobio,Diputado,108,
Jimena,Figueroa Negron,Nacional Libertario,,,,Diputados 2025,K. Cambio por Chile,Distrito 20,Del Biobio,Diputado,109,
James,Argo Chavez,Republicano de Chile,,,,Diputados 2025,K. Cambio por Chile,Distrito 20,Del Biobio,Diputado,110,
Paz,Charpentier Rajcevich,Republicano de Chile,,,,Diputados 2025,K. Cambio por Chile,Distrito 20,Del Biobio,Diputado,111,
Hans,Marowski Cuevas,Nacional Libertario,,,,Diputados 2025,K. Cambio por Chile,Distrito 10,Metropolitana De Santiago,Diputado,113,
Leticia,Araya Ahumada,Nacional Libertario,,,,Diputados 2025,K. Cambio por Chile,Distrito 10,Metropolitana De Santiago,Diputado,114,
Franco,Frias Gutierrez,Nacional Libertario,,,,Diputados 2025,K. Cambio por Chile,Distrito 10,Metropolitana De Santiago,Diputado,115,
Evelyn,Hernandez Flores,Nacional Libertario,,,,Diputados 2025,K. Cambio por Chile,Distrito 10,Metropolitana De Santiago,Diputado,116,
Jean,Bonvallet Setti,Independiente Social Cristiano,,,,Diputados 2025,K. Cambio por Chile,Distrito 10,Metropolitana De Santiago,Diputado,117,
Gino,Lorenzini Barrios,Independiente Social Cristiano,,,,Diputados 2025,K. Cambio por Chile,Distrito 10,Metropolitana De Santiago,Diputado,118,
Matias,Bellolio Merino,Republicano de Chile,,,,Diputados 2025,K. Cambio por Chile,Distrito 10,Metropolitana De Santiago,Diputado,119,
Abigail,Aburto Cardenas,Independiente Republicano de Chile,,,,Diputados 2025,K. Cambio por Chile,Distrito 10,Metropolitana De Santiago,Diputado,120,
Jose Antonio,Kast Adriasola,Republicano de Chile,,,,Diputados 2025,K. Cambio por Chile,Distrito 10,Metropolitana De Santiago,Diputado,121,
Manuel,Anabalon Jeldres,Independiente Social Cristiano,,,,Senadores 2025,K. Cambio por Chile,Circunscripción Senatorial 14,De Aysen Del General Carlos Ibañez Del Campo,Senador,16,
Belen,Oyarzun Eihhorst,Republicano de Chile,,,,Senadores 2025,K. Cambio por Chile,Circunscripción Senatorial 14,De Aysen Del General Carlos Ibañez Del Campo,Senador,17,
Felipe,Henriquez Raglianti,Independiente Nacional Libertario,,,,Senadores 2025,K. Cambio por Chile,Circunscripción Senatorial 14,De Aysen Del General Carlos Ibañez Del Campo,Senador,18,
Sofia,Cid Versalovic,Republicano de Chile,,,,Senadores 2025,K. Cambio por Chile,Circunscripción Senatorial 4,De Atacama,Senador,19,
Ulises,Carabantes Ahumada,Republicano de Chile,,,,Senadores 2025,K. Cambio por Chile,Circunscripción Senatorial 4,De Atacama,Senador,20,
Milka Del,Canto Urrelo,Independiente Social Cristiano,,,,Senadores 2025,K. Cambio por Chile,Circunscripción Senatorial 4,De Atacama,Senador,21,1
Renzo,Trisotti Martinez,Republicano de Chile,,,,Senadores 2025,K. Cambio por Chile,Circunscripción Senatorial 2,De Tarapaca,Senador,21,
Irene,Mamani Lovera,Nacional Libertario,,,,Senadores 2025,K. Cambio por Chile,Circunscripción Senatorial 1,De Arica Y Parinacota,Senador,22,
Karen,Heyne Bolados,Republicano de Chile,,,,Senadores 2025,K. Cambio por Chile,Circunscripción Senatorial 2,De Tarapaca,Senador,22,
Solange,Jimenez Dinamarca,Social Cristiano,,,,Senadores 2025,K. Cambio por Chile,Circunscripción Senatorial 2,De Tarapaca,Senador,23,
Vanessa Kaiser,Barents-Von Hohenhagen,Nacional Libertario,,,,Senadores 2025,K. Cambio por Chile,Circunscripción Senatorial 11,De La Araucania,Senador,29,
Cesar,Vargas Zurita,Nacional Libertario,,,,Senadores 2025,K. Cambio por Chile,Circunscripción Senatorial 11,De La Araucania,Senador,30,
Anita De,Arzumendi Cifuentes,Social Cristiano,,,,Senadores 2025,K. Cambio por Chile,Circunscripción Senatorial 11,De La Araucania,Senador,31,1
Arturo,Squella Ovalle,Republicano de Chile,,,,Senadores 2025,K. Cambio por Chile,Circunscripción Senatorial 6,De Valparaiso,Senador,31,
Alberto,Soto Valenzuela,Independiente Republicano de Chile,,,,Senadores 2025,K. Cambio por Chile,Circunscripción Senatorial 6,De Valparaiso,Senador,32,
Pablo,Becker Vasquez,Social Cristiano,,,,Senadores 2025,K. Cambio por Chile,Circunscripción Senatorial 11,De La Araucania,Senador,32,
Ruth,Hurtado Olave,Republicano de Chile,,,,Senadores 2025,K. Cambio por Chile,Circunscripción Senatorial 11,De La Araucania,Senador,33,
Soledad,Loyola Vera,Republicano de Chile,,,,Senadores 2025,K. Cambio por Chile,Circunscripción Senatorial 6,De Valparaiso,Senador,33,
Juan,Castro Prieto,Social Cristiano,,,,Senadores 2025,K. Cambio por Chile,Circunscripción Senatorial 9,Del Maule,Senador,34,
Julio,Martinez Colina,Nacional Libertario,,,,Senadores 2025,K. Cambio por Chile,Circunscripción Senatorial 6,De Valparaiso,Senador,34,
Rodolfo,Carter Fernandez,Independiente Republicano de Chile,,,,Senadores 2025,K. Cambio por Chile,Circunscripción Senatorial 11,De La Araucania,Senador,34,
Camila,Soto Rodriguez,Social Cristiano,,,,Senadores 2025,K. Cambio por Chile,Circunscripción Senatorial 9,Del Maule,Senador,35,
Veronica,Vega Orellana,Nacional Libertario,,,,Senadores 2025,K. Cambio por Chile,Circunscripción Senatorial 6,De Valparaiso,Senador,35,
Esteban,Barahona Contreras,Social Cristiano,,,,Senadores 2025,K. Cambio por Chile,Circunscripción Senatorial 6,De Valparaiso,Senador,36,
Felipe,Gonzalez Lopez,Social Cristiano,,,,Senadores 2025,K. Cambio por Chile,Circunscripción Senatorial 9,Del Maule,Senador,36,
Ignacio,Urrutia Bonilla,Republicano de Chile,,,,Senadores 2025,K. Cambio por Chile,Circunscripción Senatorial 9,Del Maule,Senador,37,
Cristian,Vial Maceratta,Independiente Republicano de Chile,,,,Senadores 2025,K. Cambio por Chile,Circunscripción Senatorial 9,Del Maule,Senador,38,
Pablo,Catalan Ramirez,Nacional Libertario,,,,Senadores 2025,K. Cambio por Chile,Circunscripción Senatorial 9,Del Maule,Senador,39,
Alejandro,Riquelme Ducci,Republicano de Chile,,,,Diputados 2025,K. Cambio por Chile,Distrito 28,De Magallanes Y De La Antartica Chilena,Diputado,63,
Cristian,Borquez Acuña,Nacional Libertario,,,,Diputados 2025,K. Cambio por Chile,Distrito 27,De Aysen Del General Carlos Ibañez Del Campo,Diputado,64,
Juan,Srdanovic Arcos,Independiente Republicano de Chile,,,,Diputados 2025,K. Cambio por Chile,Distrito 28,De Magallanes Y De La Antartica Chilena,Diputado,64,
Javiera,Calvo Rifo,Social Cristiano,,,,Diputados 2025,K. Cambio por Chile,Distrito 28,De Magallanes Y De La Antartica Chilena,Diputado,65,
Jorge,Perez Urra,Social Cristiano,,,,Diputados 2025,K. Cambio por Chile,Distrito 27,De Aysen Del General Carlos Ibañez Del Campo,Diputado,65,
Jaime,Ceballos Vergara,Republicano de Chile,,,,Diputados 2025,K. Cambio por Chile,Distrito 27,De Aysen Del General Carlos Ibañez Del Campo,Diputado,66,
Jorge,Muñoz Oyarce,Republicano de Chile,,,,Diputados 2025,K. Cambio por Chile,Distrito 2,De Tarapaca,Diputado,66,
Ramon,Aguilar Tobar,Nacional Libertario,,,,Diputados 2025,K. Cambio por Chile,Distrito 28,De Magallanes Y De La Antartica Chilena,Diputado,66,
Cristian,Cabezas Mundaca,Social Cristiano,,,,Diputados 2025,K. Cambio por Chile,Distrito 2,De Tarapaca,Diputado,67,
Alvaro,Jofre Caceres,Nacional Libertario,,,,Diputados 2025,K. Cambio por Chile,Distrito 2,De Tarapaca,Diputado,68,
Agustin,Rendic Galleguillos,Nacional Libertario,,,,Diputados 2025,K. Cambio por Chile,Distrito 2,De Tarapaca,Diputado,69,
Genesis,Veloso Lobos,Social Cristiano,,,,Diputados 2025,K. Cambio por Chile,Distrito 18,Del Maule,Diputado,71,
Sebastian,Cristi Alfonso,Nacional Libertario,,,,Diputados 2025,K. Cambio por Chile,Distrito 25,De Los Lagos,Diputado,71,
Sebastian,Cristoffanini Jaraquemada,Republicano de Chile,,,,Diputados 2025,K. Cambio por Chile,Distrito 16,Del Libertador General Bernardo O'Higgins,Diputado,71,
Cristobal,Garcia Ogaz,Republicano de Chile,,,,Diputados 2025,K. Cambio por Chile,Distrito 18,Del Maule,Diputado,72,
Marcelo,Zara Pizarro,Nacional Libertario,,,,Diputados 2025,K. Cambio por Chile,Distrito 1,De Arica Y Parinacota,Diputado,72,
Maria Del,Pilar Zuñiga Zamorano,Republicano de Chile,,,,Diputados 2025,K. Cambio por Chile,Distrito 16,Del Libertador General Bernardo O'Higgins,Diputado,72,1
Paulina,Muñoz Minte,Nacional Libertario,,,,Diputados 2025,K. Cambio por Chile,Distrito 25,De Los Lagos,Diputado,72,
Daniel,Bustos Leal,Republicano de Chile,,,,Diputados 2025,K. Cambio por Chile,Distrito 18,Del Maule,Diputado,73,
Jose,Lee Rodriguez,Social Cristiano,,,,Diputados 2025,K. Cambio por Chile,Distrito 1,De Arica Y Parinacota,Diputado,73,
Karen,Berrios Guerra,Republicano de Chile,,,,Diputados 2025,K. Cambio por Chile,Distrito 25,De Los Lagos,Diputado,73,
Luis,Bustamante Moraga,Nacional Libertario,,,,Diputados 2025,K. Cambio por Chile,Distrito 16,Del Libertador General Bernardo O'Higgins,Diputado,73,
Tamar,Muñoz Sepulveda,Social Cristiano,,,,Diputados 2025,K. Cambio por Chile,Distrito 24,De Los Rios,Diputado,73,
Andrea,Iturriaga Hewstone,Independiente Republicano de Chile,,,,Diputados 2025,K. Cambio por Chile,Distrito 25,De Los Lagos,Diputado,74,
Claudia,Reyes Larenas,Republicano de Chile,,,,Diputados 2025,K. Cambio por Chile,Distrito 26,De Los Lagos,Diputado,74,
Cristian,Menchaca Pinochet,Independiente Republicano de Chile,,,,Diputados 2025,K. Cambio por Chile,Distrito 18,Del Maule,Diputado,74,
Francisco,Avaria Marraccini,Social Cristiano,,,,Diputados 2025,K. Cambio por Chile,Distrito 16,Del Libertador General Bernardo O'Higgins,Diputado,74,
Luis,Gaete Alvarez,Nacional Libertario,,,,Diputados 2025,K. Cambio por Chile,Distrito 24,De Los Rios,Diputado,74,
Stephanie,Jeldrez Ortiz,Republicano de Chile,,,,Diputados 2025,K. Cambio por Chile,Distrito 1,De Arica Y Parinacota,Diputado,74,
Carlos,Seitz Aspee,Republicano de Chile,,,,Diputados 2025,K. Cambio por Chile,Distrito 26,De Los Lagos,Diputado,75,
Joaquin,Morales Gomez,Nacional Libertario,,,,Diputados 2025,K. Cambio por Chile,Distrito 18,Del Maule,Diputado,75,
Leandro,Kunstmann Collado,Republicano de Chile,,,,Diputados 2025,K. Cambio por Chile,Distrito 24,De Los Rios,Diputado,75,
Pollyana,Rivera Bigas,Republicano de Chile,,,,Diputados 2025,K. Cambio por Chile,Distrito 1,De Arica Y Parinacota,Diputado,75,
Gloria,Naveillan Arriagada,Nacional Libertario,,,,Diputados 2025,K. Cambio por Chile,Distrito 22,De La Araucania,Diputado,76,
Maria Soledad,Lorca Sau,Nacional Libertario,,,,Diputados 2025,K. Cambio por Chile,Distrito 26,De Los Lagos,Diputado,76,
Paulina,Hernandez Valderrama,Republicano de Chile,,,,Diputados 2025,K. Cambio por Chile,Distrito 24,De Los Rios,Diputado,76,
Marcelo,Castillo Aldunate,Nacional Libertario,,,,Diputados 2025,K. Cambio por Chile,Distrito 26,De Los Lagos,Diputado,77,
Victor,Badilla Urra,Nacional Libertario,,,,Diputados 2025,K. Cambio por Chile,Distrito 22,De La Araucania,Diputado,77,
Ignacio,Urcullu Clement-Lund,Republicano de Chile,,,,Diputados 2025,K. Cambio por Chile,Distrito 4,De Atacama,Diputado,78,
Marco,Melo Hernandez,Social Cristiano,,,,Diputados 2025,K. Cambio por Chile,Distrito 26,De Los Lagos,Diputado,78,
Roberto,Quintana Burgos,Social Cristiano,,,,Diputados 2025,K. Cambio por Chile,Distrito 22,De La Araucania,Diputado,78,
Cristobal,Urruticoechea Rios,Nacional Libertario,,,,Diputados 2025,K. Cambio por Chile,Distrito 21,Del Biobio,Diputado,79,
Felipe,Martinez Reyes,Republicano de Chile,,,,Diputados 2025,K. Cambio por Chile,Distrito 22,De La Araucania,Diputado,79,
Natacha,Rivas Morales,Social Cristiano,,,,Diputados 2025,K. Cambio por Chile,Distrito 26,De Los Lagos,Diputado,79,
Susana,Hiplan Esteffan,Republicano de Chile,,,,Diputados 2025,K. Cambio por Chile,Distrito 4,De Atacama,Diputado,79,
Deborah,Negrete Plaza,Independiente Republicano de Chile,,,,Diputados 2025,K. Cambio por Chile,Distrito 22,De La Araucania,Diputado,80,
Evelyn,Caamaño Gonzalez,Nacional Libertario,,,,Diputados 2025,K. Cambio por Chile,Distrito 21,Del Biobio,Diputado,80,
Karina,Palleres Guzman,Republicano de Chile,,,,Diputados 2025,K. Cambio por Chile,Distrito 4,De Atacama,Diputado,80,
Benjamin,Moreno Bascur,Republicano de Chile,,,,Diputados 2025,K. Cambio por Chile,Distrito 17,Del Maule,Diputado,81,
Daniela,Gallegos Porcile,Social Cristiano,,,,Diputados 2025,K. Cambio por Chile,Distrito 4,De Atacama,Diputado,81,
Fernando,Peña Rivera,Republicano de Chile,,,,Diputados 2025,K. Cambio por Chile,Distrito 21,Del Biobio,Diputado,81,
Greis,Parada Rojas,Republicano de Chile,,,,Diputados 2025,K. Cambio por Chile,Distrito 17,Del Maule,Diputado,82,
Luis,Nuñez Barrientos,Nacional Libertario,,,,Diputados 2025,K. Cambio por Chile,Distrito 4,De Atacama,Diputado,82,
Solange,Etchepare Lacoste,Independiente Republicano de Chile,,,,Diputados 2025,K. Cambio por Chile,Distrito 21,Del Biobio,Diputado,82,
Yovana,Ahumada Palma,Social Cristiano,,,,Diputados 2025,K. Cambio por Chile,Distrito 3,De Antofagasta,Diputado,82,
Bernardo,Fontaine Montero,Independiente Republicano de Chile,,,,Diputados 2025,K. Cambio por Chile,Distrito 17,Del Maule,Diputado,83,
Carolina,Moscoso Carrasco,Social Cristiano,,,,Diputados 2025,K. Cambio por Chile,Distrito 3,De Antofagasta,Diputado,83,
Felipe,Ross Correa,Republicano de Chile,,,,Diputados 2025,K. Cambio por Chile,Distrito 13,Metropolitana De Santiago,Diputado,83,
Ivania Paola,Rojas Castillo,Social Cristiano,,,,Diputados 2025,K. Cambio por Chile,Distrito 21,Del Biobio,Diputado,83,
Margarita,Contreras Rios,Nacional Libertario,,,,Diputados 2025,K. Cambio por Chile,Distrito 4,De Atacama,Diputado,83,
Leslie,Moll Vera,Social Cristiano,,,,Diputados 2025,K. Cambio por Chile,Distrito 3,De Antofagasta,Diputado,84,
Mario,Caraves Heck,Nacional Libertario,,,,Diputados 2025,K. Cambio por Chile,Distrito 17,Del Maule,Diputado,84,
Patricio,Badilla Cofre,Social Cristiano,,,,Diputados 2025,K. Cambio por Chile,Distrito 21,Del Biobio,Diputado,84,
Valentina,Becerra Peña,Republicano de Chile,,,,Diputados 2025,K. Cambio por Chile,Distrito 13,Metropolitana De Santiago,Diputado,84,
Adriana,Jimenez Retamal,Nacional Libertario,,,,Diputados 2025,K. Cambio por Chile,Distrito 3,De Antofagasta,Diputado,85,
German,Verdugo Soto,Nacional Libertario,,,,Diputados 2025,K. Cambio por Chile,Distrito 17,Del Maule,Diputado,85,
Taryn,Coopman Palavicino,Nacional Libertario,,,,Diputados 2025,K. Cambio por Chile,Distrito 13,Metropolitana De Santiago,Diputado,85,
Carlo,Arqueros Pizarro,Republicano de Chile,,,,Diputados 2025,K. Cambio por Chile,Distrito 3,De Antofagasta,Diputado,86,
Chiara,Barchiesi Chavez,Republicano de Chile,,,,Diputados 2025,K. Cambio por Chile,Distrito 6,De Valparaiso,Diputado,86,
Oscar,Calfileo Castro,Nacional Libertario,,,,Diputados 2025,K. Cambio por Chile,Distrito 13,Metropolitana De Santiago,Diputado,86,
Patricio,Arenas Roman,Social Cristiano,,,,Diputados 2025,K. Cambio por Chile,Distrito 15,Del Libertador General Bernardo O'Higgins,Diputado,86,
Patricio,Lineros Gonzalez,Social Cristiano,,,,Diputados 2025,K. Cambio por Chile,Distrito 17,Del Maule,Diputado,86,
Benjamin,Lorca Inzunza,Republicano de Chile,,,,Diputados 2025,K. Cambio por Chile,Distrito 6,De Valparaiso,Diputado,87,
Bernardo,Vasquez Bobadilla,Social Cristiano,,,,Diputados 2025,K. Cambio por Chile,Distrito 17,Del Maule,Diputado,87,
Cristian,Vivian Troncoso,Social Cristiano,,,,Diputados 2025,K. Cambio por Chile,Distrito 13,Metropolitana De Santiago,Diputado,87,
Paula,Muñoz Carrasco,Social Cristiano,,,,Diputados 2025,K. Cambio por Chile,Distrito 15,Del Libertador General Bernardo O'Higgins,Diputado,87,
Silvana,Ubillo Rojas,Republicano de Chile,,,,Diputados 2025,K. Cambio por Chile,Distrito 3,De Antofagasta,Diputado,87,
Cristian Araya,Lerdo De Tejada,Republicano de Chile,,,,Diputados 2025,K. Cambio por Chile,Distrito 11,Metropolitana De Santiago,Diputado,88,1
Daniel,Tapia Mella,Independiente Social Cristiano,,,,Diputados 2025,K. Cambio por Chile,Distrito 13,Metropolitana De Santiago,Diputado,88,
Fernanda,Aguirre Torres,Social Cristiano,,,,Diputados 2025,K. Cambio por Chile,Distrito 17,Del Maule,Diputado,88,
Fernando,Ugarte Tejeda,Republicano de Chile,,,,Diputados 2025,K. Cambio por Chile,Distrito 15,Del Libertador General Bernardo O'Higgins,Diputado,88,
Manuel,Millones Chirino,Independiente Republicano de Chile,,,,Diputados 2025,K. Cambio por Chile,Distrito 6,De Valparaiso,Diputado,88,
Catalina Del,Real Mihovilovic,Republicano de Chile,,,,Diputados 2025,K. Cambio por Chile,Distrito 11,Metropolitana De Santiago,Diputado,89,1
Emiliano,Garcia Bobadilla,Republicano de Chile,,,,Diputados 2025,K. Cambio por Chile,Distrito 15,Del Libertador General Bernardo O'Higgins,Diputado,89,
Juan,Irarrazaval Rossel,Republicano de Chile,,,,Diputados 2025,K. Cambio por Chile,Distrito 14,Metropolitana De Santiago,Diputado,89,
Marlene,Gonzalez Ahumada,Social Cristiano,,,,Diputados 2025,K. Cambio por Chile,Distrito 6,De Valparaiso,Diputado,89,
Christian,Vargas Paredes,Nacional Libertario,,,,Diputados 2025,K. Cambio por Chile,Distrito 15,Del Libertador General Bernardo O'Higgins,Diputado,90,
Diego,Vergara Rodriguez,Republicano de Chile,,,,Diputados 2025,K. Cambio por Chile,Distrito 14,Metropolitana De Santiago,Diputado,90,
Pedro,Lea-Plaza Edwards,Republicano de Chile,,,,Diputados 2025,K. Cambio por Chile,Distrito 11,Metropolitana De Santiago,Diputado,90,
Rodolfo,Ponce Vargas,Independiente Social Cristiano,,,,Diputados 2025,K. Cambio por Chile,Distrito 6,De Valparaiso,Diputado,90,
Annemarie,Muller During,Republicano de Chile,,,,Diputados 2025,K. Cambio por Chile,Distrito 14,Metropolitana De Santiago,Diputado,91,
Javiera,Moreno Cerpa,Nacional Libertario,,,,Diputados 2025,K. Cambio por Chile,Distrito 15,Del Libertador General Bernardo O'Higgins,Diputado,91,
Jose,Vallejo Knockaert,Nacional Libertario,,,,Diputados 2025,K. Cambio por Chile,Distrito 6,De Valparaiso,Diputado,91,
Michel,Cartes Zuñiga,Social Cristiano,,,,Diputados 2025,K. Cambio por Chile,Distrito 11,Metropolitana De Santiago,Diputado,91,
Cristian,Daly Dagorret,Nacional Libertario,,,,Diputados 2025,K. Cambio por Chile,Distrito 11,Metropolitana De Santiago,Diputado,92,
Juan,Molina Romo,Social Cristiano,,,,Diputados 2025,K. Cambio por Chile,Distrito 14,Metropolitana De Santiago,Diputado,92,
Soledad,Calvo Herrera,Nacional Libertario,,,,Diputados 2025,K. Cambio por Chile,Distrito 6,De Valparaiso,Diputado,92,
Carlos,Alarcon Castro,Nacional Libertario,,,,Diputados 2025,K. Cambio por Chile,Distrito 11,Metropolitana De Santiago,Diputado,93,
Carlos,Barberis Avendaño,Social Cristiano,,,,Diputados 2025,K. Cambio por Chile,Distrito 14,Metropolitana De Santiago,Diputado,93,
Veronica,Becerra Vergara,Nacional Libertario,,,,Diputados 2025,K. Cambio por Chile,Distrito 6,De Valparaiso,Diputado,93,
Agustin,Romero Leiva,Republicano de Chile,,,,Diputados 2025,K. Cambio por Chile,Distrito 8,Metropolitana De Santiago,Diputado,94,
Claudia,Ormeño Urra,Nacional Libertario,,,,Diputados 2025,K. Cambio por Chile,Distrito 14,Metropolitana De Santiago,Diputado,94,
Jorge,Villarroel Perez,Nacional Libertario,,,,Diputados 2025,K. Cambio por Chile,Distrito 6,De Valparaiso,Diputado,94,
Maria Carolina,Cotapos Mardones,Nacional Libertario,,,,Diputados 2025,K. Cambio por Chile,Distrito 11,Metropolitana De Santiago,Diputado,94,
Enrique,Bassaletti Riess,Independiente Republicano de Chile,,,,Diputados 2025,K. Cambio por Chile,Distrito 8,Metropolitana De Santiago,Diputado,95,
Josefina,Dieguez Russell,Nacional Libertario,,,,Diputados 2025,K. Cambio por Chile,Distrito 14,Metropolitana De Santiago,Diputado,95,
Sara,Concha Smith,Social Cristiano,,,,Diputados 2025,K. Cambio por Chile,Distrito 19,De Ñuble,Diputado,95,
Catherine,Cebulj Navarrete,Republicano de Chile,,,,Diputados 2025,K. Cambio por Chile,Distrito 8,Metropolitana De Santiago,Diputado,96,
Erick,Jimenez Garay,Social Cristiano,,,,Diputados 2025,K. Cambio por Chile,Distrito 19,De Ñuble,Diputado,96,
Jose Carlos,Meza Pereira,Republicano de Chile,,,,Diputados 2025,K. Cambio por Chile,Distrito 9,Metropolitana De Santiago,Diputado,96,
Judith,Marin Morales,Social Cristiano,,,,Diputados 2025,K. Cambio por Chile,Distrito 12,Metropolitana De Santiago,Diputado,96,
Alejandra,Osorio Cortes,Social Cristiano,,,,Diputados 2025,K. Cambio por Chile,Distrito 19,De Ñuble,Diputado,97,
Elein,Ossandon Manrique,Social Cristiano,,,,Diputados 2025,K. Cambio por Chile,Distrito 12,Metropolitana De Santiago,Diputado,97,
Enrique,Muñoz Lagos,Social Cristiano,,,,Diputados 2025,K. Cambio por Chile,Distrito 8,Metropolitana De Santiago,Diputado,97,
Luis Fernando,Sanchez Ossa,Republicano de Chile,,,,Diputados 2025,K. Cambio por Chile,Distrito 7,De Valparaiso,Diputado,97,
Macarena,Garcia-Huidobro Llort,Republicano de Chile,,,,Diputados 2025,K. Cambio por Chile,Distrito 9,Metropolitana De Santiago,Diputado,97,
Tatiana,Castillo Gonzalez,Social Cristiano,,,,Diputados 2025,K. Cambio por Chile,Distrito 5,De Coquimbo,Diputado,97,
Andrea,Barrera Escobar,Social Cristiano,,,,Diputados 2025,K. Cambio por Chile,Distrito 5,De Coquimbo,Diputado,98,
Felipe,Corvalan Destefani,Social Cristiano,,,,Diputados 2025,K. Cambio por Chile,Distrito 8,Metropolitana De Santiago,Diputado,98,
Javiera,Rodriguez Pascual,Republicano de Chile,,,,Diputados 2025,K. Cambio por Chile,Distrito 9,Metropolitana De Santiago,Diputado,98,
Kevin,Valenzuela Arroyo,Social Cristiano,,,,Diputados 2025,K. Cambio por Chile,Distrito 12,Metropolitana De Santiago,Diputado,98,
Magdalena,Oyarce Sepulveda,Republicano de Chile,,,,Diputados 2025,K. Cambio por Chile,Distrito 19,De Ñuble,Diputado,98,
Rafael,Gonzalez Camus,Republicano de Chile,,,,Diputados 2025,K. Cambio por Chile,Distrito 7,De Valparaiso,Diputado,98,
Stephan,Schubert Rubio,Republicano de Chile,,,,Diputados 2025,K. Cambio por Chile,Distrito 23,De La Araucania,Diputado,98,
Angela,Carrasco Jofre,Republicano de Chile,,,,Diputados 2025,K. Cambio por Chile,Distrito 7,De Valparaiso,Diputado,99,
Camille,Sigl Fuentes,Nacional Libertario,,,,Diputados 2025,K. Cambio por Chile,Distrito 12,Metropolitana De Santiago,Diputado,99,
Cristian,Neira Martinez,Republicano de Chile,,,,Diputados 2025,K. Cambio por Chile,Distrito 23,De La Araucania,Diputado,99,
Diego,Sepulveda Palma,Republicano de Chile,,,,Diputados 2025,K. Cambio por Chile,Distrito 19,De Ñuble,Diputado,99,
Italo,Omegna Vergara,Nacional Libertario,,,,Diputados 2025,K. Cambio por Chile,Distrito 8,Metropolitana De Santiago,Diputado,99,
Matias,Guzman Galleguillos,Social Cristiano,,,,Diputados 2025,K. Cambio por Chile,Distrito 5,De Coquimbo,Diputado,99,
Maximiliano,Murath Mansilla,Nacional Libertario,,,,Diputados 2025,K. Cambio por Chile,Distrito 9,Metropolitana De Santiago,Diputado,99,
Ana,Araneda Gomez,Independiente Demócratas Chile,,,,Diputados 2025,J. Chile Grande y Unido,Distrito 20,Del Biobio,Diputado,102,
José Antonio,Urrutia Riesco,Candidatura Independiente,,,,Diputados 2025,Candidatura Independiente,Distrito 24,De Los Rios,Diputado,77,
Aucan,Huilcaman Paillama,Ecologista Verde,,,,Senadores 2025,A. Partido Ecologista Verde,Circunscripción Senatorial 11,De La Araucania,Senador,11,
Saul,Gonzalez Caceres,Candidatura Independiente,,,,Diputados 2025,Candidatura Independiente,Distrito 20,Del Biobio,Diputado,112,
Rosa Elizabeth,Catrileo Arias,Candidatura Independiente,,,,Senadores 2025,Candidatura Independiente,Circunscripción Senatorial 11,De La Araucania,Senador,35,
Juan Francisco,Pulgar Castillo,Candidatura Independiente,,,,Senadores 2025,Candidatura Independiente,Circunscripción Senatorial 9,Del Maule,Senador,40,
Carlos Antonio,Karim Bianchi Chelech,Candidatura Independiente,,,,Diputados 2025,Candidatura Independiente,Distrito 28,De Magallanes Y De La Antartica Chilena,Diputado,67,1
Claudia Paola,Barrientos Sanchez,Candidatura Independiente,,,,Diputados 2025,Candidatura Independiente,Distrito 28,De Magallanes Y De La Antartica Chilena,Diputado,68,
