candidato_apellido,candidato_nombre,candidato_partido,pregunta_orden,pregunta_texto_ref,valor,justificacion,fuente_url
Duran Martinez,Felipe,Acción Humanista,1,"El Senado debe mantenerse como camara revisora del Congreso,",4,"[INFERIDO POR LISTA: B. Verdes, Regionalistas y Humanistas] Base coalicion=3, candidato=4 (RUIDO +1 deterministico). Refleja variacion intra-partido no verificada. Data sintetica. NO es declaracion personal del candidato. Ver dataset/README.md.",https://es.wikipedia.org/wiki/Federaci%C3%B3n_Regionalista_Verde_Social
Duran Martinez,Felipe,Acción Humanista,2,El Senado debe endurecer el proceso de aprobacion de nombram,4,"[INFERIDO POR LISTA: B. Verdes, Regionalistas y Humanistas] Base coalicion=5, candidato=4 (RUIDO -1 deterministico). Refleja variacion intra-partido no verificada. Data sintetica. NO es declaracion personal del candidato. Ver dataset/README.md.",https://es.wikipedia.org/wiki/Federaci%C3%B3n_Regionalista_Verde_Social
Duran Martinez,Felipe,Acción Humanista,4,Chile debe restaurar el quorum de dos tercios para reformas ,1,"[INFERIDO POR LISTA: B. Verdes, Regionalistas y Humanistas] Base coalicion=2, candidato=1 (RUIDO -1 deterministico). Refleja variacion intra-partido no verificada. Data sintetica. NO es declaracion personal del candidato. Ver dataset/README.md.",https://es.wikipedia.org/wiki/Federaci%C3%B3n_Regionalista_Verde_Social
Duran Martinez,Felipe,Acción Humanista,5,El Senado debe reducirse de 50 a 43 escanos para racionaliza,3,"[INFERIDO POR LISTA: B. Verdes, Regionalistas y Humanistas] Postura tomada del vector base de la coalicion sin desviacion. Data sintetica. NO es declaracion personal del candidato. Ver dataset/README.md.",https://es.wikipedia.org/wiki/Federaci%C3%B3n_Regionalista_Verde_Social
Duran Martinez,Felipe,Acción Humanista,6,El Senado debe promover el retiro de Chile del Tratado Integ,4,"[INFERIDO POR LISTA: B. Verdes, Regionalistas y Humanistas] Postura tomada del vector base de la coalicion sin desviacion. Data sintetica. NO es declaracion personal del candidato. Ver dataset/README.md.",https://es.wikipedia.org/wiki/Federaci%C3%B3n_Regionalista_Verde_Social
Duran Martinez,Felipe,Acción Humanista,7,El Senado debe aprobar el reconocimiento formal del Estado d,5,"[INFERIDO POR LISTA: B. Verdes, Regionalistas y Humanistas] Postura tomada del vector base de la coalicion sin desviacion. Data sintetica. NO es declaracion personal del candidato. Ver dataset/README.md.",https://es.wikipedia.org/wiki/Federaci%C3%B3n_Regionalista_Verde_Social
Duran Martinez,Felipe,Acción Humanista,8,Chile debe mantenerse dentro del Tratado Interamericano de A,1,"[INFERIDO POR LISTA: B. Verdes, Regionalistas y Humanistas] Postura tomada del vector base de la coalicion sin desviacion. Data sintetica. NO es declaracion personal del candidato. Ver dataset/README.md.",https://es.wikipedia.org/wiki/Federaci%C3%B3n_Regionalista_Verde_Social
Duran Martinez,Felipe,Acción Humanista,9,El Senado debe aprobar la reforma previsional aumentando el ,4,"[INFERIDO POR LISTA: B. Verdes, Regionalistas y Humanistas] Postura tomada del vector base de la coalicion sin desviacion. Data sintetica. NO es declaracion personal del candidato. Ver dataset/README.md.",https://es.wikipedia.org/wiki/Federaci%C3%B3n_Regionalista_Verde_Social
Duran Martinez,Felipe,Acción Humanista,10,"El royalty minero al cobre debe aumentarse por sobre el 4,7%",3,"[INFERIDO POR LISTA: B. Verdes, Regionalistas y Humanistas] Base coalicion=4, candidato=3 (RUIDO -1 deterministico). Refleja variacion intra-partido no verificada. Data sintetica. NO es declaracion personal del candidato. Ver dataset/README.md.",https://es.wikipedia.org/wiki/Federaci%C3%B3n_Regionalista_Verde_Social
Duran Martinez,Felipe,Acción Humanista,11,"El Senado debe aprobar el fin del sistema de isapres, migran",3,"[INFERIDO POR LISTA: B. Verdes, Regionalistas y Humanistas] Base coalicion=4, candidato=3 (RUIDO -1 deterministico). Refleja variacion intra-partido no verificada. Data sintetica. NO es declaracion personal del candidato. Ver dataset/README.md.",https://es.wikipedia.org/wiki/Federaci%C3%B3n_Regionalista_Verde_Social
Duran Martinez,Felipe,Acción Humanista,12,El Senado debe aprobar el proyecto de eutanasia activa volun,5,"[INFERIDO POR LISTA: B. Verdes, Regionalistas y Humanistas] Postura tomada del vector base de la coalicion sin desviacion. Data sintetica. NO es declaracion personal del candidato. Ver dataset/README.md.",https://es.wikipedia.org/wiki/Federaci%C3%B3n_Regionalista_Verde_Social
Duran Martinez,Felipe,Acción Humanista,13,El Senado debe declarar por ley las zonas de sacrificio como,5,"[INFERIDO POR LISTA: B. Verdes, Regionalistas y Humanistas] Postura tomada del vector base de la coalicion sin desviacion. Data sintetica. NO es declaracion personal del candidato. Ver dataset/README.md.",https://es.wikipedia.org/wiki/Federaci%C3%B3n_Regionalista_Verde_Social
Duran Martinez,Felipe,Acción Humanista,14,El Senado debe aprobar la modernizacion de la Ley Antiterror,1,"[INFERIDO POR LISTA: B. Verdes, Regionalistas y Humanistas] Postura tomada del vector base de la coalicion sin desviacion. Data sintetica. NO es declaracion personal del candidato. Ver dataset/README.md.",https://es.wikipedia.org/wiki/Federaci%C3%B3n_Regionalista_Verde_Social
Duran Martinez,Felipe,Acción Humanista,15,El Senado debe incluir escanos reservados permanentes para r,5,"[INFERIDO POR LISTA: B. Verdes, Regionalistas y Humanistas] Postura tomada del vector base de la coalicion sin desviacion. Data sintetica. NO es declaracion personal del candidato. Ver dataset/README.md.",https://es.wikipedia.org/wiki/Federaci%C3%B3n_Regionalista_Verde_Social
Woldarsky Gonzalez,Manuel,Acción Humanista,1,"El Senado debe mantenerse como camara revisora del Congreso,",3,"[INFERIDO POR LISTA: B. Verdes, Regionalistas y Humanistas] Postura tomada del vector base de la coalicion sin desviacion. Data sintetica. NO es declaracion personal del candidato. Ver dataset/README.md.",https://es.wikipedia.org/wiki/Federaci%C3%B3n_Regionalista_Verde_Social
Woldarsky Gonzalez,Manuel,Acción Humanista,2,El Senado debe endurecer el proceso de aprobacion de nombram,4,"[INFERIDO POR LISTA: B. Verdes, Regionalistas y Humanistas] Base coalicion=5, candidato=4 (RUIDO -1 deterministico). Refleja variacion intra-partido no verificada. Data sintetica. NO es declaracion personal del candidato. Ver dataset/README.md.",https://es.wikipedia.org/wiki/Federaci%C3%B3n_Regionalista_Verde_Social
Woldarsky Gonzalez,Manuel,Acción Humanista,3,El Senado debe aprobar por ley una limitacion a dos periodos,5,"[INFERIDO POR LISTA: B. Verdes, Regionalistas y Humanistas] Postura tomada del vector base de la coalicion sin desviacion. Data sintetica. NO es declaracion personal del candidato. Ver dataset/README.md.",https://es.wikipedia.org/wiki/Federaci%C3%B3n_Regionalista_Verde_Social
Woldarsky Gonzalez,Manuel,Acción Humanista,4,Chile debe restaurar el quorum de dos tercios para reformas ,1,"[INFERIDO POR LISTA: B. Verdes, Regionalistas y Humanistas] Base coalicion=2, candidato=1 (RUIDO -1 deterministico). Refleja variacion intra-partido no verificada. Data sintetica. NO es declaracion personal del candidato. Ver dataset/README.md.",https://es.wikipedia.org/wiki/Federaci%C3%B3n_Regionalista_Verde_Social
Woldarsky Gonzalez,Manuel,Acción Humanista,5,El Senado debe reducirse de 50 a 43 escanos para racionaliza,4,"[INFERIDO POR LISTA: B. Verdes, Regionalistas y Humanistas] Base coalicion=3, candidato=4 (RUIDO +1 deterministico). Refleja variacion intra-partido no verificada. Data sintetica. NO es declaracion personal del candidato. Ver dataset/README.md.",https://es.wikipedia.org/wiki/Federaci%C3%B3n_Regionalista_Verde_Social
Woldarsky Gonzalez,Manuel,Acción Humanista,6,El Senado debe promover el retiro de Chile del Tratado Integ,4,"[INFERIDO POR LISTA: B. Verdes, Regionalistas y Humanistas] Postura tomada del vector base de la coalicion sin desviacion. Data sintetica. NO es declaracion personal del candidato. Ver dataset/README.md.",https://es.wikipedia.org/wiki/Federaci%C3%B3n_Regionalista_Verde_Social
Woldarsky Gonzalez,Manuel,Acción Humanista,7,El Senado debe aprobar el reconocimiento formal del Estado d,5,"[INFERIDO POR LISTA: B. Verdes, Regionalistas y Humanistas] Postura tomada del vector base de la coalicion sin desviacion. Data sintetica. NO es declaracion personal del candidato. Ver dataset/README.md.",https://es.wikipedia.org/wiki/Federaci%C3%B3n_Regionalista_Verde_Social
Woldarsky Gonzalez,Manuel,Acción Humanista,8,Chile debe mantenerse dentro del Tratado Interamericano de A,1,"[INFERIDO POR LISTA: B. Verdes, Regionalistas y Humanistas] Postura tomada del vector base de la coalicion sin desviacion. Data sintetica. NO es declaracion personal del candidato. Ver dataset/README.md.",https://es.wikipedia.org/wiki/Federaci%C3%B3n_Regionalista_Verde_Social
Woldarsky Gonzalez,Manuel,Acción Humanista,9,El Senado debe aprobar la reforma previsional aumentando el ,4,"[INFERIDO POR LISTA: B. Verdes, Regionalistas y Humanistas] Postura tomada del vector base de la coalicion sin desviacion. Data sintetica. NO es declaracion personal del candidato. Ver dataset/README.md.",https://es.wikipedia.org/wiki/Federaci%C3%B3n_Regionalista_Verde_Social
Woldarsky Gonzalez,Manuel,Acción Humanista,10,"El royalty minero al cobre debe aumentarse por sobre el 4,7%",4,"[INFERIDO POR LISTA: B. Verdes, Regionalistas y Humanistas] Postura tomada del vector base de la coalicion sin desviacion. Data sintetica. NO es declaracion personal del candidato. Ver dataset/README.md.",https://es.wikipedia.org/wiki/Federaci%C3%B3n_Regionalista_Verde_Social
Woldarsky Gonzalez,Manuel,Acción Humanista,11,"El Senado debe aprobar el fin del sistema de isapres, migran",3,"[INFERIDO POR LISTA: B. Verdes, Regionalistas y Humanistas] Base coalicion=4, candidato=3 (RUIDO -1 deterministico). Refleja variacion intra-partido no verificada. Data sintetica. NO es declaracion personal del candidato. Ver dataset/README.md.",https://es.wikipedia.org/wiki/Federaci%C3%B3n_Regionalista_Verde_Social
Woldarsky Gonzalez,Manuel,Acción Humanista,12,El Senado debe aprobar el proyecto de eutanasia activa volun,5,"[INFERIDO POR LISTA: B. Verdes, Regionalistas y Humanistas] Postura tomada del vector base de la coalicion sin desviacion. Data sintetica. NO es declaracion personal del candidato. Ver dataset/README.md.",https://es.wikipedia.org/wiki/Federaci%C3%B3n_Regionalista_Verde_Social
Woldarsky Gonzalez,Manuel,Acción Humanista,13,El Senado debe declarar por ley las zonas de sacrificio como,5,"[INFERIDO POR LISTA: B. Verdes, Regionalistas y Humanistas] Postura tomada del vector base de la coalicion sin desviacion. Data sintetica. NO es declaracion personal del candidato. Ver dataset/README.md.",https://es.wikipedia.org/wiki/Federaci%C3%B3n_Regionalista_Verde_Social
Woldarsky Gonzalez,Manuel,Acción Humanista,14,El Senado debe aprobar la modernizacion de la Ley Antiterror,1,"[INFERIDO POR LISTA: B. Verdes, Regionalistas y Humanistas] Postura tomada del vector base de la coalicion sin desviacion. Data sintetica. NO es declaracion personal del candidato. Ver dataset/README.md.",https://es.wikipedia.org/wiki/Federaci%C3%B3n_Regionalista_Verde_Social
Woldarsky Gonzalez,Manuel,Acción Humanista,15,El Senado debe incluir escanos reservados permanentes para r,5,"[INFERIDO POR LISTA: B. Verdes, Regionalistas y Humanistas] Postura tomada del vector base de la coalicion sin desviacion. Data sintetica. NO es declaracion personal del candidato. Ver dataset/README.md.",https://es.wikipedia.org/wiki/Federaci%C3%B3n_Regionalista_Verde_Social
Paredes Escanilla,Mauricio,Federación Regionalista Verde Social,1,"El Senado debe mantenerse como camara revisora del Congreso,",4,"[INFERIDO POR LISTA: B. Verdes, Regionalistas y Humanistas] Base coalicion=3, candidato=4 (RUIDO +1 deterministico). Refleja variacion intra-partido no verificada. Data sintetica. NO es declaracion personal del candidato. Ver dataset/README.md.",https://es.wikipedia.org/wiki/Federaci%C3%B3n_Regionalista_Verde_Social
Paredes Escanilla,Mauricio,Federación Regionalista Verde Social,2,El Senado debe endurecer el proceso de aprobacion de nombram,5,"[INFERIDO POR LISTA: B. Verdes, Regionalistas y Humanistas] Postura tomada del vector base de la coalicion sin desviacion. Data sintetica. NO es declaracion personal del candidato. Ver dataset/README.md.",https://es.wikipedia.org/wiki/Federaci%C3%B3n_Regionalista_Verde_Social
Paredes Escanilla,Mauricio,Federación Regionalista Verde Social,3,El Senado debe aprobar por ley una limitacion a dos periodos,5,"[INFERIDO POR LISTA: B. Verdes, Regionalistas y Humanistas] Postura tomada del vector base de la coalicion sin desviacion. Data sintetica. NO es declaracion personal del candidato. Ver dataset/README.md.",https://es.wikipedia.org/wiki/Federaci%C3%B3n_Regionalista_Verde_Social
Paredes Escanilla,Mauricio,Federación Regionalista Verde Social,4,Chile debe restaurar el quorum de dos tercios para reformas ,2,"[INFERIDO POR LISTA: B. Verdes, Regionalistas y Humanistas] Postura tomada del vector base de la coalicion sin desviacion. Data sintetica. NO es declaracion personal del candidato. Ver dataset/README.md.",https://es.wikipedia.org/wiki/Federaci%C3%B3n_Regionalista_Verde_Social
Paredes Escanilla,Mauricio,Federación Regionalista Verde Social,5,El Senado debe reducirse de 50 a 43 escanos para racionaliza,3,"[INFERIDO POR LISTA: B. Verdes, Regionalistas y Humanistas] Postura tomada del vector base de la coalicion sin desviacion. Data sintetica. NO es declaracion personal del candidato. Ver dataset/README.md.",https://es.wikipedia.org/wiki/Federaci%C3%B3n_Regionalista_Verde_Social
Paredes Escanilla,Mauricio,Federación Regionalista Verde Social,6,El Senado debe promover el retiro de Chile del Tratado Integ,3,"[INFERIDO POR LISTA: B. Verdes, Regionalistas y Humanistas] Base coalicion=4, candidato=3 (RUIDO -1 deterministico). Refleja variacion intra-partido no verificada. Data sintetica. NO es declaracion personal del candidato. Ver dataset/README.md.",https://es.wikipedia.org/wiki/Federaci%C3%B3n_Regionalista_Verde_Social
Paredes Escanilla,Mauricio,Federación Regionalista Verde Social,8,Chile debe mantenerse dentro del Tratado Interamericano de A,1,"[INFERIDO POR LISTA: B. Verdes, Regionalistas y Humanistas] Postura tomada del vector base de la coalicion sin desviacion. Data sintetica. NO es declaracion personal del candidato. Ver dataset/README.md.",https://es.wikipedia.org/wiki/Federaci%C3%B3n_Regionalista_Verde_Social
Paredes Escanilla,Mauricio,Federación Regionalista Verde Social,10,"El royalty minero al cobre debe aumentarse por sobre el 4,7%",3,"[INFERIDO POR LISTA: B. Verdes, Regionalistas y Humanistas] Base coalicion=4, candidato=3 (RUIDO -1 deterministico). Refleja variacion intra-partido no verificada. Data sintetica. NO es declaracion personal del candidato. Ver dataset/README.md.",https://es.wikipedia.org/wiki/Federaci%C3%B3n_Regionalista_Verde_Social
Paredes Escanilla,Mauricio,Federación Regionalista Verde Social,11,"El Senado debe aprobar el fin del sistema de isapres, migran",5,"[INFERIDO POR LISTA: B. Verdes, Regionalistas y Humanistas] Base coalicion=4, candidato=5 (RUIDO +1 deterministico). Refleja variacion intra-partido no verificada. Data sintetica. NO es declaracion personal del candidato. Ver dataset/README.md.",https://es.wikipedia.org/wiki/Federaci%C3%B3n_Regionalista_Verde_Social
Paredes Escanilla,Mauricio,Federación Regionalista Verde Social,12,El Senado debe aprobar el proyecto de eutanasia activa volun,4,"[INFERIDO POR LISTA: B. Verdes, Regionalistas y Humanistas] Base coalicion=5, candidato=4 (RUIDO -1 deterministico). Refleja variacion intra-partido no verificada. Data sintetica. NO es declaracion personal del candidato. Ver dataset/README.md.",https://es.wikipedia.org/wiki/Federaci%C3%B3n_Regionalista_Verde_Social
Paredes Escanilla,Mauricio,Federación Regionalista Verde Social,13,El Senado debe declarar por ley las zonas de sacrificio como,5,"[INFERIDO POR LISTA: B. Verdes, Regionalistas y Humanistas] Postura tomada del vector base de la coalicion sin desviacion. Data sintetica. NO es declaracion personal del candidato. Ver dataset/README.md.",https://es.wikipedia.org/wiki/Federaci%C3%B3n_Regionalista_Verde_Social
Paredes Escanilla,Mauricio,Federación Regionalista Verde Social,14,El Senado debe aprobar la modernizacion de la Ley Antiterror,1,"[INFERIDO POR LISTA: B. Verdes, Regionalistas y Humanistas] Postura tomada del vector base de la coalicion sin desviacion. Data sintetica. NO es declaracion personal del candidato. Ver dataset/README.md.",https://es.wikipedia.org/wiki/Federaci%C3%B3n_Regionalista_Verde_Social
Calisto Aguila,Miguel Angel,Independiente Federación Regionalista Verde Social,1,"El Senado debe mantenerse como camara revisora del Congreso,",2,"[INFERIDO POR LISTA: B. Verdes, Regionalistas y Humanistas] Base coalicion=3, candidato=2 (RUIDO -1 deterministico). Refleja variacion intra-partido no verificada. Data sintetica. NO es declaracion personal del candidato. Ver dataset/README.md.",https://es.wikipedia.org/wiki/Federaci%C3%B3n_Regionalista_Verde_Social
Calisto Aguila,Miguel Angel,Independiente Federación Regionalista Verde Social,2,El Senado debe endurecer el proceso de aprobacion de nombram,5,"[INFERIDO POR LISTA: B. Verdes, Regionalistas y Humanistas] Postura tomada del vector base de la coalicion sin desviacion. Data sintetica. NO es declaracion personal del candidato. Ver dataset/README.md.",https://es.wikipedia.org/wiki/Federaci%C3%B3n_Regionalista_Verde_Social
Calisto Aguila,Miguel Angel,Independiente Federación Regionalista Verde Social,3,El Senado debe aprobar por ley una limitacion a dos periodos,4,"[INFERIDO POR LISTA: B. Verdes, Regionalistas y Humanistas] Base coalicion=5, candidato=4 (RUIDO -1 deterministico). Refleja variacion intra-partido no verificada. Data sintetica. NO es declaracion personal del candidato. Ver dataset/README.md.",https://es.wikipedia.org/wiki/Federaci%C3%B3n_Regionalista_Verde_Social
Calisto Aguila,Miguel Angel,Independiente Federación Regionalista Verde Social,4,Chile debe restaurar el quorum de dos tercios para reformas ,2,"[INFERIDO POR LISTA: B. Verdes, Regionalistas y Humanistas] Postura tomada del vector base de la coalicion sin desviacion. Data sintetica. NO es declaracion personal del candidato. Ver dataset/README.md.",https://es.wikipedia.org/wiki/Federaci%C3%B3n_Regionalista_Verde_Social
Calisto Aguila,Miguel Angel,Independiente Federación Regionalista Verde Social,5,El Senado debe reducirse de 50 a 43 escanos para racionaliza,2,"[INFERIDO POR LISTA: B. Verdes, Regionalistas y Humanistas] Base coalicion=3, candidato=2 (RUIDO -1 deterministico). Refleja variacion intra-partido no verificada. Data sintetica. NO es declaracion personal del candidato. Ver dataset/README.md.",https://es.wikipedia.org/wiki/Federaci%C3%B3n_Regionalista_Verde_Social
Calisto Aguila,Miguel Angel,Independiente Federación Regionalista Verde Social,6,El Senado debe promover el retiro de Chile del Tratado Integ,4,"[INFERIDO POR LISTA: B. Verdes, Regionalistas y Humanistas] Postura tomada del vector base de la coalicion sin desviacion. Data sintetica. NO es declaracion personal del candidato. Ver dataset/README.md.",https://es.wikipedia.org/wiki/Federaci%C3%B3n_Regionalista_Verde_Social
Calisto Aguila,Miguel Angel,Independiente Federación Regionalista Verde Social,7,El Senado debe aprobar el reconocimiento formal del Estado d,5,"[INFERIDO POR LISTA: B. Verdes, Regionalistas y Humanistas] Postura tomada del vector base de la coalicion sin desviacion. Data sintetica. NO es declaracion personal del candidato. Ver dataset/README.md.",https://es.wikipedia.org/wiki/Federaci%C3%B3n_Regionalista_Verde_Social
Calisto Aguila,Miguel Angel,Independiente Federación Regionalista Verde Social,9,El Senado debe aprobar la reforma previsional aumentando el ,4,"[INFERIDO POR LISTA: B. Verdes, Regionalistas y Humanistas] Postura tomada del vector base de la coalicion sin desviacion. Data sintetica. NO es declaracion personal del candidato. Ver dataset/README.md.",https://es.wikipedia.org/wiki/Federaci%C3%B3n_Regionalista_Verde_Social
Calisto Aguila,Miguel Angel,Independiente Federación Regionalista Verde Social,10,"El royalty minero al cobre debe aumentarse por sobre el 4,7%",5,"[INFERIDO POR LISTA: B. Verdes, Regionalistas y Humanistas] Base coalicion=4, candidato=5 (RUIDO +1 deterministico). Refleja variacion intra-partido no verificada. Data sintetica. NO es declaracion personal del candidato. Ver dataset/README.md.",https://es.wikipedia.org/wiki/Federaci%C3%B3n_Regionalista_Verde_Social
Calisto Aguila,Miguel Angel,Independiente Federación Regionalista Verde Social,11,"El Senado debe aprobar el fin del sistema de isapres, migran",4,"[INFERIDO POR LISTA: B. Verdes, Regionalistas y Humanistas] Postura tomada del vector base de la coalicion sin desviacion. Data sintetica. NO es declaracion personal del candidato. Ver dataset/README.md.",https://es.wikipedia.org/wiki/Federaci%C3%B3n_Regionalista_Verde_Social
Calisto Aguila,Miguel Angel,Independiente Federación Regionalista Verde Social,12,El Senado debe aprobar el proyecto de eutanasia activa volun,4,"[INFERIDO POR LISTA: B. Verdes, Regionalistas y Humanistas] Base coalicion=5, candidato=4 (RUIDO -1 deterministico). Refleja variacion intra-partido no verificada. Data sintetica. NO es declaracion personal del candidato. Ver dataset/README.md.",https://es.wikipedia.org/wiki/Federaci%C3%B3n_Regionalista_Verde_Social
Calisto Aguila,Miguel Angel,Independiente Federación Regionalista Verde Social,13,El Senado debe declarar por ley las zonas de sacrificio como,5,"[INFERIDO POR LISTA: B. Verdes, Regionalistas y Humanistas] Postura tomada del vector base de la coalicion sin desviacion. Data sintetica. NO es declaracion personal del candidato. Ver dataset/README.md.",https://es.wikipedia.org/wiki/Federaci%C3%B3n_Regionalista_Verde_Social
Calisto Aguila,Miguel Angel,Independiente Federación Regionalista Verde Social,14,El Senado debe aprobar la modernizacion de la Ley Antiterror,1,"[INFERIDO POR LISTA: B. Verdes, Regionalistas y Humanistas] Postura tomada del vector base de la coalicion sin desviacion. Data sintetica. NO es declaracion personal del candidato. Ver dataset/README.md.",https://es.wikipedia.org/wiki/Federaci%C3%B3n_Regionalista_Verde_Social
Calisto Aguila,Miguel Angel,Independiente Federación Regionalista Verde Social,15,El Senado debe incluir escanos reservados permanentes para r,5,"[INFERIDO POR LISTA: B. Verdes, Regionalistas y Humanistas] Postura tomada del vector base de la coalicion sin desviacion. Data sintetica. NO es declaracion personal del candidato. Ver dataset/README.md.",https://es.wikipedia.org/wiki/Federaci%C3%B3n_Regionalista_Verde_Social
Alzamora Aguirre,Paola,Acción Humanista,1,"El Senado debe mantenerse como camara revisora del Congreso,",4,"[INFERIDO POR LISTA: B. Verdes, Regionalistas y Humanistas] Base coalicion=3, candidato=4 (RUIDO +1 deterministico). Refleja variacion intra-partido no verificada. Data sintetica. NO es declaracion personal del candidato. Ver dataset/README.md.",https://es.wikipedia.org/wiki/Federaci%C3%B3n_Regionalista_Verde_Social
Alzamora Aguirre,Paola,Acción Humanista,2,El Senado debe endurecer el proceso de aprobacion de nombram,5,"[INFERIDO POR LISTA: B. Verdes, Regionalistas y Humanistas] Postura tomada del vector base de la coalicion sin desviacion. Data sintetica. NO es declaracion personal del candidato. Ver dataset/README.md.",https://es.wikipedia.org/wiki/Federaci%C3%B3n_Regionalista_Verde_Social
Alzamora Aguirre,Paola,Acción Humanista,3,El Senado debe aprobar por ley una limitacion a dos periodos,4,"[INFERIDO POR LISTA: B. Verdes, Regionalistas y Humanistas] Base coalicion=5, candidato=4 (RUIDO -1 deterministico). Refleja variacion intra-partido no verificada. Data sintetica. NO es declaracion personal del candidato. Ver dataset/README.md.",https://es.wikipedia.org/wiki/Federaci%C3%B3n_Regionalista_Verde_Social
Alzamora Aguirre,Paola,Acción Humanista,4,Chile debe restaurar el quorum de dos tercios para reformas ,2,"[INFERIDO POR LISTA: B. Verdes, Regionalistas y Humanistas] Postura tomada del vector base de la coalicion sin desviacion. Data sintetica. NO es declaracion personal del candidato. Ver dataset/README.md.",https://es.wikipedia.org/wiki/Federaci%C3%B3n_Regionalista_Verde_Social
Alzamora Aguirre,Paola,Acción Humanista,5,El Senado debe reducirse de 50 a 43 escanos para racionaliza,2,"[INFERIDO POR LISTA: B. Verdes, Regionalistas y Humanistas] Base coalicion=3, candidato=2 (RUIDO -1 deterministico). Refleja variacion intra-partido no verificada. Data sintetica. NO es declaracion personal del candidato. Ver dataset/README.md.",https://es.wikipedia.org/wiki/Federaci%C3%B3n_Regionalista_Verde_Social
Alzamora Aguirre,Paola,Acción Humanista,7,El Senado debe aprobar el reconocimiento formal del Estado d,5,"[INFERIDO POR LISTA: B. Verdes, Regionalistas y Humanistas] Postura tomada del vector base de la coalicion sin desviacion. Data sintetica. NO es declaracion personal del candidato. Ver dataset/README.md.",https://es.wikipedia.org/wiki/Federaci%C3%B3n_Regionalista_Verde_Social
Alzamora Aguirre,Paola,Acción Humanista,8,Chile debe mantenerse dentro del Tratado Interamericano de A,1,"[INFERIDO POR LISTA: B. Verdes, Regionalistas y Humanistas] Postura tomada del vector base de la coalicion sin desviacion. Data sintetica. NO es declaracion personal del candidato. Ver dataset/README.md.",https://es.wikipedia.org/wiki/Federaci%C3%B3n_Regionalista_Verde_Social
Alzamora Aguirre,Paola,Acción Humanista,9,El Senado debe aprobar la reforma previsional aumentando el ,5,"[INFERIDO POR LISTA: B. Verdes, Regionalistas y Humanistas] Base coalicion=4, candidato=5 (RUIDO +1 deterministico). Refleja variacion intra-partido no verificada. Data sintetica. NO es declaracion personal del candidato. Ver dataset/README.md.",https://es.wikipedia.org/wiki/Federaci%C3%B3n_Regionalista_Verde_Social
Alzamora Aguirre,Paola,Acción Humanista,10,"El royalty minero al cobre debe aumentarse por sobre el 4,7%",4,"[INFERIDO POR LISTA: B. Verdes, Regionalistas y Humanistas] Postura tomada del vector base de la coalicion sin desviacion. Data sintetica. NO es declaracion personal del candidato. Ver dataset/README.md.",https://es.wikipedia.org/wiki/Federaci%C3%B3n_Regionalista_Verde_Social
Alzamora Aguirre,Paola,Acción Humanista,11,"El Senado debe aprobar el fin del sistema de isapres, migran",3,"[INFERIDO POR LISTA: B. Verdes, Regionalistas y Humanistas] Base coalicion=4, candidato=3 (RUIDO -1 deterministico). Refleja variacion intra-partido no verificada. Data sintetica. NO es declaracion personal del candidato. Ver dataset/README.md.",https://es.wikipedia.org/wiki/Federaci%C3%B3n_Regionalista_Verde_Social
Alzamora Aguirre,Paola,Acción Humanista,12,El Senado debe aprobar el proyecto de eutanasia activa volun,5,"[INFERIDO POR LISTA: B. Verdes, Regionalistas y Humanistas] Postura tomada del vector base de la coalicion sin desviacion. Data sintetica. NO es declaracion personal del candidato. Ver dataset/README.md.",https://es.wikipedia.org/wiki/Federaci%C3%B3n_Regionalista_Verde_Social
Alzamora Aguirre,Paola,Acción Humanista,13,El Senado debe declarar por ley las zonas de sacrificio como,5,"[INFERIDO POR LISTA: B. Verdes, Regionalistas y Humanistas] Postura tomada del vector base de la coalicion sin desviacion. Data sintetica. NO es declaracion personal del candidato. Ver dataset/README.md.",https://es.wikipedia.org/wiki/Federaci%C3%B3n_Regionalista_Verde_Social
Alzamora Aguirre,Paola,Acción Humanista,14,El Senado debe aprobar la modernizacion de la Ley Antiterror,1,"[INFERIDO POR LISTA: B. Verdes, Regionalistas y Humanistas] Postura tomada del vector base de la coalicion sin desviacion. Data sintetica. NO es declaracion personal del candidato. Ver dataset/README.md.",https://es.wikipedia.org/wiki/Federaci%C3%B3n_Regionalista_Verde_Social
Alzamora Aguirre,Paola,Acción Humanista,15,El Senado debe incluir escanos reservados permanentes para r,5,"[INFERIDO POR LISTA: B. Verdes, Regionalistas y Humanistas] Postura tomada del vector base de la coalicion sin desviacion. Data sintetica. NO es declaracion personal del candidato. Ver dataset/README.md.",https://es.wikipedia.org/wiki/Federaci%C3%B3n_Regionalista_Verde_Social
Araya Toro,Andrea,Acción Humanista,1,"El Senado debe mantenerse como camara revisora del Congreso,",4,"[INFERIDO POR LISTA: B. Verdes, Regionalistas y Humanistas] Base coalicion=3, candidato=4 (RUIDO +1 deterministico). Refleja variacion intra-partido no verificada. Data sintetica. NO es declaracion personal del candidato. Ver dataset/README.md.",https://es.wikipedia.org/wiki/Federaci%C3%B3n_Regionalista_Verde_Social
Araya Toro,Andrea,Acción Humanista,2,El Senado debe endurecer el proceso de aprobacion de nombram,5,"[INFERIDO POR LISTA: B. Verdes, Regionalistas y Humanistas] Postura tomada del vector base de la coalicion sin desviacion. Data sintetica. NO es declaracion personal del candidato. Ver dataset/README.md.",https://es.wikipedia.org/wiki/Federaci%C3%B3n_Regionalista_Verde_Social
Araya Toro,Andrea,Acción Humanista,3,El Senado debe aprobar por ley una limitacion a dos periodos,5,"[INFERIDO POR LISTA: B. Verdes, Regionalistas y Humanistas] Postura tomada del vector base de la coalicion sin desviacion. Data sintetica. NO es declaracion personal del candidato. Ver dataset/README.md.",https://es.wikipedia.org/wiki/Federaci%C3%B3n_Regionalista_Verde_Social
Araya Toro,Andrea,Acción Humanista,4,Chile debe restaurar el quorum de dos tercios para reformas ,3,"[INFERIDO POR LISTA: B. Verdes, Regionalistas y Humanistas] Base coalicion=2, candidato=3 (RUIDO +1 deterministico). Refleja variacion intra-partido no verificada. Data sintetica. NO es declaracion personal del candidato. Ver dataset/README.md.",https://es.wikipedia.org/wiki/Federaci%C3%B3n_Regionalista_Verde_Social
Araya Toro,Andrea,Acción Humanista,5,El Senado debe reducirse de 50 a 43 escanos para racionaliza,3,"[INFERIDO POR LISTA: B. Verdes, Regionalistas y Humanistas] Postura tomada del vector base de la coalicion sin desviacion. Data sintetica. NO es declaracion personal del candidato. Ver dataset/README.md.",https://es.wikipedia.org/wiki/Federaci%C3%B3n_Regionalista_Verde_Social
Araya Toro,Andrea,Acción Humanista,6,El Senado debe promover el retiro de Chile del Tratado Integ,4,"[INFERIDO POR LISTA: B. Verdes, Regionalistas y Humanistas] Postura tomada del vector base de la coalicion sin desviacion. Data sintetica. NO es declaracion personal del candidato. Ver dataset/README.md.",https://es.wikipedia.org/wiki/Federaci%C3%B3n_Regionalista_Verde_Social
Araya Toro,Andrea,Acción Humanista,7,El Senado debe aprobar el reconocimiento formal del Estado d,4,"[INFERIDO POR LISTA: B. Verdes, Regionalistas y Humanistas] Base coalicion=5, candidato=4 (RUIDO -1 deterministico). Refleja variacion intra-partido no verificada. Data sintetica. NO es declaracion personal del candidato. Ver dataset/README.md.",https://es.wikipedia.org/wiki/Federaci%C3%B3n_Regionalista_Verde_Social
Araya Toro,Andrea,Acción Humanista,8,Chile debe mantenerse dentro del Tratado Interamericano de A,1,"[INFERIDO POR LISTA: B. Verdes, Regionalistas y Humanistas] Postura tomada del vector base de la coalicion sin desviacion. Data sintetica. NO es declaracion personal del candidato. Ver dataset/README.md.",https://es.wikipedia.org/wiki/Federaci%C3%B3n_Regionalista_Verde_Social
Araya Toro,Andrea,Acción Humanista,9,El Senado debe aprobar la reforma previsional aumentando el ,4,"[INFERIDO POR LISTA: B. Verdes, Regionalistas y Humanistas] Postura tomada del vector base de la coalicion sin desviacion. Data sintetica. NO es declaracion personal del candidato. Ver dataset/README.md.",https://es.wikipedia.org/wiki/Federaci%C3%B3n_Regionalista_Verde_Social
Araya Toro,Andrea,Acción Humanista,11,"El Senado debe aprobar el fin del sistema de isapres, migran",4,"[INFERIDO POR LISTA: B. Verdes, Regionalistas y Humanistas] Postura tomada del vector base de la coalicion sin desviacion. Data sintetica. NO es declaracion personal del candidato. Ver dataset/README.md.",https://es.wikipedia.org/wiki/Federaci%C3%B3n_Regionalista_Verde_Social
Araya Toro,Andrea,Acción Humanista,12,El Senado debe aprobar el proyecto de eutanasia activa volun,5,"[INFERIDO POR LISTA: B. Verdes, Regionalistas y Humanistas] Postura tomada del vector base de la coalicion sin desviacion. Data sintetica. NO es declaracion personal del candidato. Ver dataset/README.md.",https://es.wikipedia.org/wiki/Federaci%C3%B3n_Regionalista_Verde_Social
Araya Toro,Andrea,Acción Humanista,13,El Senado debe declarar por ley las zonas de sacrificio como,5,"[INFERIDO POR LISTA: B. Verdes, Regionalistas y Humanistas] Postura tomada del vector base de la coalicion sin desviacion. Data sintetica. NO es declaracion personal del candidato. Ver dataset/README.md.",https://es.wikipedia.org/wiki/Federaci%C3%B3n_Regionalista_Verde_Social
Araya Toro,Andrea,Acción Humanista,14,El Senado debe aprobar la modernizacion de la Ley Antiterror,1,"[INFERIDO POR LISTA: B. Verdes, Regionalistas y Humanistas] Postura tomada del vector base de la coalicion sin desviacion. Data sintetica. NO es declaracion personal del candidato. Ver dataset/README.md.",https://es.wikipedia.org/wiki/Federaci%C3%B3n_Regionalista_Verde_Social
Araya Toro,Andrea,Acción Humanista,15,El Senado debe incluir escanos reservados permanentes para r,5,"[INFERIDO POR LISTA: B. Verdes, Regionalistas y Humanistas] Postura tomada del vector base de la coalicion sin desviacion. Data sintetica. NO es declaracion personal del candidato. Ver dataset/README.md.",https://es.wikipedia.org/wiki/Federaci%C3%B3n_Regionalista_Verde_Social
Abello Moll,Jorge,Independiente Federación Regionalista Verde Social,1,"El Senado debe mantenerse como camara revisora del Congreso,",3,"[INFERIDO POR LISTA: B. Verdes, Regionalistas y Humanistas] Postura tomada del vector base de la coalicion sin desviacion. Data sintetica. NO es declaracion personal del candidato. Ver dataset/README.md.",https://es.wikipedia.org/wiki/Federaci%C3%B3n_Regionalista_Verde_Social
Abello Moll,Jorge,Independiente Federación Regionalista Verde Social,2,El Senado debe endurecer el proceso de aprobacion de nombram,4,"[INFERIDO POR LISTA: B. Verdes, Regionalistas y Humanistas] Base coalicion=5, candidato=4 (RUIDO -1 deterministico). Refleja variacion intra-partido no verificada. Data sintetica. NO es declaracion personal del candidato. Ver dataset/README.md.",https://es.wikipedia.org/wiki/Federaci%C3%B3n_Regionalista_Verde_Social
Abello Moll,Jorge,Independiente Federación Regionalista Verde Social,3,El Senado debe aprobar por ley una limitacion a dos periodos,4,"[INFERIDO POR LISTA: B. Verdes, Regionalistas y Humanistas] Base coalicion=5, candidato=4 (RUIDO -1 deterministico). Refleja variacion intra-partido no verificada. Data sintetica. NO es declaracion personal del candidato. Ver dataset/README.md.",https://es.wikipedia.org/wiki/Federaci%C3%B3n_Regionalista_Verde_Social
Abello Moll,Jorge,Independiente Federación Regionalista Verde Social,4,Chile debe restaurar el quorum de dos tercios para reformas ,3,"[INFERIDO POR LISTA: B. Verdes, Regionalistas y Humanistas] Base coalicion=2, candidato=3 (RUIDO +1 deterministico). Refleja variacion intra-partido no verificada. Data sintetica. NO es declaracion personal del candidato. Ver dataset/README.md.",https://es.wikipedia.org/wiki/Federaci%C3%B3n_Regionalista_Verde_Social
Abello Moll,Jorge,Independiente Federación Regionalista Verde Social,5,El Senado debe reducirse de 50 a 43 escanos para racionaliza,4,"[INFERIDO POR LISTA: B. Verdes, Regionalistas y Humanistas] Base coalicion=3, candidato=4 (RUIDO +1 deterministico). Refleja variacion intra-partido no verificada. Data sintetica. NO es declaracion personal del candidato. Ver dataset/README.md.",https://es.wikipedia.org/wiki/Federaci%C3%B3n_Regionalista_Verde_Social
Abello Moll,Jorge,Independiente Federación Regionalista Verde Social,6,El Senado debe promover el retiro de Chile del Tratado Integ,4,"[INFERIDO POR LISTA: B. Verdes, Regionalistas y Humanistas] Postura tomada del vector base de la coalicion sin desviacion. Data sintetica. NO es declaracion personal del candidato. Ver dataset/README.md.",https://es.wikipedia.org/wiki/Federaci%C3%B3n_Regionalista_Verde_Social
Abello Moll,Jorge,Independiente Federación Regionalista Verde Social,7,El Senado debe aprobar el reconocimiento formal del Estado d,5,"[INFERIDO POR LISTA: B. Verdes, Regionalistas y Humanistas] Postura tomada del vector base de la coalicion sin desviacion. Data sintetica. NO es declaracion personal del candidato. Ver dataset/README.md.",https://es.wikipedia.org/wiki/Federaci%C3%B3n_Regionalista_Verde_Social
Abello Moll,Jorge,Independiente Federación Regionalista Verde Social,8,Chile debe mantenerse dentro del Tratado Interamericano de A,1,"[INFERIDO POR LISTA: B. Verdes, Regionalistas y Humanistas] Postura tomada del vector base de la coalicion sin desviacion. Data sintetica. NO es declaracion personal del candidato. Ver dataset/README.md.",https://es.wikipedia.org/wiki/Federaci%C3%B3n_Regionalista_Verde_Social
Abello Moll,Jorge,Independiente Federación Regionalista Verde Social,9,El Senado debe aprobar la reforma previsional aumentando el ,5,"[INFERIDO POR LISTA: B. Verdes, Regionalistas y Humanistas] Base coalicion=4, candidato=5 (RUIDO +1 deterministico). Refleja variacion intra-partido no verificada. Data sintetica. NO es declaracion personal del candidato. Ver dataset/README.md.",https://es.wikipedia.org/wiki/Federaci%C3%B3n_Regionalista_Verde_Social
Abello Moll,Jorge,Independiente Federación Regionalista Verde Social,10,"El royalty minero al cobre debe aumentarse por sobre el 4,7%",4,"[INFERIDO POR LISTA: B. Verdes, Regionalistas y Humanistas] Postura tomada del vector base de la coalicion sin desviacion. Data sintetica. NO es declaracion personal del candidato. Ver dataset/README.md.",https://es.wikipedia.org/wiki/Federaci%C3%B3n_Regionalista_Verde_Social
Abello Moll,Jorge,Independiente Federación Regionalista Verde Social,11,"El Senado debe aprobar el fin del sistema de isapres, migran",4,"[INFERIDO POR LISTA: B. Verdes, Regionalistas y Humanistas] Postura tomada del vector base de la coalicion sin desviacion. Data sintetica. NO es declaracion personal del candidato. Ver dataset/README.md.",https://es.wikipedia.org/wiki/Federaci%C3%B3n_Regionalista_Verde_Social
Abello Moll,Jorge,Independiente Federación Regionalista Verde Social,12,El Senado debe aprobar el proyecto de eutanasia activa volun,5,"[INFERIDO POR LISTA: B. Verdes, Regionalistas y Humanistas] Postura tomada del vector base de la coalicion sin desviacion. Data sintetica. NO es declaracion personal del candidato. Ver dataset/README.md.",https://es.wikipedia.org/wiki/Federaci%C3%B3n_Regionalista_Verde_Social
Abello Moll,Jorge,Independiente Federación Regionalista Verde Social,13,El Senado debe declarar por ley las zonas de sacrificio como,5,"[INFERIDO POR LISTA: B. Verdes, Regionalistas y Humanistas] Postura tomada del vector base de la coalicion sin desviacion. Data sintetica. NO es declaracion personal del candidato. Ver dataset/README.md.",https://es.wikipedia.org/wiki/Federaci%C3%B3n_Regionalista_Verde_Social
Abello Moll,Jorge,Independiente Federación Regionalista Verde Social,14,El Senado debe aprobar la modernizacion de la Ley Antiterror,2,"[INFERIDO POR LISTA: B. Verdes, Regionalistas y Humanistas] Base coalicion=1, candidato=2 (RUIDO +1 deterministico). Refleja variacion intra-partido no verificada. Data sintetica. NO es declaracion personal del candidato. Ver dataset/README.md.",https://es.wikipedia.org/wiki/Federaci%C3%B3n_Regionalista_Verde_Social
Abello Moll,Jorge,Independiente Federación Regionalista Verde Social,15,El Senado debe incluir escanos reservados permanentes para r,5,"[INFERIDO POR LISTA: B. Verdes, Regionalistas y Humanistas] Postura tomada del vector base de la coalicion sin desviacion. Data sintetica. NO es declaracion personal del candidato. Ver dataset/README.md.",https://es.wikipedia.org/wiki/Federaci%C3%B3n_Regionalista_Verde_Social
Bize Brintrup,Tomas,Acción Humanista,1,"El Senado debe mantenerse como camara revisora del Congreso,",3,"[INFERIDO POR LISTA: B. Verdes, Regionalistas y Humanistas] Postura tomada del vector base de la coalicion sin desviacion. Data sintetica. NO es declaracion personal del candidato. Ver dataset/README.md.",https://es.wikipedia.org/wiki/Federaci%C3%B3n_Regionalista_Verde_Social
Bize Brintrup,Tomas,Acción Humanista,2,El Senado debe endurecer el proceso de aprobacion de nombram,5,"[INFERIDO POR LISTA: B. Verdes, Regionalistas y Humanistas] Postura tomada del vector base de la coalicion sin desviacion. Data sintetica. NO es declaracion personal del candidato. Ver dataset/README.md.",https://es.wikipedia.org/wiki/Federaci%C3%B3n_Regionalista_Verde_Social
Bize Brintrup,Tomas,Acción Humanista,3,El Senado debe aprobar por ley una limitacion a dos periodos,5,"[INFERIDO POR LISTA: B. Verdes, Regionalistas y Humanistas] Postura tomada del vector base de la coalicion sin desviacion. Data sintetica. NO es declaracion personal del candidato. Ver dataset/README.md.",https://es.wikipedia.org/wiki/Federaci%C3%B3n_Regionalista_Verde_Social
Bize Brintrup,Tomas,Acción Humanista,4,Chile debe restaurar el quorum de dos tercios para reformas ,1,"[INFERIDO POR LISTA: B. Verdes, Regionalistas y Humanistas] Base coalicion=2, candidato=1 (RUIDO -1 deterministico). Refleja variacion intra-partido no verificada. Data sintetica. NO es declaracion personal del candidato. Ver dataset/README.md.",https://es.wikipedia.org/wiki/Federaci%C3%B3n_Regionalista_Verde_Social
Bize Brintrup,Tomas,Acción Humanista,5,El Senado debe reducirse de 50 a 43 escanos para racionaliza,3,"[INFERIDO POR LISTA: B. Verdes, Regionalistas y Humanistas] Postura tomada del vector base de la coalicion sin desviacion. Data sintetica. NO es declaracion personal del candidato. Ver dataset/README.md.",https://es.wikipedia.org/wiki/Federaci%C3%B3n_Regionalista_Verde_Social
Bize Brintrup,Tomas,Acción Humanista,6,El Senado debe promover el retiro de Chile del Tratado Integ,4,"[INFERIDO POR LISTA: B. Verdes, Regionalistas y Humanistas] Postura tomada del vector base de la coalicion sin desviacion. Data sintetica. NO es declaracion personal del candidato. Ver dataset/README.md.",https://es.wikipedia.org/wiki/Federaci%C3%B3n_Regionalista_Verde_Social
Bize Brintrup,Tomas,Acción Humanista,8,Chile debe mantenerse dentro del Tratado Interamericano de A,1,"[INFERIDO POR LISTA: B. Verdes, Regionalistas y Humanistas] Postura tomada del vector base de la coalicion sin desviacion. Data sintetica. NO es declaracion personal del candidato. Ver dataset/README.md.",https://es.wikipedia.org/wiki/Federaci%C3%B3n_Regionalista_Verde_Social
Bize Brintrup,Tomas,Acción Humanista,9,El Senado debe aprobar la reforma previsional aumentando el ,4,"[INFERIDO POR LISTA: B. Verdes, Regionalistas y Humanistas] Postura tomada del vector base de la coalicion sin desviacion. Data sintetica. NO es declaracion personal del candidato. Ver dataset/README.md.",https://es.wikipedia.org/wiki/Federaci%C3%B3n_Regionalista_Verde_Social
Bize Brintrup,Tomas,Acción Humanista,10,"El royalty minero al cobre debe aumentarse por sobre el 4,7%",4,"[INFERIDO POR LISTA: B. Verdes, Regionalistas y Humanistas] Postura tomada del vector base de la coalicion sin desviacion. Data sintetica. NO es declaracion personal del candidato. Ver dataset/README.md.",https://es.wikipedia.org/wiki/Federaci%C3%B3n_Regionalista_Verde_Social
Bize Brintrup,Tomas,Acción Humanista,12,El Senado debe aprobar el proyecto de eutanasia activa volun,5,"[INFERIDO POR LISTA: B. Verdes, Regionalistas y Humanistas] Postura tomada del vector base de la coalicion sin desviacion. Data sintetica. NO es declaracion personal del candidato. Ver dataset/README.md.",https://es.wikipedia.org/wiki/Federaci%C3%B3n_Regionalista_Verde_Social
Bize Brintrup,Tomas,Acción Humanista,13,El Senado debe declarar por ley las zonas de sacrificio como,5,"[INFERIDO POR LISTA: B. Verdes, Regionalistas y Humanistas] Postura tomada del vector base de la coalicion sin desviacion. Data sintetica. NO es declaracion personal del candidato. Ver dataset/README.md.",https://es.wikipedia.org/wiki/Federaci%C3%B3n_Regionalista_Verde_Social
Bize Brintrup,Tomas,Acción Humanista,14,El Senado debe aprobar la modernizacion de la Ley Antiterror,1,"[INFERIDO POR LISTA: B. Verdes, Regionalistas y Humanistas] Postura tomada del vector base de la coalicion sin desviacion. Data sintetica. NO es declaracion personal del candidato. Ver dataset/README.md.",https://es.wikipedia.org/wiki/Federaci%C3%B3n_Regionalista_Verde_Social
Bize Brintrup,Tomas,Acción Humanista,15,El Senado debe incluir escanos reservados permanentes para r,5,"[INFERIDO POR LISTA: B. Verdes, Regionalistas y Humanistas] Postura tomada del vector base de la coalicion sin desviacion. Data sintetica. NO es declaracion personal del candidato. Ver dataset/README.md.",https://es.wikipedia.org/wiki/Federaci%C3%B3n_Regionalista_Verde_Social
Molina Tobar,Alejandra,Federación Regionalista Verde Social,1,"El Senado debe mantenerse como camara revisora del Congreso,",3,"[INFERIDO POR LISTA: B. Verdes, Regionalistas y Humanistas] Postura tomada del vector base de la coalicion sin desviacion. Data sintetica. NO es declaracion personal del candidato. Ver dataset/README.md.",https://es.wikipedia.org/wiki/Federaci%C3%B3n_Regionalista_Verde_Social
Molina Tobar,Alejandra,Federación Regionalista Verde Social,2,El Senado debe endurecer el proceso de aprobacion de nombram,4,"[INFERIDO POR LISTA: B. Verdes, Regionalistas y Humanistas] Base coalicion=5, candidato=4 (RUIDO -1 deterministico). Refleja variacion intra-partido no verificada. Data sintetica. NO es declaracion personal del candidato. Ver dataset/README.md.",https://es.wikipedia.org/wiki/Federaci%C3%B3n_Regionalista_Verde_Social
Molina Tobar,Alejandra,Federación Regionalista Verde Social,3,El Senado debe aprobar por ley una limitacion a dos periodos,5,"[INFERIDO POR LISTA: B. Verdes, Regionalistas y Humanistas] Postura tomada del vector base de la coalicion sin desviacion. Data sintetica. NO es declaracion personal del candidato. Ver dataset/README.md.",https://es.wikipedia.org/wiki/Federaci%C3%B3n_Regionalista_Verde_Social
Molina Tobar,Alejandra,Federación Regionalista Verde Social,4,Chile debe restaurar el quorum de dos tercios para reformas ,2,"[INFERIDO POR LISTA: B. Verdes, Regionalistas y Humanistas] Postura tomada del vector base de la coalicion sin desviacion. Data sintetica. NO es declaracion personal del candidato. Ver dataset/README.md.",https://es.wikipedia.org/wiki/Federaci%C3%B3n_Regionalista_Verde_Social
Molina Tobar,Alejandra,Federación Regionalista Verde Social,5,El Senado debe reducirse de 50 a 43 escanos para racionaliza,3,"[INFERIDO POR LISTA: B. Verdes, Regionalistas y Humanistas] Postura tomada del vector base de la coalicion sin desviacion. Data sintetica. NO es declaracion personal del candidato. Ver dataset/README.md.",https://es.wikipedia.org/wiki/Federaci%C3%B3n_Regionalista_Verde_Social
Molina Tobar,Alejandra,Federación Regionalista Verde Social,6,El Senado debe promover el retiro de Chile del Tratado Integ,4,"[INFERIDO POR LISTA: B. Verdes, Regionalistas y Humanistas] Postura tomada del vector base de la coalicion sin desviacion. Data sintetica. NO es declaracion personal del candidato. Ver dataset/README.md.",https://es.wikipedia.org/wiki/Federaci%C3%B3n_Regionalista_Verde_Social
Molina Tobar,Alejandra,Federación Regionalista Verde Social,7,El Senado debe aprobar el reconocimiento formal del Estado d,4,"[INFERIDO POR LISTA: B. Verdes, Regionalistas y Humanistas] Base coalicion=5, candidato=4 (RUIDO -1 deterministico). Refleja variacion intra-partido no verificada. Data sintetica. NO es declaracion personal del candidato. Ver dataset/README.md.",https://es.wikipedia.org/wiki/Federaci%C3%B3n_Regionalista_Verde_Social
Molina Tobar,Alejandra,Federación Regionalista Verde Social,8,Chile debe mantenerse dentro del Tratado Interamericano de A,2,"[INFERIDO POR LISTA: B. Verdes, Regionalistas y Humanistas] Base coalicion=1, candidato=2 (RUIDO +1 deterministico). Refleja variacion intra-partido no verificada. Data sintetica. NO es declaracion personal del candidato. Ver dataset/README.md.",https://es.wikipedia.org/wiki/Federaci%C3%B3n_Regionalista_Verde_Social
Molina Tobar,Alejandra,Federación Regionalista Verde Social,9,El Senado debe aprobar la reforma previsional aumentando el ,4,"[INFERIDO POR LISTA: B. Verdes, Regionalistas y Humanistas] Postura tomada del vector base de la coalicion sin desviacion. Data sintetica. NO es declaracion personal del candidato. Ver dataset/README.md.",https://es.wikipedia.org/wiki/Federaci%C3%B3n_Regionalista_Verde_Social
Molina Tobar,Alejandra,Federación Regionalista Verde Social,10,"El royalty minero al cobre debe aumentarse por sobre el 4,7%",3,"[INFERIDO POR LISTA: B. Verdes, Regionalistas y Humanistas] Base coalicion=4, candidato=3 (RUIDO -1 deterministico). Refleja variacion intra-partido no verificada. Data sintetica. NO es declaracion personal del candidato. Ver dataset/README.md.",https://es.wikipedia.org/wiki/Federaci%C3%B3n_Regionalista_Verde_Social
Molina Tobar,Alejandra,Federación Regionalista Verde Social,11,"El Senado debe aprobar el fin del sistema de isapres, migran",4,"[INFERIDO POR LISTA: B. Verdes, Regionalistas y Humanistas] Postura tomada del vector base de la coalicion sin desviacion. Data sintetica. NO es declaracion personal del candidato. Ver dataset/README.md.",https://es.wikipedia.org/wiki/Federaci%C3%B3n_Regionalista_Verde_Social
Molina Tobar,Alejandra,Federación Regionalista Verde Social,12,El Senado debe aprobar el proyecto de eutanasia activa volun,5,"[INFERIDO POR LISTA: B. Verdes, Regionalistas y Humanistas] Postura tomada del vector base de la coalicion sin desviacion. Data sintetica. NO es declaracion personal del candidato. Ver dataset/README.md.",https://es.wikipedia.org/wiki/Federaci%C3%B3n_Regionalista_Verde_Social
Molina Tobar,Alejandra,Federación Regionalista Verde Social,13,El Senado debe declarar por ley las zonas de sacrificio como,5,"[INFERIDO POR LISTA: B. Verdes, Regionalistas y Humanistas] Postura tomada del vector base de la coalicion sin desviacion. Data sintetica. NO es declaracion personal del candidato. Ver dataset/README.md.",https://es.wikipedia.org/wiki/Federaci%C3%B3n_Regionalista_Verde_Social
Molina Tobar,Alejandra,Federación Regionalista Verde Social,14,El Senado debe aprobar la modernizacion de la Ley Antiterror,2,"[INFERIDO POR LISTA: B. Verdes, Regionalistas y Humanistas] Base coalicion=1, candidato=2 (RUIDO +1 deterministico). Refleja variacion intra-partido no verificada. Data sintetica. NO es declaracion personal del candidato. Ver dataset/README.md.",https://es.wikipedia.org/wiki/Federaci%C3%B3n_Regionalista_Verde_Social
Molina Tobar,Alejandra,Federación Regionalista Verde Social,15,El Senado debe incluir escanos reservados permanentes para r,5,"[INFERIDO POR LISTA: B. Verdes, Regionalistas y Humanistas] Postura tomada del vector base de la coalicion sin desviacion. Data sintetica. NO es declaracion personal del candidato. Ver dataset/README.md.",https://es.wikipedia.org/wiki/Federaci%C3%B3n_Regionalista_Verde_Social
Correa Diaz,German,Independiente Federación Regionalista Verde Social,2,El Senado debe endurecer el proceso de aprobacion de nombram,5,"[INFERIDO POR LISTA: B. Verdes, Regionalistas y Humanistas] Postura tomada del vector base de la coalicion sin desviacion. Data sintetica. NO es declaracion personal del candidato. Ver dataset/README.md.",https://es.wikipedia.org/wiki/Federaci%C3%B3n_Regionalista_Verde_Social
Correa Diaz,German,Independiente Federación Regionalista Verde Social,3,El Senado debe aprobar por ley una limitacion a dos periodos,5,"[INFERIDO POR LISTA: B. Verdes, Regionalistas y Humanistas] Postura tomada del vector base de la coalicion sin desviacion. Data sintetica. NO es declaracion personal del candidato. Ver dataset/README.md.",https://es.wikipedia.org/wiki/Federaci%C3%B3n_Regionalista_Verde_Social
Correa Diaz,German,Independiente Federación Regionalista Verde Social,5,El Senado debe reducirse de 50 a 43 escanos para racionaliza,3,"[INFERIDO POR LISTA: B. Verdes, Regionalistas y Humanistas] Postura tomada del vector base de la coalicion sin desviacion. Data sintetica. NO es declaracion personal del candidato. Ver dataset/README.md.",https://es.wikipedia.org/wiki/Federaci%C3%B3n_Regionalista_Verde_Social
Correa Diaz,German,Independiente Federación Regionalista Verde Social,6,El Senado debe promover el retiro de Chile del Tratado Integ,3,"[INFERIDO POR LISTA: B. Verdes, Regionalistas y Humanistas] Base coalicion=4, candidato=3 (RUIDO -1 deterministico). Refleja variacion intra-partido no verificada. Data sintetica. NO es declaracion personal del candidato. Ver dataset/README.md.",https://es.wikipedia.org/wiki/Federaci%C3%B3n_Regionalista_Verde_Social
Correa Diaz,German,Independiente Federación Regionalista Verde Social,7,El Senado debe aprobar el reconocimiento formal del Estado d,5,"[INFERIDO POR LISTA: B. Verdes, Regionalistas y Humanistas] Postura tomada del vector base de la coalicion sin desviacion. Data sintetica. NO es declaracion personal del candidato. Ver dataset/README.md.",https://es.wikipedia.org/wiki/Federaci%C3%B3n_Regionalista_Verde_Social
Correa Diaz,German,Independiente Federación Regionalista Verde Social,8,Chile debe mantenerse dentro del Tratado Interamericano de A,1,"[INFERIDO POR LISTA: B. Verdes, Regionalistas y Humanistas] Postura tomada del vector base de la coalicion sin desviacion. Data sintetica. NO es declaracion personal del candidato. Ver dataset/README.md.",https://es.wikipedia.org/wiki/Federaci%C3%B3n_Regionalista_Verde_Social
Correa Diaz,German,Independiente Federación Regionalista Verde Social,9,El Senado debe aprobar la reforma previsional aumentando el ,3,"[INFERIDO POR LISTA: B. Verdes, Regionalistas y Humanistas] Base coalicion=4, candidato=3 (RUIDO -1 deterministico). Refleja variacion intra-partido no verificada. Data sintetica. NO es declaracion personal del candidato. Ver dataset/README.md.",https://es.wikipedia.org/wiki/Federaci%C3%B3n_Regionalista_Verde_Social
Correa Diaz,German,Independiente Federación Regionalista Verde Social,10,"El royalty minero al cobre debe aumentarse por sobre el 4,7%",4,"[INFERIDO POR LISTA: B. Verdes, Regionalistas y Humanistas] Postura tomada del vector base de la coalicion sin desviacion. Data sintetica. NO es declaracion personal del candidato. Ver dataset/README.md.",https://es.wikipedia.org/wiki/Federaci%C3%B3n_Regionalista_Verde_Social
Correa Diaz,German,Independiente Federación Regionalista Verde Social,11,"El Senado debe aprobar el fin del sistema de isapres, migran",4,"[INFERIDO POR LISTA: B. Verdes, Regionalistas y Humanistas] Postura tomada del vector base de la coalicion sin desviacion. Data sintetica. NO es declaracion personal del candidato. Ver dataset/README.md.",https://es.wikipedia.org/wiki/Federaci%C3%B3n_Regionalista_Verde_Social
Correa Diaz,German,Independiente Federación Regionalista Verde Social,13,El Senado debe declarar por ley las zonas de sacrificio como,4,"[INFERIDO POR LISTA: B. Verdes, Regionalistas y Humanistas] Base coalicion=5, candidato=4 (RUIDO -1 deterministico). Refleja variacion intra-partido no verificada. Data sintetica. NO es declaracion personal del candidato. Ver dataset/README.md.",https://es.wikipedia.org/wiki/Federaci%C3%B3n_Regionalista_Verde_Social
Correa Diaz,German,Independiente Federación Regionalista Verde Social,15,El Senado debe incluir escanos reservados permanentes para r,4,"[INFERIDO POR LISTA: B. Verdes, Regionalistas y Humanistas] Base coalicion=5, candidato=4 (RUIDO -1 deterministico). Refleja variacion intra-partido no verificada. Data sintetica. NO es declaracion personal del candidato. Ver dataset/README.md.",https://es.wikipedia.org/wiki/Federaci%C3%B3n_Regionalista_Verde_Social
Naranjo Ortiz,Jaime,Independiente Federación Regionalista Verde Social,1,"El Senado debe mantenerse como camara revisora del Congreso,",3,"[INFERIDO POR LISTA: B. Verdes, Regionalistas y Humanistas] Postura tomada del vector base de la coalicion sin desviacion. Data sintetica. NO es declaracion personal del candidato. Ver dataset/README.md.",https://es.wikipedia.org/wiki/Federaci%C3%B3n_Regionalista_Verde_Social
Naranjo Ortiz,Jaime,Independiente Federación Regionalista Verde Social,2,El Senado debe endurecer el proceso de aprobacion de nombram,4,"[INFERIDO POR LISTA: B. Verdes, Regionalistas y Humanistas] Base coalicion=5, candidato=4 (RUIDO -1 deterministico). Refleja variacion intra-partido no verificada. Data sintetica. NO es declaracion personal del candidato. Ver dataset/README.md.",https://es.wikipedia.org/wiki/Federaci%C3%B3n_Regionalista_Verde_Social
Naranjo Ortiz,Jaime,Independiente Federación Regionalista Verde Social,3,El Senado debe aprobar por ley una limitacion a dos periodos,5,"[INFERIDO POR LISTA: B. Verdes, Regionalistas y Humanistas] Postura tomada del vector base de la coalicion sin desviacion. Data sintetica. NO es declaracion personal del candidato. Ver dataset/README.md.",https://es.wikipedia.org/wiki/Federaci%C3%B3n_Regionalista_Verde_Social
Naranjo Ortiz,Jaime,Independiente Federación Regionalista Verde Social,4,Chile debe restaurar el quorum de dos tercios para reformas ,2,"[INFERIDO POR LISTA: B. Verdes, Regionalistas y Humanistas] Postura tomada del vector base de la coalicion sin desviacion. Data sintetica. NO es declaracion personal del candidato. Ver dataset/README.md.",https://es.wikipedia.org/wiki/Federaci%C3%B3n_Regionalista_Verde_Social
Naranjo Ortiz,Jaime,Independiente Federación Regionalista Verde Social,5,El Senado debe reducirse de 50 a 43 escanos para racionaliza,3,"[INFERIDO POR LISTA: B. Verdes, Regionalistas y Humanistas] Postura tomada del vector base de la coalicion sin desviacion. Data sintetica. NO es declaracion personal del candidato. Ver dataset/README.md.",https://es.wikipedia.org/wiki/Federaci%C3%B3n_Regionalista_Verde_Social
Naranjo Ortiz,Jaime,Independiente Federación Regionalista Verde Social,7,El Senado debe aprobar el reconocimiento formal del Estado d,5,"[INFERIDO POR LISTA: B. Verdes, Regionalistas y Humanistas] Postura tomada del vector base de la coalicion sin desviacion. Data sintetica. NO es declaracion personal del candidato. Ver dataset/README.md.",https://es.wikipedia.org/wiki/Federaci%C3%B3n_Regionalista_Verde_Social
Naranjo Ortiz,Jaime,Independiente Federación Regionalista Verde Social,8,Chile debe mantenerse dentro del Tratado Interamericano de A,2,"[INFERIDO POR LISTA: B. Verdes, Regionalistas y Humanistas] Base coalicion=1, candidato=2 (RUIDO +1 deterministico). Refleja variacion intra-partido no verificada. Data sintetica. NO es declaracion personal del candidato. Ver dataset/README.md.",https://es.wikipedia.org/wiki/Federaci%C3%B3n_Regionalista_Verde_Social
Naranjo Ortiz,Jaime,Independiente Federación Regionalista Verde Social,9,El Senado debe aprobar la reforma previsional aumentando el ,5,"[INFERIDO POR LISTA: B. Verdes, Regionalistas y Humanistas] Base coalicion=4, candidato=5 (RUIDO +1 deterministico). Refleja variacion intra-partido no verificada. Data sintetica. NO es declaracion personal del candidato. Ver dataset/README.md.",https://es.wikipedia.org/wiki/Federaci%C3%B3n_Regionalista_Verde_Social
Naranjo Ortiz,Jaime,Independiente Federación Regionalista Verde Social,10,"El royalty minero al cobre debe aumentarse por sobre el 4,7%",4,"[INFERIDO POR LISTA: B. Verdes, Regionalistas y Humanistas] Postura tomada del vector base de la coalicion sin desviacion. Data sintetica. NO es declaracion personal del candidato. Ver dataset/README.md.",https://es.wikipedia.org/wiki/Federaci%C3%B3n_Regionalista_Verde_Social
Naranjo Ortiz,Jaime,Independiente Federación Regionalista Verde Social,11,"El Senado debe aprobar el fin del sistema de isapres, migran",4,"[INFERIDO POR LISTA: B. Verdes, Regionalistas y Humanistas] Postura tomada del vector base de la coalicion sin desviacion. Data sintetica. NO es declaracion personal del candidato. Ver dataset/README.md.",https://es.wikipedia.org/wiki/Federaci%C3%B3n_Regionalista_Verde_Social
Naranjo Ortiz,Jaime,Independiente Federación Regionalista Verde Social,12,El Senado debe aprobar el proyecto de eutanasia activa volun,4,"[INFERIDO POR LISTA: B. Verdes, Regionalistas y Humanistas] Base coalicion=5, candidato=4 (RUIDO -1 deterministico). Refleja variacion intra-partido no verificada. Data sintetica. NO es declaracion personal del candidato. Ver dataset/README.md.",https://es.wikipedia.org/wiki/Federaci%C3%B3n_Regionalista_Verde_Social
Naranjo Ortiz,Jaime,Independiente Federación Regionalista Verde Social,13,El Senado debe declarar por ley las zonas de sacrificio como,5,"[INFERIDO POR LISTA: B. Verdes, Regionalistas y Humanistas] Postura tomada del vector base de la coalicion sin desviacion. Data sintetica. NO es declaracion personal del candidato. Ver dataset/README.md.",https://es.wikipedia.org/wiki/Federaci%C3%B3n_Regionalista_Verde_Social
Naranjo Ortiz,Jaime,Independiente Federación Regionalista Verde Social,15,El Senado debe incluir escanos reservados permanentes para r,5,"[INFERIDO POR LISTA: B. Verdes, Regionalistas y Humanistas] Postura tomada del vector base de la coalicion sin desviacion. Data sintetica. NO es declaracion personal del candidato. Ver dataset/README.md.",https://es.wikipedia.org/wiki/Federaci%C3%B3n_Regionalista_Verde_Social
Flandez Flandez,Yessica,Federación Regionalista Verde Social,2,El Senado debe endurecer el proceso de aprobacion de nombram,5,"[INFERIDO POR LISTA: B. Verdes, Regionalistas y Humanistas] Postura tomada del vector base de la coalicion sin desviacion. Data sintetica. NO es declaracion personal del candidato. Ver dataset/README.md.",https://es.wikipedia.org/wiki/Federaci%C3%B3n_Regionalista_Verde_Social
Flandez Flandez,Yessica,Federación Regionalista Verde Social,3,El Senado debe aprobar por ley una limitacion a dos periodos,4,"[INFERIDO POR LISTA: B. Verdes, Regionalistas y Humanistas] Base coalicion=5, candidato=4 (RUIDO -1 deterministico). Refleja variacion intra-partido no verificada. Data sintetica. NO es declaracion personal del candidato. Ver dataset/README.md.",https://es.wikipedia.org/wiki/Federaci%C3%B3n_Regionalista_Verde_Social
Flandez Flandez,Yessica,Federación Regionalista Verde Social,4,Chile debe restaurar el quorum de dos tercios para reformas ,2,"[INFERIDO POR LISTA: B. Verdes, Regionalistas y Humanistas] Postura tomada del vector base de la coalicion sin desviacion. Data sintetica. NO es declaracion personal del candidato. Ver dataset/README.md.",https://es.wikipedia.org/wiki/Federaci%C3%B3n_Regionalista_Verde_Social
Flandez Flandez,Yessica,Federación Regionalista Verde Social,5,El Senado debe reducirse de 50 a 43 escanos para racionaliza,3,"[INFERIDO POR LISTA: B. Verdes, Regionalistas y Humanistas] Postura tomada del vector base de la coalicion sin desviacion. Data sintetica. NO es declaracion personal del candidato. Ver dataset/README.md.",https://es.wikipedia.org/wiki/Federaci%C3%B3n_Regionalista_Verde_Social
Flandez Flandez,Yessica,Federación Regionalista Verde Social,6,El Senado debe promover el retiro de Chile del Tratado Integ,5,"[INFERIDO POR LISTA: B. Verdes, Regionalistas y Humanistas] Base coalicion=4, candidato=5 (RUIDO +1 deterministico). Refleja variacion intra-partido no verificada. Data sintetica. NO es declaracion personal del candidato. Ver dataset/README.md.",https://es.wikipedia.org/wiki/Federaci%C3%B3n_Regionalista_Verde_Social
Flandez Flandez,Yessica,Federación Regionalista Verde Social,7,El Senado debe aprobar el reconocimiento formal del Estado d,5,"[INFERIDO POR LISTA: B. Verdes, Regionalistas y Humanistas] Postura tomada del vector base de la coalicion sin desviacion. Data sintetica. NO es declaracion personal del candidato. Ver dataset/README.md.",https://es.wikipedia.org/wiki/Federaci%C3%B3n_Regionalista_Verde_Social
Flandez Flandez,Yessica,Federación Regionalista Verde Social,8,Chile debe mantenerse dentro del Tratado Interamericano de A,2,"[INFERIDO POR LISTA: B. Verdes, Regionalistas y Humanistas] Base coalicion=1, candidato=2 (RUIDO +1 deterministico). Refleja variacion intra-partido no verificada. Data sintetica. NO es declaracion personal del candidato. Ver dataset/README.md.",https://es.wikipedia.org/wiki/Federaci%C3%B3n_Regionalista_Verde_Social
Flandez Flandez,Yessica,Federación Regionalista Verde Social,9,El Senado debe aprobar la reforma previsional aumentando el ,4,"[INFERIDO POR LISTA: B. Verdes, Regionalistas y Humanistas] Postura tomada del vector base de la coalicion sin desviacion. Data sintetica. NO es declaracion personal del candidato. Ver dataset/README.md.",https://es.wikipedia.org/wiki/Federaci%C3%B3n_Regionalista_Verde_Social
Flandez Flandez,Yessica,Federación Regionalista Verde Social,10,"El royalty minero al cobre debe aumentarse por sobre el 4,7%",4,"[INFERIDO POR LISTA: B. Verdes, Regionalistas y Humanistas] Postura tomada del vector base de la coalicion sin desviacion. Data sintetica. NO es declaracion personal del candidato. Ver dataset/README.md.",https://es.wikipedia.org/wiki/Federaci%C3%B3n_Regionalista_Verde_Social
Flandez Flandez,Yessica,Federación Regionalista Verde Social,11,"El Senado debe aprobar el fin del sistema de isapres, migran",4,"[INFERIDO POR LISTA: B. Verdes, Regionalistas y Humanistas] Postura tomada del vector base de la coalicion sin desviacion. Data sintetica. NO es declaracion personal del candidato. Ver dataset/README.md.",https://es.wikipedia.org/wiki/Federaci%C3%B3n_Regionalista_Verde_Social
Flandez Flandez,Yessica,Federación Regionalista Verde Social,12,El Senado debe aprobar el proyecto de eutanasia activa volun,5,"[INFERIDO POR LISTA: B. Verdes, Regionalistas y Humanistas] Postura tomada del vector base de la coalicion sin desviacion. Data sintetica. NO es declaracion personal del candidato. Ver dataset/README.md.",https://es.wikipedia.org/wiki/Federaci%C3%B3n_Regionalista_Verde_Social
Flandez Flandez,Yessica,Federación Regionalista Verde Social,13,El Senado debe declarar por ley las zonas de sacrificio como,5,"[INFERIDO POR LISTA: B. Verdes, Regionalistas y Humanistas] Postura tomada del vector base de la coalicion sin desviacion. Data sintetica. NO es declaracion personal del candidato. Ver dataset/README.md.",https://es.wikipedia.org/wiki/Federaci%C3%B3n_Regionalista_Verde_Social
Flandez Flandez,Yessica,Federación Regionalista Verde Social,14,El Senado debe aprobar la modernizacion de la Ley Antiterror,2,"[INFERIDO POR LISTA: B. Verdes, Regionalistas y Humanistas] Base coalicion=1, candidato=2 (RUIDO +1 deterministico). Refleja variacion intra-partido no verificada. Data sintetica. NO es declaracion personal del candidato. Ver dataset/README.md.",https://es.wikipedia.org/wiki/Federaci%C3%B3n_Regionalista_Verde_Social
Flandez Flandez,Yessica,Federación Regionalista Verde Social,15,El Senado debe incluir escanos reservados permanentes para r,4,"[INFERIDO POR LISTA: B. Verdes, Regionalistas y Humanistas] Base coalicion=5, candidato=4 (RUIDO -1 deterministico). Refleja variacion intra-partido no verificada. Data sintetica. NO es declaracion personal del candidato. Ver dataset/README.md.",https://es.wikipedia.org/wiki/Federaci%C3%B3n_Regionalista_Verde_Social
Fernandez Riffo,Carla,Independiente Federación Regionalista Verde Social,1,"El Senado debe mantenerse como camara revisora del Congreso,",4,"[INFERIDO POR LISTA: B. Verdes, Regionalistas y Humanistas] Base coalicion=3, candidato=4 (RUIDO +1 deterministico). Refleja variacion intra-partido no verificada. Data sintetica. NO es declaracion personal del candidato. Ver dataset/README.md.",https://es.wikipedia.org/wiki/Federaci%C3%B3n_Regionalista_Verde_Social
Fernandez Riffo,Carla,Independiente Federación Regionalista Verde Social,2,El Senado debe endurecer el proceso de aprobacion de nombram,4,"[INFERIDO POR LISTA: B. Verdes, Regionalistas y Humanistas] Base coalicion=5, candidato=4 (RUIDO -1 deterministico). Refleja variacion intra-partido no verificada. Data sintetica. NO es declaracion personal del candidato. Ver dataset/README.md.",https://es.wikipedia.org/wiki/Federaci%C3%B3n_Regionalista_Verde_Social
Fernandez Riffo,Carla,Independiente Federación Regionalista Verde Social,3,El Senado debe aprobar por ley una limitacion a dos periodos,5,"[INFERIDO POR LISTA: B. Verdes, Regionalistas y Humanistas] Postura tomada del vector base de la coalicion sin desviacion. Data sintetica. NO es declaracion personal del candidato. Ver dataset/README.md.",https://es.wikipedia.org/wiki/Federaci%C3%B3n_Regionalista_Verde_Social
Fernandez Riffo,Carla,Independiente Federación Regionalista Verde Social,4,Chile debe restaurar el quorum de dos tercios para reformas ,2,"[INFERIDO POR LISTA: B. Verdes, Regionalistas y Humanistas] Postura tomada del vector base de la coalicion sin desviacion. Data sintetica. NO es declaracion personal del candidato. Ver dataset/README.md.",https://es.wikipedia.org/wiki/Federaci%C3%B3n_Regionalista_Verde_Social
Fernandez Riffo,Carla,Independiente Federación Regionalista Verde Social,5,El Senado debe reducirse de 50 a 43 escanos para racionaliza,2,"[INFERIDO POR LISTA: B. Verdes, Regionalistas y Humanistas] Base coalicion=3, candidato=2 (RUIDO -1 deterministico). Refleja variacion intra-partido no verificada. Data sintetica. NO es declaracion personal del candidato. Ver dataset/README.md.",https://es.wikipedia.org/wiki/Federaci%C3%B3n_Regionalista_Verde_Social
Fernandez Riffo,Carla,Independiente Federación Regionalista Verde Social,6,El Senado debe promover el retiro de Chile del Tratado Integ,5,"[INFERIDO POR LISTA: B. Verdes, Regionalistas y Humanistas] Base coalicion=4, candidato=5 (RUIDO +1 deterministico). Refleja variacion intra-partido no verificada. Data sintetica. NO es declaracion personal del candidato. Ver dataset/README.md.",https://es.wikipedia.org/wiki/Federaci%C3%B3n_Regionalista_Verde_Social
Fernandez Riffo,Carla,Independiente Federación Regionalista Verde Social,7,El Senado debe aprobar el reconocimiento formal del Estado d,5,"[INFERIDO POR LISTA: B. Verdes, Regionalistas y Humanistas] Postura tomada del vector base de la coalicion sin desviacion. Data sintetica. NO es declaracion personal del candidato. Ver dataset/README.md.",https://es.wikipedia.org/wiki/Federaci%C3%B3n_Regionalista_Verde_Social
Fernandez Riffo,Carla,Independiente Federación Regionalista Verde Social,9,El Senado debe aprobar la reforma previsional aumentando el ,4,"[INFERIDO POR LISTA: B. Verdes, Regionalistas y Humanistas] Postura tomada del vector base de la coalicion sin desviacion. Data sintetica. NO es declaracion personal del candidato. Ver dataset/README.md.",https://es.wikipedia.org/wiki/Federaci%C3%B3n_Regionalista_Verde_Social
Fernandez Riffo,Carla,Independiente Federación Regionalista Verde Social,10,"El royalty minero al cobre debe aumentarse por sobre el 4,7%",4,"[INFERIDO POR LISTA: B. Verdes, Regionalistas y Humanistas] Postura tomada del vector base de la coalicion sin desviacion. Data sintetica. NO es declaracion personal del candidato. Ver dataset/README.md.",https://es.wikipedia.org/wiki/Federaci%C3%B3n_Regionalista_Verde_Social
Fernandez Riffo,Carla,Independiente Federación Regionalista Verde Social,12,El Senado debe aprobar el proyecto de eutanasia activa volun,5,"[INFERIDO POR LISTA: B. Verdes, Regionalistas y Humanistas] Postura tomada del vector base de la coalicion sin desviacion. Data sintetica. NO es declaracion personal del candidato. Ver dataset/README.md.",https://es.wikipedia.org/wiki/Federaci%C3%B3n_Regionalista_Verde_Social
Fernandez Riffo,Carla,Independiente Federación Regionalista Verde Social,13,El Senado debe declarar por ley las zonas de sacrificio como,5,"[INFERIDO POR LISTA: B. Verdes, Regionalistas y Humanistas] Postura tomada del vector base de la coalicion sin desviacion. Data sintetica. NO es declaracion personal del candidato. Ver dataset/README.md.",https://es.wikipedia.org/wiki/Federaci%C3%B3n_Regionalista_Verde_Social
Fernandez Riffo,Carla,Independiente Federación Regionalista Verde Social,14,El Senado debe aprobar la modernizacion de la Ley Antiterror,2,"[INFERIDO POR LISTA: B. Verdes, Regionalistas y Humanistas] Base coalicion=1, candidato=2 (RUIDO +1 deterministico). Refleja variacion intra-partido no verificada. Data sintetica. NO es declaracion personal del candidato. Ver dataset/README.md.",https://es.wikipedia.org/wiki/Federaci%C3%B3n_Regionalista_Verde_Social
Fernandez Riffo,Carla,Independiente Federación Regionalista Verde Social,15,El Senado debe incluir escanos reservados permanentes para r,5,"[INFERIDO POR LISTA: B. Verdes, Regionalistas y Humanistas] Postura tomada del vector base de la coalicion sin desviacion. Data sintetica. NO es declaracion personal del candidato. Ver dataset/README.md.",https://es.wikipedia.org/wiki/Federaci%C3%B3n_Regionalista_Verde_Social
Yjade Evila,Jal,Ecologista Verde,1,"El Senado debe mantenerse como camara revisora del Congreso,",2,"[INFERIDO POR LISTA: A. Partido Ecologista Verde] Base coalicion=3, candidato=2 (RUIDO -1 deterministico). Refleja variacion intra-partido no verificada. Data sintetica. NO es declaracion personal del candidato. Ver dataset/README.md.",https://es.wikipedia.org/wiki/Partido_Ecologista_Verde_(Chile)
Yjade Evila,Jal,Ecologista Verde,2,El Senado debe endurecer el proceso de aprobacion de nombram,5,[INFERIDO POR LISTA: A. Partido Ecologista Verde] Postura tomada del vector base de la coalicion sin desviacion. Data sintetica. NO es declaracion personal del candidato. Ver dataset/README.md.,https://es.wikipedia.org/wiki/Partido_Ecologista_Verde_(Chile)
Yjade Evila,Jal,Ecologista Verde,3,El Senado debe aprobar por ley una limitacion a dos periodos,4,[INFERIDO POR LISTA: A. Partido Ecologista Verde] Postura tomada del vector base de la coalicion sin desviacion. Data sintetica. NO es declaracion personal del candidato. Ver dataset/README.md.,https://es.wikipedia.org/wiki/Partido_Ecologista_Verde_(Chile)
Yjade Evila,Jal,Ecologista Verde,4,Chile debe restaurar el quorum de dos tercios para reformas ,2,[INFERIDO POR LISTA: A. Partido Ecologista Verde] Postura tomada del vector base de la coalicion sin desviacion. Data sintetica. NO es declaracion personal del candidato. Ver dataset/README.md.,https://es.wikipedia.org/wiki/Partido_Ecologista_Verde_(Chile)
Yjade Evila,Jal,Ecologista Verde,5,El Senado debe reducirse de 50 a 43 escanos para racionaliza,4,"[INFERIDO POR LISTA: A. Partido Ecologista Verde] Base coalicion=3, candidato=4 (RUIDO +1 deterministico). Refleja variacion intra-partido no verificada. Data sintetica. NO es declaracion personal del candidato. Ver dataset/README.md.",https://es.wikipedia.org/wiki/Partido_Ecologista_Verde_(Chile)
Yjade Evila,Jal,Ecologista Verde,6,El Senado debe promover el retiro de Chile del Tratado Integ,5,[INFERIDO POR LISTA: A. Partido Ecologista Verde] Postura tomada del vector base de la coalicion sin desviacion. Data sintetica. NO es declaracion personal del candidato. Ver dataset/README.md.,https://es.wikipedia.org/wiki/Partido_Ecologista_Verde_(Chile)
Yjade Evila,Jal,Ecologista Verde,7,El Senado debe aprobar el reconocimiento formal del Estado d,5,[INFERIDO POR LISTA: A. Partido Ecologista Verde] Postura tomada del vector base de la coalicion sin desviacion. Data sintetica. NO es declaracion personal del candidato. Ver dataset/README.md.,https://es.wikipedia.org/wiki/Partido_Ecologista_Verde_(Chile)
Yjade Evila,Jal,Ecologista Verde,8,Chile debe mantenerse dentro del Tratado Interamericano de A,1,[INFERIDO POR LISTA: A. Partido Ecologista Verde] Postura tomada del vector base de la coalicion sin desviacion. Data sintetica. NO es declaracion personal del candidato. Ver dataset/README.md.,https://es.wikipedia.org/wiki/Partido_Ecologista_Verde_(Chile)
Yjade Evila,Jal,Ecologista Verde,9,El Senado debe aprobar la reforma previsional aumentando el ,5,[INFERIDO POR LISTA: A. Partido Ecologista Verde] Postura tomada del vector base de la coalicion sin desviacion. Data sintetica. NO es declaracion personal del candidato. Ver dataset/README.md.,https://es.wikipedia.org/wiki/Partido_Ecologista_Verde_(Chile)
Yjade Evila,Jal,Ecologista Verde,10,"El royalty minero al cobre debe aumentarse por sobre el 4,7%",4,"[INFERIDO POR LISTA: A. Partido Ecologista Verde] Base coalicion=5, candidato=4 (RUIDO -1 deterministico). Refleja variacion intra-partido no verificada. Data sintetica. NO es declaracion personal del candidato. Ver dataset/README.md.",https://es.wikipedia.org/wiki/Partido_Ecologista_Verde_(Chile)
Yjade Evila,Jal,Ecologista Verde,12,El Senado debe aprobar el proyecto de eutanasia activa volun,4,"[INFERIDO POR LISTA: A. Partido Ecologista Verde] Base coalicion=5, candidato=4 (RUIDO -1 deterministico). Refleja variacion intra-partido no verificada. Data sintetica. NO es declaracion personal del candidato. Ver dataset/README.md.",https://es.wikipedia.org/wiki/Partido_Ecologista_Verde_(Chile)
Yjade Evila,Jal,Ecologista Verde,14,El Senado debe aprobar la modernizacion de la Ley Antiterror,1,[INFERIDO POR LISTA: A. Partido Ecologista Verde] Postura tomada del vector base de la coalicion sin desviacion. Data sintetica. NO es declaracion personal del candidato. Ver dataset/README.md.,https://es.wikipedia.org/wiki/Partido_Ecologista_Verde_(Chile)
Yjade Evila,Jal,Ecologista Verde,15,El Senado debe incluir escanos reservados permanentes para r,5,[INFERIDO POR LISTA: A. Partido Ecologista Verde] Postura tomada del vector base de la coalicion sin desviacion. Data sintetica. NO es declaracion personal del candidato. Ver dataset/README.md.,https://es.wikipedia.org/wiki/Partido_Ecologista_Verde_(Chile)
Provoste Campillay,Yasna,Demócrata Cristiano,2,El Senado debe endurecer el proceso de aprobacion de nombram,4,[INFERIDO POR LISTA: C. Unidad por Chile] Postura tomada del vector base de la coalicion sin desviacion. Data sintetica. NO es declaracion personal del candidato. Ver dataset/README.md.,https://es.wikipedia.org/wiki/Unidad_por_Chile
Provoste Campillay,Yasna,Demócrata Cristiano,3,El Senado debe aprobar por ley una limitacion a dos periodos,3,[INFERIDO POR LISTA: C. Unidad por Chile] Postura tomada del vector base de la coalicion sin desviacion. Data sintetica. NO es declaracion personal del candidato. Ver dataset/README.md.,https://es.wikipedia.org/wiki/Unidad_por_Chile
Provoste Campillay,Yasna,Demócrata Cristiano,4,Chile debe restaurar el quorum de dos tercios para reformas ,3,"[INFERIDO POR LISTA: C. Unidad por Chile] Base coalicion=2, candidato=3 (RUIDO +1 deterministico). Refleja variacion intra-partido no verificada. Data sintetica. NO es declaracion personal del candidato. Ver dataset/README.md.",https://es.wikipedia.org/wiki/Unidad_por_Chile
Provoste Campillay,Yasna,Demócrata Cristiano,5,El Senado debe reducirse de 50 a 43 escanos para racionaliza,2,[INFERIDO POR LISTA: C. Unidad por Chile] Postura tomada del vector base de la coalicion sin desviacion. Data sintetica. NO es declaracion personal del candidato. Ver dataset/README.md.,https://es.wikipedia.org/wiki/Unidad_por_Chile
Provoste Campillay,Yasna,Demócrata Cristiano,6,El Senado debe promover el retiro de Chile del Tratado Integ,3,[INFERIDO POR LISTA: C. Unidad por Chile] Postura tomada del vector base de la coalicion sin desviacion. Data sintetica. NO es declaracion personal del candidato. Ver dataset/README.md.,https://es.wikipedia.org/wiki/Unidad_por_Chile
Provoste Campillay,Yasna,Demócrata Cristiano,7,El Senado debe aprobar el reconocimiento formal del Estado d,5,"[INFERIDO POR LISTA: C. Unidad por Chile] Base coalicion=4, candidato=5 (RUIDO +1 deterministico). Refleja variacion intra-partido no verificada. Data sintetica. NO es declaracion personal del candidato. Ver dataset/README.md.",https://es.wikipedia.org/wiki/Unidad_por_Chile
Provoste Campillay,Yasna,Demócrata Cristiano,9,El Senado debe aprobar la reforma previsional aumentando el ,5,[INFERIDO POR LISTA: C. Unidad por Chile] Postura tomada del vector base de la coalicion sin desviacion. Data sintetica. NO es declaracion personal del candidato. Ver dataset/README.md.,https://es.wikipedia.org/wiki/Unidad_por_Chile
Provoste Campillay,Yasna,Demócrata Cristiano,10,"El royalty minero al cobre debe aumentarse por sobre el 4,7%",5,"[INFERIDO POR LISTA: C. Unidad por Chile] Base coalicion=4, candidato=5 (RUIDO +1 deterministico). Refleja variacion intra-partido no verificada. Data sintetica. NO es declaracion personal del candidato. Ver dataset/README.md.",https://es.wikipedia.org/wiki/Unidad_por_Chile
Provoste Campillay,Yasna,Demócrata Cristiano,11,"El Senado debe aprobar el fin del sistema de isapres, migran",3,[INFERIDO POR PARTIDO: Demócrata Cristiano] Postura tomada del vector base de la coalicion sin desviacion. Data sintetica. NO es declaracion personal del candidato. Ver dataset/README.md.,https://es.wikipedia.org/wiki/Unidad_por_Chile
Provoste Campillay,Yasna,Demócrata Cristiano,13,El Senado debe declarar por ley las zonas de sacrificio como,3,"[INFERIDO POR LISTA: C. Unidad por Chile] Base coalicion=4, candidato=3 (RUIDO -1 deterministico). Refleja variacion intra-partido no verificada. Data sintetica. NO es declaracion personal del candidato. Ver dataset/README.md.",https://es.wikipedia.org/wiki/Unidad_por_Chile
Provoste Campillay,Yasna,Demócrata Cristiano,15,El Senado debe incluir escanos reservados permanentes para r,3,[INFERIDO POR PARTIDO: Demócrata Cristiano] Postura tomada del vector base de la coalicion sin desviacion. Data sintetica. NO es declaracion personal del candidato. Ver dataset/README.md.,https://es.wikipedia.org/wiki/Unidad_por_Chile
Vargas Morales,Cinthia,Independiente Socialista de Chile,1,"El Senado debe mantenerse como camara revisora del Congreso,",4,[INFERIDO POR LISTA: C. Unidad por Chile] Postura tomada del vector base de la coalicion sin desviacion. Data sintetica. NO es declaracion personal del candidato. Ver dataset/README.md.,https://es.wikipedia.org/wiki/Unidad_por_Chile
Vargas Morales,Cinthia,Independiente Socialista de Chile,2,El Senado debe endurecer el proceso de aprobacion de nombram,3,"[INFERIDO POR LISTA: C. Unidad por Chile] Base coalicion=4, candidato=3 (RUIDO -1 deterministico). Refleja variacion intra-partido no verificada. Data sintetica. NO es declaracion personal del candidato. Ver dataset/README.md.",https://es.wikipedia.org/wiki/Unidad_por_Chile
Vargas Morales,Cinthia,Independiente Socialista de Chile,3,El Senado debe aprobar por ley una limitacion a dos periodos,2,"[INFERIDO POR LISTA: C. Unidad por Chile] Base coalicion=3, candidato=2 (RUIDO -1 deterministico). Refleja variacion intra-partido no verificada. Data sintetica. NO es declaracion personal del candidato. Ver dataset/README.md.",https://es.wikipedia.org/wiki/Unidad_por_Chile
Vargas Morales,Cinthia,Independiente Socialista de Chile,4,Chile debe restaurar el quorum de dos tercios para reformas ,2,[INFERIDO POR LISTA: C. Unidad por Chile] Postura tomada del vector base de la coalicion sin desviacion. Data sintetica. NO es declaracion personal del candidato. Ver dataset/README.md.,https://es.wikipedia.org/wiki/Unidad_por_Chile
Vargas Morales,Cinthia,Independiente Socialista de Chile,5,El Senado debe reducirse de 50 a 43 escanos para racionaliza,2,[INFERIDO POR LISTA: C. Unidad por Chile] Postura tomada del vector base de la coalicion sin desviacion. Data sintetica. NO es declaracion personal del candidato. Ver dataset/README.md.,https://es.wikipedia.org/wiki/Unidad_por_Chile
Vargas Morales,Cinthia,Independiente Socialista de Chile,6,El Senado debe promover el retiro de Chile del Tratado Integ,3,[INFERIDO POR LISTA: C. Unidad por Chile] Postura tomada del vector base de la coalicion sin desviacion. Data sintetica. NO es declaracion personal del candidato. Ver dataset/README.md.,https://es.wikipedia.org/wiki/Unidad_por_Chile
Vargas Morales,Cinthia,Independiente Socialista de Chile,7,El Senado debe aprobar el reconocimiento formal del Estado d,4,[INFERIDO POR LISTA: C. Unidad por Chile] Postura tomada del vector base de la coalicion sin desviacion. Data sintetica. NO es declaracion personal del candidato. Ver dataset/README.md.,https://es.wikipedia.org/wiki/Unidad_por_Chile
Vargas Morales,Cinthia,Independiente Socialista de Chile,9,El Senado debe aprobar la reforma previsional aumentando el ,5,[INFERIDO POR LISTA: C. Unidad por Chile] Postura tomada del vector base de la coalicion sin desviacion. Data sintetica. NO es declaracion personal del candidato. Ver dataset/README.md.,https://es.wikipedia.org/wiki/Unidad_por_Chile
Vargas Morales,Cinthia,Independiente Socialista de Chile,10,"El royalty minero al cobre debe aumentarse por sobre el 4,7%",4,[INFERIDO POR LISTA: C. Unidad por Chile] Postura tomada del vector base de la coalicion sin desviacion. Data sintetica. NO es declaracion personal del candidato. Ver dataset/README.md.,https://es.wikipedia.org/wiki/Unidad_por_Chile
Vargas Morales,Cinthia,Independiente Socialista de Chile,11,"El Senado debe aprobar el fin del sistema de isapres, migran",4,[INFERIDO POR LISTA: C. Unidad por Chile] Postura tomada del vector base de la coalicion sin desviacion. Data sintetica. NO es declaracion personal del candidato. Ver dataset/README.md.,https://es.wikipedia.org/wiki/Unidad_por_Chile
Vargas Morales,Cinthia,Independiente Socialista de Chile,12,El Senado debe aprobar el proyecto de eutanasia activa volun,4,[INFERIDO POR LISTA: C. Unidad por Chile] Postura tomada del vector base de la coalicion sin desviacion. Data sintetica. NO es declaracion personal del candidato. Ver dataset/README.md.,https://es.wikipedia.org/wiki/Unidad_por_Chile
Vargas Morales,Cinthia,Independiente Socialista de Chile,13,El Senado debe declarar por ley las zonas de sacrificio como,4,[INFERIDO POR LISTA: C. Unidad por Chile] Postura tomada del vector base de la coalicion sin desviacion. Data sintetica. NO es declaracion personal del candidato. Ver dataset/README.md.,https://es.wikipedia.org/wiki/Unidad_por_Chile
Vargas Morales,Cinthia,Independiente Socialista de Chile,14,El Senado debe aprobar la modernizacion de la Ley Antiterror,3,"[INFERIDO POR LISTA: C. Unidad por Chile] Base coalicion=2, candidato=3 (RUIDO +1 deterministico). Refleja variacion intra-partido no verificada. Data sintetica. NO es declaracion personal del candidato. Ver dataset/README.md.",https://es.wikipedia.org/wiki/Unidad_por_Chile
Vargas Morales,Cinthia,Independiente Socialista de Chile,15,El Senado debe incluir escanos reservados permanentes para r,3,"[INFERIDO POR LISTA: C. Unidad por Chile] Base coalicion=4, candidato=3 (RUIDO -1 deterministico). Refleja variacion intra-partido no verificada. Data sintetica. NO es declaracion personal del candidato. Ver dataset/README.md.",https://es.wikipedia.org/wiki/Unidad_por_Chile
Cicardini Milla,Daniella,Socialista de Chile,1,"El Senado debe mantenerse como camara revisora del Congreso,",3,"[INFERIDO POR LISTA: C. Unidad por Chile] Base coalicion=4, candidato=3 (RUIDO -1 deterministico). Refleja variacion intra-partido no verificada. Data sintetica. NO es declaracion personal del candidato. Ver dataset/README.md.",https://es.wikipedia.org/wiki/Unidad_por_Chile
Cicardini Milla,Daniella,Socialista de Chile,2,El Senado debe endurecer el proceso de aprobacion de nombram,4,[INFERIDO POR LISTA: C. Unidad por Chile] Postura tomada del vector base de la coalicion sin desviacion. Data sintetica. NO es declaracion personal del candidato. Ver dataset/README.md.,https://es.wikipedia.org/wiki/Unidad_por_Chile
Cicardini Milla,Daniella,Socialista de Chile,3,El Senado debe aprobar por ley una limitacion a dos periodos,3,[INFERIDO POR LISTA: C. Unidad por Chile] Postura tomada del vector base de la coalicion sin desviacion. Data sintetica. NO es declaracion personal del candidato. Ver dataset/README.md.,https://es.wikipedia.org/wiki/Unidad_por_Chile
Cicardini Milla,Daniella,Socialista de Chile,4,Chile debe restaurar el quorum de dos tercios para reformas ,2,[INFERIDO POR LISTA: C. Unidad por Chile] Postura tomada del vector base de la coalicion sin desviacion. Data sintetica. NO es declaracion personal del candidato. Ver dataset/README.md.,https://es.wikipedia.org/wiki/Unidad_por_Chile
Cicardini Milla,Daniella,Socialista de Chile,5,El Senado debe reducirse de 50 a 43 escanos para racionaliza,1,"[INFERIDO POR LISTA: C. Unidad por Chile] Base coalicion=2, candidato=1 (RUIDO -1 deterministico). Refleja variacion intra-partido no verificada. Data sintetica. NO es declaracion personal del candidato. Ver dataset/README.md.",https://es.wikipedia.org/wiki/Unidad_por_Chile
Cicardini Milla,Daniella,Socialista de Chile,6,El Senado debe promover el retiro de Chile del Tratado Integ,3,[INFERIDO POR LISTA: C. Unidad por Chile] Postura tomada del vector base de la coalicion sin desviacion. Data sintetica. NO es declaracion personal del candidato. Ver dataset/README.md.,https://es.wikipedia.org/wiki/Unidad_por_Chile
Cicardini Milla,Daniella,Socialista de Chile,8,Chile debe mantenerse dentro del Tratado Interamericano de A,2,[INFERIDO POR LISTA: C. Unidad por Chile] Postura tomada del vector base de la coalicion sin desviacion. Data sintetica. NO es declaracion personal del candidato. Ver dataset/README.md.,https://es.wikipedia.org/wiki/Unidad_por_Chile
Cicardini Milla,Daniella,Socialista de Chile,10,"El royalty minero al cobre debe aumentarse por sobre el 4,7%",4,[INFERIDO POR LISTA: C. Unidad por Chile] Postura tomada del vector base de la coalicion sin desviacion. Data sintetica. NO es declaracion personal del candidato. Ver dataset/README.md.,https://es.wikipedia.org/wiki/Unidad_por_Chile
Cicardini Milla,Daniella,Socialista de Chile,11,"El Senado debe aprobar el fin del sistema de isapres, migran",3,"[INFERIDO POR LISTA: C. Unidad por Chile] Base coalicion=4, candidato=3 (RUIDO -1 deterministico). Refleja variacion intra-partido no verificada. Data sintetica. NO es declaracion personal del candidato. Ver dataset/README.md.",https://es.wikipedia.org/wiki/Unidad_por_Chile
Cicardini Milla,Daniella,Socialista de Chile,12,El Senado debe aprobar el proyecto de eutanasia activa volun,4,[INFERIDO POR LISTA: C. Unidad por Chile] Postura tomada del vector base de la coalicion sin desviacion. Data sintetica. NO es declaracion personal del candidato. Ver dataset/README.md.,https://es.wikipedia.org/wiki/Unidad_por_Chile
Cicardini Milla,Daniella,Socialista de Chile,13,El Senado debe declarar por ley las zonas de sacrificio como,4,[INFERIDO POR LISTA: C. Unidad por Chile] Postura tomada del vector base de la coalicion sin desviacion. Data sintetica. NO es declaracion personal del candidato. Ver dataset/README.md.,https://es.wikipedia.org/wiki/Unidad_por_Chile
Cicardini Milla,Daniella,Socialista de Chile,14,El Senado debe aprobar la modernizacion de la Ley Antiterror,2,[INFERIDO POR LISTA: C. Unidad por Chile] Postura tomada del vector base de la coalicion sin desviacion. Data sintetica. NO es declaracion personal del candidato. Ver dataset/README.md.,https://es.wikipedia.org/wiki/Unidad_por_Chile
Cicardini Milla,Daniella,Socialista de Chile,15,El Senado debe incluir escanos reservados permanentes para r,4,[INFERIDO POR LISTA: C. Unidad por Chile] Postura tomada del vector base de la coalicion sin desviacion. Data sintetica. NO es declaracion personal del candidato. Ver dataset/README.md.,https://es.wikipedia.org/wiki/Unidad_por_Chile
Astudillo Peiretti,Danisa,Socialista de Chile,1,"El Senado debe mantenerse como camara revisora del Congreso,",4,[INFERIDO POR LISTA: C. Unidad por Chile] Postura tomada del vector base de la coalicion sin desviacion. Data sintetica. NO es declaracion personal del candidato. Ver dataset/README.md.,https://es.wikipedia.org/wiki/Unidad_por_Chile
Astudillo Peiretti,Danisa,Socialista de Chile,2,El Senado debe endurecer el proceso de aprobacion de nombram,5,"[INFERIDO POR LISTA: C. Unidad por Chile] Base coalicion=4, candidato=5 (RUIDO +1 deterministico). Refleja variacion intra-partido no verificada. Data sintetica. NO es declaracion personal del candidato. Ver dataset/README.md.",https://es.wikipedia.org/wiki/Unidad_por_Chile
Astudillo Peiretti,Danisa,Socialista de Chile,3,El Senado debe aprobar por ley una limitacion a dos periodos,3,[INFERIDO POR LISTA: C. Unidad por Chile] Postura tomada del vector base de la coalicion sin desviacion. Data sintetica. NO es declaracion personal del candidato. Ver dataset/README.md.,https://es.wikipedia.org/wiki/Unidad_por_Chile
Astudillo Peiretti,Danisa,Socialista de Chile,4,Chile debe restaurar el quorum de dos tercios para reformas ,2,[INFERIDO POR LISTA: C. Unidad por Chile] Postura tomada del vector base de la coalicion sin desviacion. Data sintetica. NO es declaracion personal del candidato. Ver dataset/README.md.,https://es.wikipedia.org/wiki/Unidad_por_Chile
Astudillo Peiretti,Danisa,Socialista de Chile,5,El Senado debe reducirse de 50 a 43 escanos para racionaliza,2,[INFERIDO POR LISTA: C. Unidad por Chile] Postura tomada del vector base de la coalicion sin desviacion. Data sintetica. NO es declaracion personal del candidato. Ver dataset/README.md.,https://es.wikipedia.org/wiki/Unidad_por_Chile
Astudillo Peiretti,Danisa,Socialista de Chile,6,El Senado debe promover el retiro de Chile del Tratado Integ,3,[INFERIDO POR LISTA: C. Unidad por Chile] Postura tomada del vector base de la coalicion sin desviacion. Data sintetica. NO es declaracion personal del candidato. Ver dataset/README.md.,https://es.wikipedia.org/wiki/Unidad_por_Chile
Astudillo Peiretti,Danisa,Socialista de Chile,7,El Senado debe aprobar el reconocimiento formal del Estado d,4,[INFERIDO POR LISTA: C. Unidad por Chile] Postura tomada del vector base de la coalicion sin desviacion. Data sintetica. NO es declaracion personal del candidato. Ver dataset/README.md.,https://es.wikipedia.org/wiki/Unidad_por_Chile
Astudillo Peiretti,Danisa,Socialista de Chile,8,Chile debe mantenerse dentro del Tratado Interamericano de A,3,"[INFERIDO POR LISTA: C. Unidad por Chile] Base coalicion=2, candidato=3 (RUIDO +1 deterministico). Refleja variacion intra-partido no verificada. Data sintetica. NO es declaracion personal del candidato. Ver dataset/README.md.",https://es.wikipedia.org/wiki/Unidad_por_Chile
Astudillo Peiretti,Danisa,Socialista de Chile,9,El Senado debe aprobar la reforma previsional aumentando el ,5,[INFERIDO POR LISTA: C. Unidad por Chile] Postura tomada del vector base de la coalicion sin desviacion. Data sintetica. NO es declaracion personal del candidato. Ver dataset/README.md.,https://es.wikipedia.org/wiki/Unidad_por_Chile
Astudillo Peiretti,Danisa,Socialista de Chile,10,"El royalty minero al cobre debe aumentarse por sobre el 4,7%",3,"[INFERIDO POR LISTA: C. Unidad por Chile] Base coalicion=4, candidato=3 (RUIDO -1 deterministico). Refleja variacion intra-partido no verificada. Data sintetica. NO es declaracion personal del candidato. Ver dataset/README.md.",https://es.wikipedia.org/wiki/Unidad_por_Chile
Astudillo Peiretti,Danisa,Socialista de Chile,11,"El Senado debe aprobar el fin del sistema de isapres, migran",4,[INFERIDO POR LISTA: C. Unidad por Chile] Postura tomada del vector base de la coalicion sin desviacion. Data sintetica. NO es declaracion personal del candidato. Ver dataset/README.md.,https://es.wikipedia.org/wiki/Unidad_por_Chile
Astudillo Peiretti,Danisa,Socialista de Chile,12,El Senado debe aprobar el proyecto de eutanasia activa volun,3,"[INFERIDO POR LISTA: C. Unidad por Chile] Base coalicion=4, candidato=3 (RUIDO -1 deterministico). Refleja variacion intra-partido no verificada. Data sintetica. NO es declaracion personal del candidato. Ver dataset/README.md.",https://es.wikipedia.org/wiki/Unidad_por_Chile
Astudillo Peiretti,Danisa,Socialista de Chile,14,El Senado debe aprobar la modernizacion de la Ley Antiterror,1,"[INFERIDO POR LISTA: C. Unidad por Chile] Base coalicion=2, candidato=1 (RUIDO -1 deterministico). Refleja variacion intra-partido no verificada. Data sintetica. NO es declaracion personal del candidato. Ver dataset/README.md.",https://es.wikipedia.org/wiki/Unidad_por_Chile
Astudillo Peiretti,Danisa,Socialista de Chile,15,El Senado debe incluir escanos reservados permanentes para r,4,[INFERIDO POR LISTA: C. Unidad por Chile] Postura tomada del vector base de la coalicion sin desviacion. Data sintetica. NO es declaracion personal del candidato. Ver dataset/README.md.,https://es.wikipedia.org/wiki/Unidad_por_Chile
Huenchumilla Jaramillo,Francisco,Demócrata Cristiano,2,El Senado debe endurecer el proceso de aprobacion de nombram,4,[INFERIDO POR LISTA: C. Unidad por Chile] Postura tomada del vector base de la coalicion sin desviacion. Data sintetica. NO es declaracion personal del candidato. Ver dataset/README.md.,https://es.wikipedia.org/wiki/Unidad_por_Chile
Huenchumilla Jaramillo,Francisco,Demócrata Cristiano,3,El Senado debe aprobar por ley una limitacion a dos periodos,3,[INFERIDO POR LISTA: C. Unidad por Chile] Postura tomada del vector base de la coalicion sin desviacion. Data sintetica. NO es declaracion personal del candidato. Ver dataset/README.md.,https://es.wikipedia.org/wiki/Unidad_por_Chile
Huenchumilla Jaramillo,Francisco,Demócrata Cristiano,4,Chile debe restaurar el quorum de dos tercios para reformas ,2,[INFERIDO POR LISTA: C. Unidad por Chile] Postura tomada del vector base de la coalicion sin desviacion. Data sintetica. NO es declaracion personal del candidato. Ver dataset/README.md.,https://es.wikipedia.org/wiki/Unidad_por_Chile
Huenchumilla Jaramillo,Francisco,Demócrata Cristiano,5,El Senado debe reducirse de 50 a 43 escanos para racionaliza,2,[INFERIDO POR LISTA: C. Unidad por Chile] Postura tomada del vector base de la coalicion sin desviacion. Data sintetica. NO es declaracion personal del candidato. Ver dataset/README.md.,https://es.wikipedia.org/wiki/Unidad_por_Chile
Huenchumilla Jaramillo,Francisco,Demócrata Cristiano,6,El Senado debe promover el retiro de Chile del Tratado Integ,3,[INFERIDO POR LISTA: C. Unidad por Chile] Postura tomada del vector base de la coalicion sin desviacion. Data sintetica. NO es declaracion personal del candidato. Ver dataset/README.md.,https://es.wikipedia.org/wiki/Unidad_por_Chile
Huenchumilla Jaramillo,Francisco,Demócrata Cristiano,7,El Senado debe aprobar el reconocimiento formal del Estado d,4,[INFERIDO POR LISTA: C. Unidad por Chile] Postura tomada del vector base de la coalicion sin desviacion. Data sintetica. NO es declaracion personal del candidato. Ver dataset/README.md.,https://es.wikipedia.org/wiki/Unidad_por_Chile
Huenchumilla Jaramillo,Francisco,Demócrata Cristiano,8,Chile debe mantenerse dentro del Tratado Interamericano de A,2,[INFERIDO POR LISTA: C. Unidad por Chile] Postura tomada del vector base de la coalicion sin desviacion. Data sintetica. NO es declaracion personal del candidato. Ver dataset/README.md.,https://es.wikipedia.org/wiki/Unidad_por_Chile
Huenchumilla Jaramillo,Francisco,Demócrata Cristiano,9,El Senado debe aprobar la reforma previsional aumentando el ,5,[INFERIDO POR LISTA: C. Unidad por Chile] Postura tomada del vector base de la coalicion sin desviacion. Data sintetica. NO es declaracion personal del candidato. Ver dataset/README.md.,https://es.wikipedia.org/wiki/Unidad_por_Chile
Huenchumilla Jaramillo,Francisco,Demócrata Cristiano,10,"El royalty minero al cobre debe aumentarse por sobre el 4,7%",3,"[INFERIDO POR LISTA: C. Unidad por Chile] Base coalicion=4, candidato=3 (RUIDO -1 deterministico). Refleja variacion intra-partido no verificada. Data sintetica. NO es declaracion personal del candidato. Ver dataset/README.md.",https://es.wikipedia.org/wiki/Unidad_por_Chile
Huenchumilla Jaramillo,Francisco,Demócrata Cristiano,11,"El Senado debe aprobar el fin del sistema de isapres, migran",3,[INFERIDO POR PARTIDO: Demócrata Cristiano] Postura tomada del vector base de la coalicion sin desviacion. Data sintetica. NO es declaracion personal del candidato. Ver dataset/README.md.,https://es.wikipedia.org/wiki/Unidad_por_Chile
Huenchumilla Jaramillo,Francisco,Demócrata Cristiano,12,El Senado debe aprobar el proyecto de eutanasia activa volun,2,[INFERIDO POR PARTIDO: Demócrata Cristiano] Postura tomada del vector base de la coalicion sin desviacion. Data sintetica. NO es declaracion personal del candidato. Ver dataset/README.md.,https://es.wikipedia.org/wiki/Unidad_por_Chile
Huenchumilla Jaramillo,Francisco,Demócrata Cristiano,13,El Senado debe declarar por ley las zonas de sacrificio como,3,"[INFERIDO POR LISTA: C. Unidad por Chile] Base coalicion=4, candidato=3 (RUIDO -1 deterministico). Refleja variacion intra-partido no verificada. Data sintetica. NO es declaracion personal del candidato. Ver dataset/README.md.",https://es.wikipedia.org/wiki/Unidad_por_Chile
Huenchumilla Jaramillo,Francisco,Demócrata Cristiano,14,El Senado debe aprobar la modernizacion de la Ley Antiterror,2,[INFERIDO POR LISTA: C. Unidad por Chile] Postura tomada del vector base de la coalicion sin desviacion. Data sintetica. NO es declaracion personal del candidato. Ver dataset/README.md.,https://es.wikipedia.org/wiki/Unidad_por_Chile
Huenchumilla Jaramillo,Francisco,Demócrata Cristiano,15,El Senado debe incluir escanos reservados permanentes para r,2,"[INFERIDO POR PARTIDO: Demócrata Cristiano] Base coalicion=3, candidato=2 (RUIDO -1 deterministico). Refleja variacion intra-partido no verificada. Data sintetica. NO es declaracion personal del candidato. Ver dataset/README.md.",https://es.wikipedia.org/wiki/Unidad_por_Chile
Prieto Navarrete,Gonzalo,Por La Democracia,2,El Senado debe endurecer el proceso de aprobacion de nombram,4,[INFERIDO POR LISTA: C. Unidad por Chile] Postura tomada del vector base de la coalicion sin desviacion. Data sintetica. NO es declaracion personal del candidato. Ver dataset/README.md.,https://es.wikipedia.org/wiki/Unidad_por_Chile
Prieto Navarrete,Gonzalo,Por La Democracia,3,El Senado debe aprobar por ley una limitacion a dos periodos,4,"[INFERIDO POR LISTA: C. Unidad por Chile] Base coalicion=3, candidato=4 (RUIDO +1 deterministico). Refleja variacion intra-partido no verificada. Data sintetica. NO es declaracion personal del candidato. Ver dataset/README.md.",https://es.wikipedia.org/wiki/Unidad_por_Chile
Prieto Navarrete,Gonzalo,Por La Democracia,4,Chile debe restaurar el quorum de dos tercios para reformas ,1,"[INFERIDO POR LISTA: C. Unidad por Chile] Base coalicion=2, candidato=1 (RUIDO -1 deterministico). Refleja variacion intra-partido no verificada. Data sintetica. NO es declaracion personal del candidato. Ver dataset/README.md.",https://es.wikipedia.org/wiki/Unidad_por_Chile
Prieto Navarrete,Gonzalo,Por La Democracia,5,El Senado debe reducirse de 50 a 43 escanos para racionaliza,3,"[INFERIDO POR LISTA: C. Unidad por Chile] Base coalicion=2, candidato=3 (RUIDO +1 deterministico). Refleja variacion intra-partido no verificada. Data sintetica. NO es declaracion personal del candidato. Ver dataset/README.md.",https://es.wikipedia.org/wiki/Unidad_por_Chile
Prieto Navarrete,Gonzalo,Por La Democracia,6,El Senado debe promover el retiro de Chile del Tratado Integ,3,[INFERIDO POR LISTA: C. Unidad por Chile] Postura tomada del vector base de la coalicion sin desviacion. Data sintetica. NO es declaracion personal del candidato. Ver dataset/README.md.,https://es.wikipedia.org/wiki/Unidad_por_Chile
Prieto Navarrete,Gonzalo,Por La Democracia,7,El Senado debe aprobar el reconocimiento formal del Estado d,4,[INFERIDO POR LISTA: C. Unidad por Chile] Postura tomada del vector base de la coalicion sin desviacion. Data sintetica. NO es declaracion personal del candidato. Ver dataset/README.md.,https://es.wikipedia.org/wiki/Unidad_por_Chile
Prieto Navarrete,Gonzalo,Por La Democracia,8,Chile debe mantenerse dentro del Tratado Interamericano de A,2,[INFERIDO POR LISTA: C. Unidad por Chile] Postura tomada del vector base de la coalicion sin desviacion. Data sintetica. NO es declaracion personal del candidato. Ver dataset/README.md.,https://es.wikipedia.org/wiki/Unidad_por_Chile
Prieto Navarrete,Gonzalo,Por La Democracia,9,El Senado debe aprobar la reforma previsional aumentando el ,4,"[INFERIDO POR LISTA: C. Unidad por Chile] Base coalicion=5, candidato=4 (RUIDO -1 deterministico). Refleja variacion intra-partido no verificada. Data sintetica. NO es declaracion personal del candidato. Ver dataset/README.md.",https://es.wikipedia.org/wiki/Unidad_por_Chile
Prieto Navarrete,Gonzalo,Por La Democracia,10,"El royalty minero al cobre debe aumentarse por sobre el 4,7%",4,[INFERIDO POR LISTA: C. Unidad por Chile] Postura tomada del vector base de la coalicion sin desviacion. Data sintetica. NO es declaracion personal del candidato. Ver dataset/README.md.,https://es.wikipedia.org/wiki/Unidad_por_Chile
Prieto Navarrete,Gonzalo,Por La Democracia,13,El Senado debe declarar por ley las zonas de sacrificio como,4,[INFERIDO POR LISTA: C. Unidad por Chile] Postura tomada del vector base de la coalicion sin desviacion. Data sintetica. NO es declaracion personal del candidato. Ver dataset/README.md.,https://es.wikipedia.org/wiki/Unidad_por_Chile
Prieto Navarrete,Gonzalo,Por La Democracia,14,El Senado debe aprobar la modernizacion de la Ley Antiterror,1,"[INFERIDO POR LISTA: C. Unidad por Chile] Base coalicion=2, candidato=1 (RUIDO -1 deterministico). Refleja variacion intra-partido no verificada. Data sintetica. NO es declaracion personal del candidato. Ver dataset/README.md.",https://es.wikipedia.org/wiki/Unidad_por_Chile
Prieto Navarrete,Gonzalo,Por La Democracia,15,El Senado debe incluir escanos reservados permanentes para r,3,"[INFERIDO POR LISTA: C. Unidad por Chile] Base coalicion=4, candidato=3 (RUIDO -1 deterministico). Refleja variacion intra-partido no verificada. Data sintetica. NO es declaracion personal del candidato. Ver dataset/README.md.",https://es.wikipedia.org/wiki/Unidad_por_Chile
Mirosevic Verdugo,Vlado,Liberal de Chile,1,"El Senado debe mantenerse como camara revisora del Congreso,",4,[INFERIDO POR LISTA: C. Unidad por Chile] Postura tomada del vector base de la coalicion sin desviacion. Data sintetica. NO es declaracion personal del candidato. Ver dataset/README.md.,https://es.wikipedia.org/wiki/Unidad_por_Chile
Mirosevic Verdugo,Vlado,Liberal de Chile,2,El Senado debe endurecer el proceso de aprobacion de nombram,4,[INFERIDO POR LISTA: C. Unidad por Chile] Postura tomada del vector base de la coalicion sin desviacion. Data sintetica. NO es declaracion personal del candidato. Ver dataset/README.md.,https://es.wikipedia.org/wiki/Unidad_por_Chile
Mirosevic Verdugo,Vlado,Liberal de Chile,3,El Senado debe aprobar por ley una limitacion a dos periodos,3,[INFERIDO POR LISTA: C. Unidad por Chile] Postura tomada del vector base de la coalicion sin desviacion. Data sintetica. NO es declaracion personal del candidato. Ver dataset/README.md.,https://es.wikipedia.org/wiki/Unidad_por_Chile
Mirosevic Verdugo,Vlado,Liberal de Chile,4,Chile debe restaurar el quorum de dos tercios para reformas ,1,"[INFERIDO POR LISTA: C. Unidad por Chile] Base coalicion=2, candidato=1 (RUIDO -1 deterministico). Refleja variacion intra-partido no verificada. Data sintetica. NO es declaracion personal del candidato. Ver dataset/README.md.",https://es.wikipedia.org/wiki/Unidad_por_Chile
Mirosevic Verdugo,Vlado,Liberal de Chile,5,El Senado debe reducirse de 50 a 43 escanos para racionaliza,1,"[INFERIDO POR LISTA: C. Unidad por Chile] Base coalicion=2, candidato=1 (RUIDO -1 deterministico). Refleja variacion intra-partido no verificada. Data sintetica. NO es declaracion personal del candidato. Ver dataset/README.md.",https://es.wikipedia.org/wiki/Unidad_por_Chile
Mirosevic Verdugo,Vlado,Liberal de Chile,6,El Senado debe promover el retiro de Chile del Tratado Integ,3,[INFERIDO POR LISTA: C. Unidad por Chile] Postura tomada del vector base de la coalicion sin desviacion. Data sintetica. NO es declaracion personal del candidato. Ver dataset/README.md.,https://es.wikipedia.org/wiki/Unidad_por_Chile
Mirosevic Verdugo,Vlado,Liberal de Chile,7,El Senado debe aprobar el reconocimiento formal del Estado d,3,"[INFERIDO POR LISTA: C. Unidad por Chile] Base coalicion=4, candidato=3 (RUIDO -1 deterministico). Refleja variacion intra-partido no verificada. Data sintetica. NO es declaracion personal del candidato. Ver dataset/README.md.",https://es.wikipedia.org/wiki/Unidad_por_Chile
Mirosevic Verdugo,Vlado,Liberal de Chile,8,Chile debe mantenerse dentro del Tratado Interamericano de A,2,[INFERIDO POR LISTA: C. Unidad por Chile] Postura tomada del vector base de la coalicion sin desviacion. Data sintetica. NO es declaracion personal del candidato. Ver dataset/README.md.,https://es.wikipedia.org/wiki/Unidad_por_Chile
Mirosevic Verdugo,Vlado,Liberal de Chile,9,El Senado debe aprobar la reforma previsional aumentando el ,5,[INFERIDO POR LISTA: C. Unidad por Chile] Postura tomada del vector base de la coalicion sin desviacion. Data sintetica. NO es declaracion personal del candidato. Ver dataset/README.md.,https://es.wikipedia.org/wiki/Unidad_por_Chile
Mirosevic Verdugo,Vlado,Liberal de Chile,10,"El royalty minero al cobre debe aumentarse por sobre el 4,7%",4,[INFERIDO POR LISTA: C. Unidad por Chile] Postura tomada del vector base de la coalicion sin desviacion. Data sintetica. NO es declaracion personal del candidato. Ver dataset/README.md.,https://es.wikipedia.org/wiki/Unidad_por_Chile
Mirosevic Verdugo,Vlado,Liberal de Chile,11,"El Senado debe aprobar el fin del sistema de isapres, migran",3,"[INFERIDO POR LISTA: C. Unidad por Chile] Base coalicion=4, candidato=3 (RUIDO -1 deterministico). Refleja variacion intra-partido no verificada. Data sintetica. NO es declaracion personal del candidato. Ver dataset/README.md.",https://es.wikipedia.org/wiki/Unidad_por_Chile
Mirosevic Verdugo,Vlado,Liberal de Chile,12,El Senado debe aprobar el proyecto de eutanasia activa volun,3,"[INFERIDO POR LISTA: C. Unidad por Chile] Base coalicion=4, candidato=3 (RUIDO -1 deterministico). Refleja variacion intra-partido no verificada. Data sintetica. NO es declaracion personal del candidato. Ver dataset/README.md.",https://es.wikipedia.org/wiki/Unidad_por_Chile
Mirosevic Verdugo,Vlado,Liberal de Chile,13,El Senado debe declarar por ley las zonas de sacrificio como,4,[INFERIDO POR LISTA: C. Unidad por Chile] Postura tomada del vector base de la coalicion sin desviacion. Data sintetica. NO es declaracion personal del candidato. Ver dataset/README.md.,https://es.wikipedia.org/wiki/Unidad_por_Chile
Mirosevic Verdugo,Vlado,Liberal de Chile,14,El Senado debe aprobar la modernizacion de la Ley Antiterror,2,[INFERIDO POR LISTA: C. Unidad por Chile] Postura tomada del vector base de la coalicion sin desviacion. Data sintetica. NO es declaracion personal del candidato. Ver dataset/README.md.,https://es.wikipedia.org/wiki/Unidad_por_Chile
Ordenes Neira,Ximena,Independiente Por La Democracia,2,El Senado debe endurecer el proceso de aprobacion de nombram,4,[INFERIDO POR LISTA: C. Unidad por Chile] Postura tomada del vector base de la coalicion sin desviacion. Data sintetica. NO es declaracion personal del candidato. Ver dataset/README.md.,https://es.wikipedia.org/wiki/Unidad_por_Chile
Ordenes Neira,Ximena,Independiente Por La Democracia,3,El Senado debe aprobar por ley una limitacion a dos periodos,3,[INFERIDO POR LISTA: C. Unidad por Chile] Postura tomada del vector base de la coalicion sin desviacion. Data sintetica. NO es declaracion personal del candidato. Ver dataset/README.md.,https://es.wikipedia.org/wiki/Unidad_por_Chile
Ordenes Neira,Ximena,Independiente Por La Democracia,4,Chile debe restaurar el quorum de dos tercios para reformas ,3,"[INFERIDO POR LISTA: C. Unidad por Chile] Base coalicion=2, candidato=3 (RUIDO +1 deterministico). Refleja variacion intra-partido no verificada. Data sintetica. NO es declaracion personal del candidato. Ver dataset/README.md.",https://es.wikipedia.org/wiki/Unidad_por_Chile
Ordenes Neira,Ximena,Independiente Por La Democracia,5,El Senado debe reducirse de 50 a 43 escanos para racionaliza,2,[INFERIDO POR LISTA: C. Unidad por Chile] Postura tomada del vector base de la coalicion sin desviacion. Data sintetica. NO es declaracion personal del candidato. Ver dataset/README.md.,https://es.wikipedia.org/wiki/Unidad_por_Chile
Ordenes Neira,Ximena,Independiente Por La Democracia,6,El Senado debe promover el retiro de Chile del Tratado Integ,3,[INFERIDO POR LISTA: C. Unidad por Chile] Postura tomada del vector base de la coalicion sin desviacion. Data sintetica. NO es declaracion personal del candidato. Ver dataset/README.md.,https://es.wikipedia.org/wiki/Unidad_por_Chile
Ordenes Neira,Ximena,Independiente Por La Democracia,7,El Senado debe aprobar el reconocimiento formal del Estado d,4,[INFERIDO POR LISTA: C. Unidad por Chile] Postura tomada del vector base de la coalicion sin desviacion. Data sintetica. NO es declaracion personal del candidato. Ver dataset/README.md.,https://es.wikipedia.org/wiki/Unidad_por_Chile
Ordenes Neira,Ximena,Independiente Por La Democracia,8,Chile debe mantenerse dentro del Tratado Interamericano de A,2,[INFERIDO POR LISTA: C. Unidad por Chile] Postura tomada del vector base de la coalicion sin desviacion. Data sintetica. NO es declaracion personal del candidato. Ver dataset/README.md.,https://es.wikipedia.org/wiki/Unidad_por_Chile
Ordenes Neira,Ximena,Independiente Por La Democracia,9,El Senado debe aprobar la reforma previsional aumentando el ,5,[INFERIDO POR LISTA: C. Unidad por Chile] Postura tomada del vector base de la coalicion sin desviacion. Data sintetica. NO es declaracion personal del candidato. Ver dataset/README.md.,https://es.wikipedia.org/wiki/Unidad_por_Chile
Ordenes Neira,Ximena,Independiente Por La Democracia,10,"El royalty minero al cobre debe aumentarse por sobre el 4,7%",4,[INFERIDO POR LISTA: C. Unidad por Chile] Postura tomada del vector base de la coalicion sin desviacion. Data sintetica. NO es declaracion personal del candidato. Ver dataset/README.md.,https://es.wikipedia.org/wiki/Unidad_por_Chile
Ordenes Neira,Ximena,Independiente Por La Democracia,11,"El Senado debe aprobar el fin del sistema de isapres, migran",4,[INFERIDO POR LISTA: C. Unidad por Chile] Postura tomada del vector base de la coalicion sin desviacion. Data sintetica. NO es declaracion personal del candidato. Ver dataset/README.md.,https://es.wikipedia.org/wiki/Unidad_por_Chile
Ordenes Neira,Ximena,Independiente Por La Democracia,13,El Senado debe declarar por ley las zonas de sacrificio como,5,"[INFERIDO POR LISTA: C. Unidad por Chile] Base coalicion=4, candidato=5 (RUIDO +1 deterministico). Refleja variacion intra-partido no verificada. Data sintetica. NO es declaracion personal del candidato. Ver dataset/README.md.",https://es.wikipedia.org/wiki/Unidad_por_Chile
Ordenes Neira,Ximena,Independiente Por La Democracia,14,El Senado debe aprobar la modernizacion de la Ley Antiterror,2,[INFERIDO POR LISTA: C. Unidad por Chile] Postura tomada del vector base de la coalicion sin desviacion. Data sintetica. NO es declaracion personal del candidato. Ver dataset/README.md.,https://es.wikipedia.org/wiki/Unidad_por_Chile
Ordenes Neira,Ximena,Independiente Por La Democracia,15,El Senado debe incluir escanos reservados permanentes para r,4,[INFERIDO POR LISTA: C. Unidad por Chile] Postura tomada del vector base de la coalicion sin desviacion. Data sintetica. NO es declaracion personal del candidato. Ver dataset/README.md.,https://es.wikipedia.org/wiki/Unidad_por_Chile
Hertz Cadiz,Carmen,Comunista de Chile,1,"El Senado debe mantenerse como camara revisora del Congreso,",3,"[INFERIDO POR LISTA: C. Unidad por Chile] Base coalicion=4, candidato=3 (RUIDO -1 deterministico). Refleja variacion intra-partido no verificada. Data sintetica. NO es declaracion personal del candidato. Ver dataset/README.md.",https://es.wikipedia.org/wiki/Unidad_por_Chile
Hertz Cadiz,Carmen,Comunista de Chile,2,El Senado debe endurecer el proceso de aprobacion de nombram,4,[INFERIDO POR LISTA: C. Unidad por Chile] Postura tomada del vector base de la coalicion sin desviacion. Data sintetica. NO es declaracion personal del candidato. Ver dataset/README.md.,https://es.wikipedia.org/wiki/Unidad_por_Chile
Hertz Cadiz,Carmen,Comunista de Chile,3,El Senado debe aprobar por ley una limitacion a dos periodos,3,[INFERIDO POR LISTA: C. Unidad por Chile] Postura tomada del vector base de la coalicion sin desviacion. Data sintetica. NO es declaracion personal del candidato. Ver dataset/README.md.,https://es.wikipedia.org/wiki/Unidad_por_Chile
Hertz Cadiz,Carmen,Comunista de Chile,4,Chile debe restaurar el quorum de dos tercios para reformas ,2,[INFERIDO POR LISTA: C. Unidad por Chile] Postura tomada del vector base de la coalicion sin desviacion. Data sintetica. NO es declaracion personal del candidato. Ver dataset/README.md.,https://es.wikipedia.org/wiki/Unidad_por_Chile
Hertz Cadiz,Carmen,Comunista de Chile,5,El Senado debe reducirse de 50 a 43 escanos para racionaliza,2,[INFERIDO POR LISTA: C. Unidad por Chile] Postura tomada del vector base de la coalicion sin desviacion. Data sintetica. NO es declaracion personal del candidato. Ver dataset/README.md.,https://es.wikipedia.org/wiki/Unidad_por_Chile
Hertz Cadiz,Carmen,Comunista de Chile,6,El Senado debe promover el retiro de Chile del Tratado Integ,3,[INFERIDO POR LISTA: C. Unidad por Chile] Postura tomada del vector base de la coalicion sin desviacion. Data sintetica. NO es declaracion personal del candidato. Ver dataset/README.md.,https://es.wikipedia.org/wiki/Unidad_por_Chile
Hertz Cadiz,Carmen,Comunista de Chile,7,El Senado debe aprobar el reconocimiento formal del Estado d,4,[INFERIDO POR LISTA: C. Unidad por Chile] Postura tomada del vector base de la coalicion sin desviacion. Data sintetica. NO es declaracion personal del candidato. Ver dataset/README.md.,https://es.wikipedia.org/wiki/Unidad_por_Chile
Hertz Cadiz,Carmen,Comunista de Chile,8,Chile debe mantenerse dentro del Tratado Interamericano de A,2,[INFERIDO POR LISTA: C. Unidad por Chile] Postura tomada del vector base de la coalicion sin desviacion. Data sintetica. NO es declaracion personal del candidato. Ver dataset/README.md.,https://es.wikipedia.org/wiki/Unidad_por_Chile
Hertz Cadiz,Carmen,Comunista de Chile,9,El Senado debe aprobar la reforma previsional aumentando el ,5,[INFERIDO POR LISTA: C. Unidad por Chile] Postura tomada del vector base de la coalicion sin desviacion. Data sintetica. NO es declaracion personal del candidato. Ver dataset/README.md.,https://es.wikipedia.org/wiki/Unidad_por_Chile
Hertz Cadiz,Carmen,Comunista de Chile,10,"El royalty minero al cobre debe aumentarse por sobre el 4,7%",5,"[INFERIDO POR LISTA: C. Unidad por Chile] Base coalicion=4, candidato=5 (RUIDO +1 deterministico). Refleja variacion intra-partido no verificada. Data sintetica. NO es declaracion personal del candidato. Ver dataset/README.md.",https://es.wikipedia.org/wiki/Unidad_por_Chile
Hertz Cadiz,Carmen,Comunista de Chile,12,El Senado debe aprobar el proyecto de eutanasia activa volun,3,"[INFERIDO POR LISTA: C. Unidad por Chile] Base coalicion=4, candidato=3 (RUIDO -1 deterministico). Refleja variacion intra-partido no verificada. Data sintetica. NO es declaracion personal del candidato. Ver dataset/README.md.",https://es.wikipedia.org/wiki/Unidad_por_Chile
Hertz Cadiz,Carmen,Comunista de Chile,13,El Senado debe declarar por ley las zonas de sacrificio como,4,[INFERIDO POR LISTA: C. Unidad por Chile] Postura tomada del vector base de la coalicion sin desviacion. Data sintetica. NO es declaracion personal del candidato. Ver dataset/README.md.,https://es.wikipedia.org/wiki/Unidad_por_Chile
Hertz Cadiz,Carmen,Comunista de Chile,14,El Senado debe aprobar la modernizacion de la Ley Antiterror,1,[INFERIDO POR PARTIDO: Comunista de Chile] Postura tomada del vector base de la coalicion sin desviacion. Data sintetica. NO es declaracion personal del candidato. Ver dataset/README.md.,https://es.wikipedia.org/wiki/Unidad_por_Chile
Hertz Cadiz,Carmen,Comunista de Chile,15,El Senado debe incluir escanos reservados permanentes para r,4,[INFERIDO POR LISTA: C. Unidad por Chile] Postura tomada del vector base de la coalicion sin desviacion. Data sintetica. NO es declaracion personal del candidato. Ver dataset/README.md.,https://es.wikipedia.org/wiki/Unidad_por_Chile
Loncon Antileo,Elisa,Independiente Comunista de Chile,1,"El Senado debe mantenerse como camara revisora del Congreso,",4,[INFERIDO POR LISTA: C. Unidad por Chile] Postura tomada del vector base de la coalicion sin desviacion. Data sintetica. NO es declaracion personal del candidato. Ver dataset/README.md.,https://es.wikipedia.org/wiki/Unidad_por_Chile
Loncon Antileo,Elisa,Independiente Comunista de Chile,2,El Senado debe endurecer el proceso de aprobacion de nombram,5,"[INFERIDO POR LISTA: C. Unidad por Chile] Base coalicion=4, candidato=5 (RUIDO +1 deterministico). Refleja variacion intra-partido no verificada. Data sintetica. NO es declaracion personal del candidato. Ver dataset/README.md.",https://es.wikipedia.org/wiki/Unidad_por_Chile
Loncon Antileo,Elisa,Independiente Comunista de Chile,4,Chile debe restaurar el quorum de dos tercios para reformas ,1,"[INFERIDO POR LISTA: C. Unidad por Chile] Base coalicion=2, candidato=1 (RUIDO -1 deterministico). Refleja variacion intra-partido no verificada. Data sintetica. NO es declaracion personal del candidato. Ver dataset/README.md.",https://es.wikipedia.org/wiki/Unidad_por_Chile
Loncon Antileo,Elisa,Independiente Comunista de Chile,5,El Senado debe reducirse de 50 a 43 escanos para racionaliza,2,[INFERIDO POR LISTA: C. Unidad por Chile] Postura tomada del vector base de la coalicion sin desviacion. Data sintetica. NO es declaracion personal del candidato. Ver dataset/README.md.,https://es.wikipedia.org/wiki/Unidad_por_Chile
Loncon Antileo,Elisa,Independiente Comunista de Chile,6,El Senado debe promover el retiro de Chile del Tratado Integ,3,[INFERIDO POR LISTA: C. Unidad por Chile] Postura tomada del vector base de la coalicion sin desviacion. Data sintetica. NO es declaracion personal del candidato. Ver dataset/README.md.,https://es.wikipedia.org/wiki/Unidad_por_Chile
Loncon Antileo,Elisa,Independiente Comunista de Chile,7,El Senado debe aprobar el reconocimiento formal del Estado d,4,[INFERIDO POR LISTA: C. Unidad por Chile] Postura tomada del vector base de la coalicion sin desviacion. Data sintetica. NO es declaracion personal del candidato. Ver dataset/README.md.,https://es.wikipedia.org/wiki/Unidad_por_Chile
Loncon Antileo,Elisa,Independiente Comunista de Chile,10,"El royalty minero al cobre debe aumentarse por sobre el 4,7%",3,"[INFERIDO POR LISTA: C. Unidad por Chile] Base coalicion=4, candidato=3 (RUIDO -1 deterministico). Refleja variacion intra-partido no verificada. Data sintetica. NO es declaracion personal del candidato. Ver dataset/README.md.",https://es.wikipedia.org/wiki/Unidad_por_Chile
Loncon Antileo,Elisa,Independiente Comunista de Chile,11,"El Senado debe aprobar el fin del sistema de isapres, migran",5,"[INFERIDO POR LISTA: C. Unidad por Chile] Base coalicion=4, candidato=5 (RUIDO +1 deterministico). Refleja variacion intra-partido no verificada. Data sintetica. NO es declaracion personal del candidato. Ver dataset/README.md.",https://es.wikipedia.org/wiki/Unidad_por_Chile
Loncon Antileo,Elisa,Independiente Comunista de Chile,12,El Senado debe aprobar el proyecto de eutanasia activa volun,4,[INFERIDO POR LISTA: C. Unidad por Chile] Postura tomada del vector base de la coalicion sin desviacion. Data sintetica. NO es declaracion personal del candidato. Ver dataset/README.md.,https://es.wikipedia.org/wiki/Unidad_por_Chile
Loncon Antileo,Elisa,Independiente Comunista de Chile,13,El Senado debe declarar por ley las zonas de sacrificio como,5,"[INFERIDO POR LISTA: C. Unidad por Chile] Base coalicion=4, candidato=5 (RUIDO +1 deterministico). Refleja variacion intra-partido no verificada. Data sintetica. NO es declaracion personal del candidato. Ver dataset/README.md.",https://es.wikipedia.org/wiki/Unidad_por_Chile
Loncon Antileo,Elisa,Independiente Comunista de Chile,14,El Senado debe aprobar la modernizacion de la Ley Antiterror,1,[INFERIDO POR PARTIDO: Independiente Comunista de Chile] Postura tomada del vector base de la coalicion sin desviacion. Data sintetica. NO es declaracion personal del candidato. Ver dataset/README.md.,https://es.wikipedia.org/wiki/Unidad_por_Chile
Loncon Antileo,Elisa,Independiente Comunista de Chile,15,El Senado debe incluir escanos reservados permanentes para r,3,"[INFERIDO POR LISTA: C. Unidad por Chile] Base coalicion=4, candidato=3 (RUIDO -1 deterministico). Refleja variacion intra-partido no verificada. Data sintetica. NO es declaracion personal del candidato. Ver dataset/README.md.",https://es.wikipedia.org/wiki/Unidad_por_Chile
Gutierrez Galvez,Hugo,Comunista de Chile,1,"El Senado debe mantenerse como camara revisora del Congreso,",4,[INFERIDO POR LISTA: C. Unidad por Chile] Postura tomada del vector base de la coalicion sin desviacion. Data sintetica. NO es declaracion personal del candidato. Ver dataset/README.md.,https://es.wikipedia.org/wiki/Unidad_por_Chile
Gutierrez Galvez,Hugo,Comunista de Chile,2,El Senado debe endurecer el proceso de aprobacion de nombram,4,[INFERIDO POR LISTA: C. Unidad por Chile] Postura tomada del vector base de la coalicion sin desviacion. Data sintetica. NO es declaracion personal del candidato. Ver dataset/README.md.,https://es.wikipedia.org/wiki/Unidad_por_Chile
Gutierrez Galvez,Hugo,Comunista de Chile,3,El Senado debe aprobar por ley una limitacion a dos periodos,4,"[INFERIDO POR LISTA: C. Unidad por Chile] Base coalicion=3, candidato=4 (RUIDO +1 deterministico). Refleja variacion intra-partido no verificada. Data sintetica. NO es declaracion personal del candidato. Ver dataset/README.md.",https://es.wikipedia.org/wiki/Unidad_por_Chile
Gutierrez Galvez,Hugo,Comunista de Chile,4,Chile debe restaurar el quorum de dos tercios para reformas ,2,[INFERIDO POR LISTA: C. Unidad por Chile] Postura tomada del vector base de la coalicion sin desviacion. Data sintetica. NO es declaracion personal del candidato. Ver dataset/README.md.,https://es.wikipedia.org/wiki/Unidad_por_Chile
Gutierrez Galvez,Hugo,Comunista de Chile,5,El Senado debe reducirse de 50 a 43 escanos para racionaliza,2,[INFERIDO POR LISTA: C. Unidad por Chile] Postura tomada del vector base de la coalicion sin desviacion. Data sintetica. NO es declaracion personal del candidato. Ver dataset/README.md.,https://es.wikipedia.org/wiki/Unidad_por_Chile
Gutierrez Galvez,Hugo,Comunista de Chile,6,El Senado debe promover el retiro de Chile del Tratado Integ,3,[INFERIDO POR LISTA: C. Unidad por Chile] Postura tomada del vector base de la coalicion sin desviacion. Data sintetica. NO es declaracion personal del candidato. Ver dataset/README.md.,https://es.wikipedia.org/wiki/Unidad_por_Chile
Gutierrez Galvez,Hugo,Comunista de Chile,8,Chile debe mantenerse dentro del Tratado Interamericano de A,1,"[INFERIDO POR LISTA: C. Unidad por Chile] Base coalicion=2, candidato=1 (RUIDO -1 deterministico). Refleja variacion intra-partido no verificada. Data sintetica. NO es declaracion personal del candidato. Ver dataset/README.md.",https://es.wikipedia.org/wiki/Unidad_por_Chile
Gutierrez Galvez,Hugo,Comunista de Chile,9,El Senado debe aprobar la reforma previsional aumentando el ,4,"[INFERIDO POR LISTA: C. Unidad por Chile] Base coalicion=5, candidato=4 (RUIDO -1 deterministico). Refleja variacion intra-partido no verificada. Data sintetica. NO es declaracion personal del candidato. Ver dataset/README.md.",https://es.wikipedia.org/wiki/Unidad_por_Chile
Gutierrez Galvez,Hugo,Comunista de Chile,10,"El royalty minero al cobre debe aumentarse por sobre el 4,7%",4,[INFERIDO POR LISTA: C. Unidad por Chile] Postura tomada del vector base de la coalicion sin desviacion. Data sintetica. NO es declaracion personal del candidato. Ver dataset/README.md.,https://es.wikipedia.org/wiki/Unidad_por_Chile
Gutierrez Galvez,Hugo,Comunista de Chile,12,El Senado debe aprobar el proyecto de eutanasia activa volun,5,"[INFERIDO POR LISTA: C. Unidad por Chile] Base coalicion=4, candidato=5 (RUIDO +1 deterministico). Refleja variacion intra-partido no verificada. Data sintetica. NO es declaracion personal del candidato. Ver dataset/README.md.",https://es.wikipedia.org/wiki/Unidad_por_Chile
Gutierrez Galvez,Hugo,Comunista de Chile,13,El Senado debe declarar por ley las zonas de sacrificio como,4,[INFERIDO POR LISTA: C. Unidad por Chile] Postura tomada del vector base de la coalicion sin desviacion. Data sintetica. NO es declaracion personal del candidato. Ver dataset/README.md.,https://es.wikipedia.org/wiki/Unidad_por_Chile
Gutierrez Galvez,Hugo,Comunista de Chile,14,El Senado debe aprobar la modernizacion de la Ley Antiterror,1,[INFERIDO POR PARTIDO: Comunista de Chile] Postura tomada del vector base de la coalicion sin desviacion. Data sintetica. NO es declaracion personal del candidato. Ver dataset/README.md.,https://es.wikipedia.org/wiki/Unidad_por_Chile
Laibe Saez,Tomas,Socialista de Chile,2,El Senado debe endurecer el proceso de aprobacion de nombram,4,[INFERIDO POR LISTA: C. Unidad por Chile] Postura tomada del vector base de la coalicion sin desviacion. Data sintetica. NO es declaracion personal del candidato. Ver dataset/README.md.,https://es.wikipedia.org/wiki/Unidad_por_Chile
Laibe Saez,Tomas,Socialista de Chile,3,El Senado debe aprobar por ley una limitacion a dos periodos,3,[INFERIDO POR LISTA: C. Unidad por Chile] Postura tomada del vector base de la coalicion sin desviacion. Data sintetica. NO es declaracion personal del candidato. Ver dataset/README.md.,https://es.wikipedia.org/wiki/Unidad_por_Chile
Laibe Saez,Tomas,Socialista de Chile,4,Chile debe restaurar el quorum de dos tercios para reformas ,2,[INFERIDO POR LISTA: C. Unidad por Chile] Postura tomada del vector base de la coalicion sin desviacion. Data sintetica. NO es declaracion personal del candidato. Ver dataset/README.md.,https://es.wikipedia.org/wiki/Unidad_por_Chile
Laibe Saez,Tomas,Socialista de Chile,5,El Senado debe reducirse de 50 a 43 escanos para racionaliza,2,[INFERIDO POR LISTA: C. Unidad por Chile] Postura tomada del vector base de la coalicion sin desviacion. Data sintetica. NO es declaracion personal del candidato. Ver dataset/README.md.,https://es.wikipedia.org/wiki/Unidad_por_Chile
Laibe Saez,Tomas,Socialista de Chile,6,El Senado debe promover el retiro de Chile del Tratado Integ,3,[INFERIDO POR LISTA: C. Unidad por Chile] Postura tomada del vector base de la coalicion sin desviacion. Data sintetica. NO es declaracion personal del candidato. Ver dataset/README.md.,https://es.wikipedia.org/wiki/Unidad_por_Chile
Laibe Saez,Tomas,Socialista de Chile,7,El Senado debe aprobar el reconocimiento formal del Estado d,5,"[INFERIDO POR LISTA: C. Unidad por Chile] Base coalicion=4, candidato=5 (RUIDO +1 deterministico). Refleja variacion intra-partido no verificada. Data sintetica. NO es declaracion personal del candidato. Ver dataset/README.md.",https://es.wikipedia.org/wiki/Unidad_por_Chile
Laibe Saez,Tomas,Socialista de Chile,8,Chile debe mantenerse dentro del Tratado Interamericano de A,1,"[INFERIDO POR LISTA: C. Unidad por Chile] Base coalicion=2, candidato=1 (RUIDO -1 deterministico). Refleja variacion intra-partido no verificada. Data sintetica. NO es declaracion personal del candidato. Ver dataset/README.md.",https://es.wikipedia.org/wiki/Unidad_por_Chile
Laibe Saez,Tomas,Socialista de Chile,9,El Senado debe aprobar la reforma previsional aumentando el ,4,"[INFERIDO POR LISTA: C. Unidad por Chile] Base coalicion=5, candidato=4 (RUIDO -1 deterministico). Refleja variacion intra-partido no verificada. Data sintetica. NO es declaracion personal del candidato. Ver dataset/README.md.",https://es.wikipedia.org/wiki/Unidad_por_Chile
Laibe Saez,Tomas,Socialista de Chile,11,"El Senado debe aprobar el fin del sistema de isapres, migran",4,[INFERIDO POR LISTA: C. Unidad por Chile] Postura tomada del vector base de la coalicion sin desviacion. Data sintetica. NO es declaracion personal del candidato. Ver dataset/README.md.,https://es.wikipedia.org/wiki/Unidad_por_Chile
Laibe Saez,Tomas,Socialista de Chile,12,El Senado debe aprobar el proyecto de eutanasia activa volun,4,[INFERIDO POR LISTA: C. Unidad por Chile] Postura tomada del vector base de la coalicion sin desviacion. Data sintetica. NO es declaracion personal del candidato. Ver dataset/README.md.,https://es.wikipedia.org/wiki/Unidad_por_Chile
Laibe Saez,Tomas,Socialista de Chile,13,El Senado debe declarar por ley las zonas de sacrificio como,5,"[INFERIDO POR LISTA: C. Unidad por Chile] Base coalicion=4, candidato=5 (RUIDO +1 deterministico). Refleja variacion intra-partido no verificada. Data sintetica. NO es declaracion personal del candidato. Ver dataset/README.md.",https://es.wikipedia.org/wiki/Unidad_por_Chile
Laibe Saez,Tomas,Socialista de Chile,14,El Senado debe aprobar la modernizacion de la Ley Antiterror,3,"[INFERIDO POR LISTA: C. Unidad por Chile] Base coalicion=2, candidato=3 (RUIDO +1 deterministico). Refleja variacion intra-partido no verificada. Data sintetica. NO es declaracion personal del candidato. Ver dataset/README.md.",https://es.wikipedia.org/wiki/Unidad_por_Chile
Cariola Oliva,Karol,Comunista de Chile,1,"El Senado debe mantenerse como camara revisora del Congreso,",4,[INFERIDO POR LISTA: C. Unidad por Chile] Postura tomada del vector base de la coalicion sin desviacion. Data sintetica. NO es declaracion personal del candidato. Ver dataset/README.md.,https://es.wikipedia.org/wiki/Unidad_por_Chile
Cariola Oliva,Karol,Comunista de Chile,2,El Senado debe endurecer el proceso de aprobacion de nombram,3,"[INFERIDO POR LISTA: C. Unidad por Chile] Base coalicion=4, candidato=3 (RUIDO -1 deterministico). Refleja variacion intra-partido no verificada. Data sintetica. NO es declaracion personal del candidato. Ver dataset/README.md.",https://es.wikipedia.org/wiki/Unidad_por_Chile
Cariola Oliva,Karol,Comunista de Chile,3,El Senado debe aprobar por ley una limitacion a dos periodos,3,[INFERIDO POR LISTA: C. Unidad por Chile] Postura tomada del vector base de la coalicion sin desviacion. Data sintetica. NO es declaracion personal del candidato. Ver dataset/README.md.,https://es.wikipedia.org/wiki/Unidad_por_Chile
Cariola Oliva,Karol,Comunista de Chile,4,Chile debe restaurar el quorum de dos tercios para reformas ,2,[INFERIDO POR LISTA: C. Unidad por Chile] Postura tomada del vector base de la coalicion sin desviacion. Data sintetica. NO es declaracion personal del candidato. Ver dataset/README.md.,https://es.wikipedia.org/wiki/Unidad_por_Chile
Cariola Oliva,Karol,Comunista de Chile,5,El Senado debe reducirse de 50 a 43 escanos para racionaliza,2,[INFERIDO POR LISTA: C. Unidad por Chile] Postura tomada del vector base de la coalicion sin desviacion. Data sintetica. NO es declaracion personal del candidato. Ver dataset/README.md.,https://es.wikipedia.org/wiki/Unidad_por_Chile
Cariola Oliva,Karol,Comunista de Chile,6,El Senado debe promover el retiro de Chile del Tratado Integ,3,[INFERIDO POR LISTA: C. Unidad por Chile] Postura tomada del vector base de la coalicion sin desviacion. Data sintetica. NO es declaracion personal del candidato. Ver dataset/README.md.,https://es.wikipedia.org/wiki/Unidad_por_Chile
Cariola Oliva,Karol,Comunista de Chile,7,El Senado debe aprobar el reconocimiento formal del Estado d,5,"[INFERIDO POR LISTA: C. Unidad por Chile] Base coalicion=4, candidato=5 (RUIDO +1 deterministico). Refleja variacion intra-partido no verificada. Data sintetica. NO es declaracion personal del candidato. Ver dataset/README.md.",https://es.wikipedia.org/wiki/Unidad_por_Chile
Cariola Oliva,Karol,Comunista de Chile,8,Chile debe mantenerse dentro del Tratado Interamericano de A,2,[INFERIDO POR LISTA: C. Unidad por Chile] Postura tomada del vector base de la coalicion sin desviacion. Data sintetica. NO es declaracion personal del candidato. Ver dataset/README.md.,https://es.wikipedia.org/wiki/Unidad_por_Chile
Cariola Oliva,Karol,Comunista de Chile,9,El Senado debe aprobar la reforma previsional aumentando el ,4,"[INFERIDO POR LISTA: C. Unidad por Chile] Base coalicion=5, candidato=4 (RUIDO -1 deterministico). Refleja variacion intra-partido no verificada. Data sintetica. NO es declaracion personal del candidato. Ver dataset/README.md.",https://es.wikipedia.org/wiki/Unidad_por_Chile
Cariola Oliva,Karol,Comunista de Chile,10,"El royalty minero al cobre debe aumentarse por sobre el 4,7%",4,[INFERIDO POR LISTA: C. Unidad por Chile] Postura tomada del vector base de la coalicion sin desviacion. Data sintetica. NO es declaracion personal del candidato. Ver dataset/README.md.,https://es.wikipedia.org/wiki/Unidad_por_Chile
Cariola Oliva,Karol,Comunista de Chile,11,"El Senado debe aprobar el fin del sistema de isapres, migran",3,"[INFERIDO POR LISTA: C. Unidad por Chile] Base coalicion=4, candidato=3 (RUIDO -1 deterministico). Refleja variacion intra-partido no verificada. Data sintetica. NO es declaracion personal del candidato. Ver dataset/README.md.",https://es.wikipedia.org/wiki/Unidad_por_Chile
Cariola Oliva,Karol,Comunista de Chile,12,El Senado debe aprobar el proyecto de eutanasia activa volun,5,"[INFERIDO POR LISTA: C. Unidad por Chile] Base coalicion=4, candidato=5 (RUIDO +1 deterministico). Refleja variacion intra-partido no verificada. Data sintetica. NO es declaracion personal del candidato. Ver dataset/README.md.",https://es.wikipedia.org/wiki/Unidad_por_Chile
Cariola Oliva,Karol,Comunista de Chile,13,El Senado debe declarar por ley las zonas de sacrificio como,4,[INFERIDO POR LISTA: C. Unidad por Chile] Postura tomada del vector base de la coalicion sin desviacion. Data sintetica. NO es declaracion personal del candidato. Ver dataset/README.md.,https://es.wikipedia.org/wiki/Unidad_por_Chile
Cariola Oliva,Karol,Comunista de Chile,14,El Senado debe aprobar la modernizacion de la Ley Antiterror,2,"[INFERIDO POR PARTIDO: Comunista de Chile] Base coalicion=1, candidato=2 (RUIDO +1 deterministico). Refleja variacion intra-partido no verificada. Data sintetica. NO es declaracion personal del candidato. Ver dataset/README.md.",https://es.wikipedia.org/wiki/Unidad_por_Chile
Cariola Oliva,Karol,Comunista de Chile,15,El Senado debe incluir escanos reservados permanentes para r,4,[INFERIDO POR LISTA: C. Unidad por Chile] Postura tomada del vector base de la coalicion sin desviacion. Data sintetica. NO es declaracion personal del candidato. Ver dataset/README.md.,https://es.wikipedia.org/wiki/Unidad_por_Chile
Celis Araya,Ricardo,Independiente Por La Democracia,1,"El Senado debe mantenerse como camara revisora del Congreso,",4,[INFERIDO POR LISTA: C. Unidad por Chile] Postura tomada del vector base de la coalicion sin desviacion. Data sintetica. NO es declaracion personal del candidato. Ver dataset/README.md.,https://es.wikipedia.org/wiki/Unidad_por_Chile
Celis Araya,Ricardo,Independiente Por La Democracia,2,El Senado debe endurecer el proceso de aprobacion de nombram,4,[INFERIDO POR LISTA: C. Unidad por Chile] Postura tomada del vector base de la coalicion sin desviacion. Data sintetica. NO es declaracion personal del candidato. Ver dataset/README.md.,https://es.wikipedia.org/wiki/Unidad_por_Chile
Celis Araya,Ricardo,Independiente Por La Democracia,4,Chile debe restaurar el quorum de dos tercios para reformas ,1,"[INFERIDO POR LISTA: C. Unidad por Chile] Base coalicion=2, candidato=1 (RUIDO -1 deterministico). Refleja variacion intra-partido no verificada. Data sintetica. NO es declaracion personal del candidato. Ver dataset/README.md.",https://es.wikipedia.org/wiki/Unidad_por_Chile
Celis Araya,Ricardo,Independiente Por La Democracia,5,El Senado debe reducirse de 50 a 43 escanos para racionaliza,2,[INFERIDO POR LISTA: C. Unidad por Chile] Postura tomada del vector base de la coalicion sin desviacion. Data sintetica. NO es declaracion personal del candidato. Ver dataset/README.md.,https://es.wikipedia.org/wiki/Unidad_por_Chile
Celis Araya,Ricardo,Independiente Por La Democracia,6,El Senado debe promover el retiro de Chile del Tratado Integ,3,[INFERIDO POR LISTA: C. Unidad por Chile] Postura tomada del vector base de la coalicion sin desviacion. Data sintetica. NO es declaracion personal del candidato. Ver dataset/README.md.,https://es.wikipedia.org/wiki/Unidad_por_Chile
Celis Araya,Ricardo,Independiente Por La Democracia,9,El Senado debe aprobar la reforma previsional aumentando el ,5,[INFERIDO POR LISTA: C. Unidad por Chile] Postura tomada del vector base de la coalicion sin desviacion. Data sintetica. NO es declaracion personal del candidato. Ver dataset/README.md.,https://es.wikipedia.org/wiki/Unidad_por_Chile
Celis Araya,Ricardo,Independiente Por La Democracia,12,El Senado debe aprobar el proyecto de eutanasia activa volun,4,[INFERIDO POR LISTA: C. Unidad por Chile] Postura tomada del vector base de la coalicion sin desviacion. Data sintetica. NO es declaracion personal del candidato. Ver dataset/README.md.,https://es.wikipedia.org/wiki/Unidad_por_Chile
Celis Araya,Ricardo,Independiente Por La Democracia,13,El Senado debe declarar por ley las zonas de sacrificio como,4,[INFERIDO POR LISTA: C. Unidad por Chile] Postura tomada del vector base de la coalicion sin desviacion. Data sintetica. NO es declaracion personal del candidato. Ver dataset/README.md.,https://es.wikipedia.org/wiki/Unidad_por_Chile
Celis Araya,Ricardo,Independiente Por La Democracia,14,El Senado debe aprobar la modernizacion de la Ley Antiterror,2,[INFERIDO POR LISTA: C. Unidad por Chile] Postura tomada del vector base de la coalicion sin desviacion. Data sintetica. NO es declaracion personal del candidato. Ver dataset/README.md.,https://es.wikipedia.org/wiki/Unidad_por_Chile
Celis Araya,Ricardo,Independiente Por La Democracia,15,El Senado debe incluir escanos reservados permanentes para r,4,[INFERIDO POR LISTA: C. Unidad por Chile] Postura tomada del vector base de la coalicion sin desviacion. Data sintetica. NO es declaracion personal del candidato. Ver dataset/README.md.,https://es.wikipedia.org/wiki/Unidad_por_Chile
Araya Morales,Rodrigo,Frente Amplio,1,"El Senado debe mantenerse como camara revisora del Congreso,",4,[INFERIDO POR LISTA: C. Unidad por Chile] Postura tomada del vector base de la coalicion sin desviacion. Data sintetica. NO es declaracion personal del candidato. Ver dataset/README.md.,https://es.wikipedia.org/wiki/Unidad_por_Chile
Araya Morales,Rodrigo,Frente Amplio,2,El Senado debe endurecer el proceso de aprobacion de nombram,4,[INFERIDO POR LISTA: C. Unidad por Chile] Postura tomada del vector base de la coalicion sin desviacion. Data sintetica. NO es declaracion personal del candidato. Ver dataset/README.md.,https://es.wikipedia.org/wiki/Unidad_por_Chile
Araya Morales,Rodrigo,Frente Amplio,3,El Senado debe aprobar por ley una limitacion a dos periodos,3,[INFERIDO POR LISTA: C. Unidad por Chile] Postura tomada del vector base de la coalicion sin desviacion. Data sintetica. NO es declaracion personal del candidato. Ver dataset/README.md.,https://es.wikipedia.org/wiki/Unidad_por_Chile
Araya Morales,Rodrigo,Frente Amplio,4,Chile debe restaurar el quorum de dos tercios para reformas ,2,"[INFERIDO POR PARTIDO: Frente Amplio] Base coalicion=1, candidato=2 (RUIDO +1 deterministico). Refleja variacion intra-partido no verificada. Data sintetica. NO es declaracion personal del candidato. Ver dataset/README.md.",https://es.wikipedia.org/wiki/Unidad_por_Chile
Araya Morales,Rodrigo,Frente Amplio,5,El Senado debe reducirse de 50 a 43 escanos para racionaliza,2,[INFERIDO POR LISTA: C. Unidad por Chile] Postura tomada del vector base de la coalicion sin desviacion. Data sintetica. NO es declaracion personal del candidato. Ver dataset/README.md.,https://es.wikipedia.org/wiki/Unidad_por_Chile
Araya Morales,Rodrigo,Frente Amplio,6,El Senado debe promover el retiro de Chile del Tratado Integ,4,"[INFERIDO POR LISTA: C. Unidad por Chile] Base coalicion=3, candidato=4 (RUIDO +1 deterministico). Refleja variacion intra-partido no verificada. Data sintetica. NO es declaracion personal del candidato. Ver dataset/README.md.",https://es.wikipedia.org/wiki/Unidad_por_Chile
Araya Morales,Rodrigo,Frente Amplio,7,El Senado debe aprobar el reconocimiento formal del Estado d,4,[INFERIDO POR LISTA: C. Unidad por Chile] Postura tomada del vector base de la coalicion sin desviacion. Data sintetica. NO es declaracion personal del candidato. Ver dataset/README.md.,https://es.wikipedia.org/wiki/Unidad_por_Chile
Araya Morales,Rodrigo,Frente Amplio,9,El Senado debe aprobar la reforma previsional aumentando el ,5,[INFERIDO POR LISTA: C. Unidad por Chile] Postura tomada del vector base de la coalicion sin desviacion. Data sintetica. NO es declaracion personal del candidato. Ver dataset/README.md.,https://es.wikipedia.org/wiki/Unidad_por_Chile
Araya Morales,Rodrigo,Frente Amplio,10,"El royalty minero al cobre debe aumentarse por sobre el 4,7%",4,[INFERIDO POR LISTA: C. Unidad por Chile] Postura tomada del vector base de la coalicion sin desviacion. Data sintetica. NO es declaracion personal del candidato. Ver dataset/README.md.,https://es.wikipedia.org/wiki/Unidad_por_Chile
Araya Morales,Rodrigo,Frente Amplio,11,"El Senado debe aprobar el fin del sistema de isapres, migran",3,"[INFERIDO POR LISTA: C. Unidad por Chile] Base coalicion=4, candidato=3 (RUIDO -1 deterministico). Refleja variacion intra-partido no verificada. Data sintetica. NO es declaracion personal del candidato. Ver dataset/README.md.",https://es.wikipedia.org/wiki/Unidad_por_Chile
Araya Morales,Rodrigo,Frente Amplio,12,El Senado debe aprobar el proyecto de eutanasia activa volun,4,[INFERIDO POR LISTA: C. Unidad por Chile] Postura tomada del vector base de la coalicion sin desviacion. Data sintetica. NO es declaracion personal del candidato. Ver dataset/README.md.,https://es.wikipedia.org/wiki/Unidad_por_Chile
Araya Morales,Rodrigo,Frente Amplio,13,El Senado debe declarar por ley las zonas de sacrificio como,4,[INFERIDO POR LISTA: C. Unidad por Chile] Postura tomada del vector base de la coalicion sin desviacion. Data sintetica. NO es declaracion personal del candidato. Ver dataset/README.md.,https://es.wikipedia.org/wiki/Unidad_por_Chile
Araya Morales,Rodrigo,Frente Amplio,14,El Senado debe aprobar la modernizacion de la Ley Antiterror,2,[INFERIDO POR LISTA: C. Unidad por Chile] Postura tomada del vector base de la coalicion sin desviacion. Data sintetica. NO es declaracion personal del candidato. Ver dataset/README.md.,https://es.wikipedia.org/wiki/Unidad_por_Chile
Marzan Pinto,Carolina,Por La Democracia,1,"El Senado debe mantenerse como camara revisora del Congreso,",3,"[INFERIDO POR LISTA: C. Unidad por Chile] Base coalicion=4, candidato=3 (RUIDO -1 deterministico). Refleja variacion intra-partido no verificada. Data sintetica. NO es declaracion personal del candidato. Ver dataset/README.md.",https://es.wikipedia.org/wiki/Unidad_por_Chile
Marzan Pinto,Carolina,Por La Democracia,2,El Senado debe endurecer el proceso de aprobacion de nombram,4,[INFERIDO POR LISTA: C. Unidad por Chile] Postura tomada del vector base de la coalicion sin desviacion. Data sintetica. NO es declaracion personal del candidato. Ver dataset/README.md.,https://es.wikipedia.org/wiki/Unidad_por_Chile
Marzan Pinto,Carolina,Por La Democracia,3,El Senado debe aprobar por ley una limitacion a dos periodos,3,[INFERIDO POR LISTA: C. Unidad por Chile] Postura tomada del vector base de la coalicion sin desviacion. Data sintetica. NO es declaracion personal del candidato. Ver dataset/README.md.,https://es.wikipedia.org/wiki/Unidad_por_Chile
Marzan Pinto,Carolina,Por La Democracia,4,Chile debe restaurar el quorum de dos tercios para reformas ,2,[INFERIDO POR LISTA: C. Unidad por Chile] Postura tomada del vector base de la coalicion sin desviacion. Data sintetica. NO es declaracion personal del candidato. Ver dataset/README.md.,https://es.wikipedia.org/wiki/Unidad_por_Chile
Marzan Pinto,Carolina,Por La Democracia,5,El Senado debe reducirse de 50 a 43 escanos para racionaliza,3,"[INFERIDO POR LISTA: C. Unidad por Chile] Base coalicion=2, candidato=3 (RUIDO +1 deterministico). Refleja variacion intra-partido no verificada. Data sintetica. NO es declaracion personal del candidato. Ver dataset/README.md.",https://es.wikipedia.org/wiki/Unidad_por_Chile
Marzan Pinto,Carolina,Por La Democracia,6,El Senado debe promover el retiro de Chile del Tratado Integ,3,[INFERIDO POR LISTA: C. Unidad por Chile] Postura tomada del vector base de la coalicion sin desviacion. Data sintetica. NO es declaracion personal del candidato. Ver dataset/README.md.,https://es.wikipedia.org/wiki/Unidad_por_Chile
Marzan Pinto,Carolina,Por La Democracia,7,El Senado debe aprobar el reconocimiento formal del Estado d,4,[INFERIDO POR LISTA: C. Unidad por Chile] Postura tomada del vector base de la coalicion sin desviacion. Data sintetica. NO es declaracion personal del candidato. Ver dataset/README.md.,https://es.wikipedia.org/wiki/Unidad_por_Chile
Marzan Pinto,Carolina,Por La Democracia,8,Chile debe mantenerse dentro del Tratado Interamericano de A,2,[INFERIDO POR LISTA: C. Unidad por Chile] Postura tomada del vector base de la coalicion sin desviacion. Data sintetica. NO es declaracion personal del candidato. Ver dataset/README.md.,https://es.wikipedia.org/wiki/Unidad_por_Chile
Marzan Pinto,Carolina,Por La Democracia,9,El Senado debe aprobar la reforma previsional aumentando el ,5,[INFERIDO POR LISTA: C. Unidad por Chile] Postura tomada del vector base de la coalicion sin desviacion. Data sintetica. NO es declaracion personal del candidato. Ver dataset/README.md.,https://es.wikipedia.org/wiki/Unidad_por_Chile
Marzan Pinto,Carolina,Por La Democracia,10,"El royalty minero al cobre debe aumentarse por sobre el 4,7%",5,"[INFERIDO POR LISTA: C. Unidad por Chile] Base coalicion=4, candidato=5 (RUIDO +1 deterministico). Refleja variacion intra-partido no verificada. Data sintetica. NO es declaracion personal del candidato. Ver dataset/README.md.",https://es.wikipedia.org/wiki/Unidad_por_Chile
Marzan Pinto,Carolina,Por La Democracia,11,"El Senado debe aprobar el fin del sistema de isapres, migran",4,[INFERIDO POR LISTA: C. Unidad por Chile] Postura tomada del vector base de la coalicion sin desviacion. Data sintetica. NO es declaracion personal del candidato. Ver dataset/README.md.,https://es.wikipedia.org/wiki/Unidad_por_Chile
Marzan Pinto,Carolina,Por La Democracia,12,El Senado debe aprobar el proyecto de eutanasia activa volun,4,[INFERIDO POR LISTA: C. Unidad por Chile] Postura tomada del vector base de la coalicion sin desviacion. Data sintetica. NO es declaracion personal del candidato. Ver dataset/README.md.,https://es.wikipedia.org/wiki/Unidad_por_Chile
Marzan Pinto,Carolina,Por La Democracia,14,El Senado debe aprobar la modernizacion de la Ley Antiterror,2,[INFERIDO POR LISTA: C. Unidad por Chile] Postura tomada del vector base de la coalicion sin desviacion. Data sintetica. NO es declaracion personal del candidato. Ver dataset/README.md.,https://es.wikipedia.org/wiki/Unidad_por_Chile
Marzan Pinto,Carolina,Por La Democracia,15,El Senado debe incluir escanos reservados permanentes para r,4,[INFERIDO POR LISTA: C. Unidad por Chile] Postura tomada del vector base de la coalicion sin desviacion. Data sintetica. NO es declaracion personal del candidato. Ver dataset/README.md.,https://es.wikipedia.org/wiki/Unidad_por_Chile
Tuma Zedan,Eugenio,Independiente Liberal de Chile,1,"El Senado debe mantenerse como camara revisora del Congreso,",4,[INFERIDO POR LISTA: C. Unidad por Chile] Postura tomada del vector base de la coalicion sin desviacion. Data sintetica. NO es declaracion personal del candidato. Ver dataset/README.md.,https://es.wikipedia.org/wiki/Unidad_por_Chile
Tuma Zedan,Eugenio,Independiente Liberal de Chile,2,El Senado debe endurecer el proceso de aprobacion de nombram,5,"[INFERIDO POR LISTA: C. Unidad por Chile] Base coalicion=4, candidato=5 (RUIDO +1 deterministico). Refleja variacion intra-partido no verificada. Data sintetica. NO es declaracion personal del candidato. Ver dataset/README.md.",https://es.wikipedia.org/wiki/Unidad_por_Chile
Tuma Zedan,Eugenio,Independiente Liberal de Chile,3,El Senado debe aprobar por ley una limitacion a dos periodos,2,"[INFERIDO POR LISTA: C. Unidad por Chile] Base coalicion=3, candidato=2 (RUIDO -1 deterministico). Refleja variacion intra-partido no verificada. Data sintetica. NO es declaracion personal del candidato. Ver dataset/README.md.",https://es.wikipedia.org/wiki/Unidad_por_Chile
Tuma Zedan,Eugenio,Independiente Liberal de Chile,4,Chile debe restaurar el quorum de dos tercios para reformas ,3,"[INFERIDO POR LISTA: C. Unidad por Chile] Base coalicion=2, candidato=3 (RUIDO +1 deterministico). Refleja variacion intra-partido no verificada. Data sintetica. NO es declaracion personal del candidato. Ver dataset/README.md.",https://es.wikipedia.org/wiki/Unidad_por_Chile
Tuma Zedan,Eugenio,Independiente Liberal de Chile,5,El Senado debe reducirse de 50 a 43 escanos para racionaliza,2,[INFERIDO POR LISTA: C. Unidad por Chile] Postura tomada del vector base de la coalicion sin desviacion. Data sintetica. NO es declaracion personal del candidato. Ver dataset/README.md.,https://es.wikipedia.org/wiki/Unidad_por_Chile
Tuma Zedan,Eugenio,Independiente Liberal de Chile,6,El Senado debe promover el retiro de Chile del Tratado Integ,3,[INFERIDO POR LISTA: C. Unidad por Chile] Postura tomada del vector base de la coalicion sin desviacion. Data sintetica. NO es declaracion personal del candidato. Ver dataset/README.md.,https://es.wikipedia.org/wiki/Unidad_por_Chile
Tuma Zedan,Eugenio,Independiente Liberal de Chile,7,El Senado debe aprobar el reconocimiento formal del Estado d,4,[INFERIDO POR LISTA: C. Unidad por Chile] Postura tomada del vector base de la coalicion sin desviacion. Data sintetica. NO es declaracion personal del candidato. Ver dataset/README.md.,https://es.wikipedia.org/wiki/Unidad_por_Chile
Tuma Zedan,Eugenio,Independiente Liberal de Chile,8,Chile debe mantenerse dentro del Tratado Interamericano de A,3,"[INFERIDO POR LISTA: C. Unidad por Chile] Base coalicion=2, candidato=3 (RUIDO +1 deterministico). Refleja variacion intra-partido no verificada. Data sintetica. NO es declaracion personal del candidato. Ver dataset/README.md.",https://es.wikipedia.org/wiki/Unidad_por_Chile
Tuma Zedan,Eugenio,Independiente Liberal de Chile,9,El Senado debe aprobar la reforma previsional aumentando el ,5,[INFERIDO POR LISTA: C. Unidad por Chile] Postura tomada del vector base de la coalicion sin desviacion. Data sintetica. NO es declaracion personal del candidato. Ver dataset/README.md.,https://es.wikipedia.org/wiki/Unidad_por_Chile
Tuma Zedan,Eugenio,Independiente Liberal de Chile,10,"El royalty minero al cobre debe aumentarse por sobre el 4,7%",4,[INFERIDO POR LISTA: C. Unidad por Chile] Postura tomada del vector base de la coalicion sin desviacion. Data sintetica. NO es declaracion personal del candidato. Ver dataset/README.md.,https://es.wikipedia.org/wiki/Unidad_por_Chile
Tuma Zedan,Eugenio,Independiente Liberal de Chile,11,"El Senado debe aprobar el fin del sistema de isapres, migran",4,[INFERIDO POR LISTA: C. Unidad por Chile] Postura tomada del vector base de la coalicion sin desviacion. Data sintetica. NO es declaracion personal del candidato. Ver dataset/README.md.,https://es.wikipedia.org/wiki/Unidad_por_Chile
Tuma Zedan,Eugenio,Independiente Liberal de Chile,12,El Senado debe aprobar el proyecto de eutanasia activa volun,3,"[INFERIDO POR LISTA: C. Unidad por Chile] Base coalicion=4, candidato=3 (RUIDO -1 deterministico). Refleja variacion intra-partido no verificada. Data sintetica. NO es declaracion personal del candidato. Ver dataset/README.md.",https://es.wikipedia.org/wiki/Unidad_por_Chile
Tuma Zedan,Eugenio,Independiente Liberal de Chile,13,El Senado debe declarar por ley las zonas de sacrificio como,3,"[INFERIDO POR LISTA: C. Unidad por Chile] Base coalicion=4, candidato=3 (RUIDO -1 deterministico). Refleja variacion intra-partido no verificada. Data sintetica. NO es declaracion personal del candidato. Ver dataset/README.md.",https://es.wikipedia.org/wiki/Unidad_por_Chile
Tuma Zedan,Eugenio,Independiente Liberal de Chile,14,El Senado debe aprobar la modernizacion de la Ley Antiterror,1,"[INFERIDO POR LISTA: C. Unidad por Chile] Base coalicion=2, candidato=1 (RUIDO -1 deterministico). Refleja variacion intra-partido no verificada. Data sintetica. NO es declaracion personal del candidato. Ver dataset/README.md.",https://es.wikipedia.org/wiki/Unidad_por_Chile
Tuma Zedan,Eugenio,Independiente Liberal de Chile,15,El Senado debe incluir escanos reservados permanentes para r,4,[INFERIDO POR LISTA: C. Unidad por Chile] Postura tomada del vector base de la coalicion sin desviacion. Data sintetica. NO es declaracion personal del candidato. Ver dataset/README.md.,https://es.wikipedia.org/wiki/Unidad_por_Chile
Vodanovic Rojas,Paulina,Socialista de Chile,1,"El Senado debe mantenerse como camara revisora del Congreso,",3,"[INFERIDO POR LISTA: C. Unidad por Chile] Base coalicion=4, candidato=3 (RUIDO -1 deterministico). Refleja variacion intra-partido no verificada. Data sintetica. NO es declaracion personal del candidato. Ver dataset/README.md.",https://es.wikipedia.org/wiki/Unidad_por_Chile
Vodanovic Rojas,Paulina,Socialista de Chile,2,El Senado debe endurecer el proceso de aprobacion de nombram,3,"[INFERIDO POR LISTA: C. Unidad por Chile] Base coalicion=4, candidato=3 (RUIDO -1 deterministico). Refleja variacion intra-partido no verificada. Data sintetica. NO es declaracion personal del candidato. Ver dataset/README.md.",https://es.wikipedia.org/wiki/Unidad_por_Chile
Vodanovic Rojas,Paulina,Socialista de Chile,3,El Senado debe aprobar por ley una limitacion a dos periodos,4,"[INFERIDO POR LISTA: C. Unidad por Chile] Base coalicion=3, candidato=4 (RUIDO +1 deterministico). Refleja variacion intra-partido no verificada. Data sintetica. NO es declaracion personal del candidato. Ver dataset/README.md.",https://es.wikipedia.org/wiki/Unidad_por_Chile
Vodanovic Rojas,Paulina,Socialista de Chile,4,Chile debe restaurar el quorum de dos tercios para reformas ,2,[INFERIDO POR LISTA: C. Unidad por Chile] Postura tomada del vector base de la coalicion sin desviacion. Data sintetica. NO es declaracion personal del candidato. Ver dataset/README.md.,https://es.wikipedia.org/wiki/Unidad_por_Chile
Vodanovic Rojas,Paulina,Socialista de Chile,6,El Senado debe promover el retiro de Chile del Tratado Integ,3,[INFERIDO POR LISTA: C. Unidad por Chile] Postura tomada del vector base de la coalicion sin desviacion. Data sintetica. NO es declaracion personal del candidato. Ver dataset/README.md.,https://es.wikipedia.org/wiki/Unidad_por_Chile
Vodanovic Rojas,Paulina,Socialista de Chile,7,El Senado debe aprobar el reconocimiento formal del Estado d,5,"[INFERIDO POR LISTA: C. Unidad por Chile] Base coalicion=4, candidato=5 (RUIDO +1 deterministico). Refleja variacion intra-partido no verificada. Data sintetica. NO es declaracion personal del candidato. Ver dataset/README.md.",https://es.wikipedia.org/wiki/Unidad_por_Chile
Vodanovic Rojas,Paulina,Socialista de Chile,8,Chile debe mantenerse dentro del Tratado Interamericano de A,1,"[INFERIDO POR LISTA: C. Unidad por Chile] Base coalicion=2, candidato=1 (RUIDO -1 deterministico). Refleja variacion intra-partido no verificada. Data sintetica. NO es declaracion personal del candidato. Ver dataset/README.md.",https://es.wikipedia.org/wiki/Unidad_por_Chile
Vodanovic Rojas,Paulina,Socialista de Chile,9,El Senado debe aprobar la reforma previsional aumentando el ,5,[INFERIDO POR LISTA: C. Unidad por Chile] Postura tomada del vector base de la coalicion sin desviacion. Data sintetica. NO es declaracion personal del candidato. Ver dataset/README.md.,https://es.wikipedia.org/wiki/Unidad_por_Chile
Vodanovic Rojas,Paulina,Socialista de Chile,10,"El royalty minero al cobre debe aumentarse por sobre el 4,7%",4,[INFERIDO POR LISTA: C. Unidad por Chile] Postura tomada del vector base de la coalicion sin desviacion. Data sintetica. NO es declaracion personal del candidato. Ver dataset/README.md.,https://es.wikipedia.org/wiki/Unidad_por_Chile
Vodanovic Rojas,Paulina,Socialista de Chile,13,El Senado debe declarar por ley las zonas de sacrificio como,5,"[INFERIDO POR LISTA: C. Unidad por Chile] Base coalicion=4, candidato=5 (RUIDO +1 deterministico). Refleja variacion intra-partido no verificada. Data sintetica. NO es declaracion personal del candidato. Ver dataset/README.md.",https://es.wikipedia.org/wiki/Unidad_por_Chile
Vodanovic Rojas,Paulina,Socialista de Chile,14,El Senado debe aprobar la modernizacion de la Ley Antiterror,1,"[INFERIDO POR LISTA: C. Unidad por Chile] Base coalicion=2, candidato=1 (RUIDO -1 deterministico). Refleja variacion intra-partido no verificada. Data sintetica. NO es declaracion personal del candidato. Ver dataset/README.md.",https://es.wikipedia.org/wiki/Unidad_por_Chile
Vodanovic Rojas,Paulina,Socialista de Chile,15,El Senado debe incluir escanos reservados permanentes para r,4,[INFERIDO POR LISTA: C. Unidad por Chile] Postura tomada del vector base de la coalicion sin desviacion. Data sintetica. NO es declaracion personal del candidato. Ver dataset/README.md.,https://es.wikipedia.org/wiki/Unidad_por_Chile
Ibañez Cotroneo,Diego,Frente Amplio,2,El Senado debe endurecer el proceso de aprobacion de nombram,4,[INFERIDO POR LISTA: C. Unidad por Chile] Postura tomada del vector base de la coalicion sin desviacion. Data sintetica. NO es declaracion personal del candidato. Ver dataset/README.md.,https://es.wikipedia.org/wiki/Unidad_por_Chile
Ibañez Cotroneo,Diego,Frente Amplio,3,El Senado debe aprobar por ley una limitacion a dos periodos,3,[INFERIDO POR LISTA: C. Unidad por Chile] Postura tomada del vector base de la coalicion sin desviacion. Data sintetica. NO es declaracion personal del candidato. Ver dataset/README.md.,https://es.wikipedia.org/wiki/Unidad_por_Chile
Ibañez Cotroneo,Diego,Frente Amplio,4,Chile debe restaurar el quorum de dos tercios para reformas ,1,[INFERIDO POR PARTIDO: Frente Amplio] Postura tomada del vector base de la coalicion sin desviacion. Data sintetica. NO es declaracion personal del candidato. Ver dataset/README.md.,https://es.wikipedia.org/wiki/Unidad_por_Chile
Ibañez Cotroneo,Diego,Frente Amplio,5,El Senado debe reducirse de 50 a 43 escanos para racionaliza,2,[INFERIDO POR LISTA: C. Unidad por Chile] Postura tomada del vector base de la coalicion sin desviacion. Data sintetica. NO es declaracion personal del candidato. Ver dataset/README.md.,https://es.wikipedia.org/wiki/Unidad_por_Chile
Ibañez Cotroneo,Diego,Frente Amplio,6,El Senado debe promover el retiro de Chile del Tratado Integ,3,[INFERIDO POR LISTA: C. Unidad por Chile] Postura tomada del vector base de la coalicion sin desviacion. Data sintetica. NO es declaracion personal del candidato. Ver dataset/README.md.,https://es.wikipedia.org/wiki/Unidad_por_Chile
Ibañez Cotroneo,Diego,Frente Amplio,9,El Senado debe aprobar la reforma previsional aumentando el ,5,[INFERIDO POR LISTA: C. Unidad por Chile] Postura tomada del vector base de la coalicion sin desviacion. Data sintetica. NO es declaracion personal del candidato. Ver dataset/README.md.,https://es.wikipedia.org/wiki/Unidad_por_Chile
Ibañez Cotroneo,Diego,Frente Amplio,10,"El royalty minero al cobre debe aumentarse por sobre el 4,7%",4,[INFERIDO POR LISTA: C. Unidad por Chile] Postura tomada del vector base de la coalicion sin desviacion. Data sintetica. NO es declaracion personal del candidato. Ver dataset/README.md.,https://es.wikipedia.org/wiki/Unidad_por_Chile
Ibañez Cotroneo,Diego,Frente Amplio,11,"El Senado debe aprobar el fin del sistema de isapres, migran",4,[INFERIDO POR LISTA: C. Unidad por Chile] Postura tomada del vector base de la coalicion sin desviacion. Data sintetica. NO es declaracion personal del candidato. Ver dataset/README.md.,https://es.wikipedia.org/wiki/Unidad_por_Chile
Ibañez Cotroneo,Diego,Frente Amplio,12,El Senado debe aprobar el proyecto de eutanasia activa volun,5,"[INFERIDO POR LISTA: C. Unidad por Chile] Base coalicion=4, candidato=5 (RUIDO +1 deterministico). Refleja variacion intra-partido no verificada. Data sintetica. NO es declaracion personal del candidato. Ver dataset/README.md.",https://es.wikipedia.org/wiki/Unidad_por_Chile
Ibañez Cotroneo,Diego,Frente Amplio,13,El Senado debe declarar por ley las zonas de sacrificio como,4,[INFERIDO POR LISTA: C. Unidad por Chile] Postura tomada del vector base de la coalicion sin desviacion. Data sintetica. NO es declaracion personal del candidato. Ver dataset/README.md.,https://es.wikipedia.org/wiki/Unidad_por_Chile
Ibañez Cotroneo,Diego,Frente Amplio,14,El Senado debe aprobar la modernizacion de la Ley Antiterror,2,[INFERIDO POR LISTA: C. Unidad por Chile] Postura tomada del vector base de la coalicion sin desviacion. Data sintetica. NO es declaracion personal del candidato. Ver dataset/README.md.,https://es.wikipedia.org/wiki/Unidad_por_Chile
Ibañez Cotroneo,Diego,Frente Amplio,15,El Senado debe incluir escanos reservados permanentes para r,3,"[INFERIDO POR LISTA: C. Unidad por Chile] Base coalicion=4, candidato=3 (RUIDO -1 deterministico). Refleja variacion intra-partido no verificada. Data sintetica. NO es declaracion personal del candidato. Ver dataset/README.md.",https://es.wikipedia.org/wiki/Unidad_por_Chile
Kliebs Yañez,Ronald,Socialista de Chile,1,"El Senado debe mantenerse como camara revisora del Congreso,",4,[INFERIDO POR LISTA: C. Unidad por Chile] Postura tomada del vector base de la coalicion sin desviacion. Data sintetica. NO es declaracion personal del candidato. Ver dataset/README.md.,https://es.wikipedia.org/wiki/Unidad_por_Chile
Kliebs Yañez,Ronald,Socialista de Chile,2,El Senado debe endurecer el proceso de aprobacion de nombram,3,"[INFERIDO POR LISTA: C. Unidad por Chile] Base coalicion=4, candidato=3 (RUIDO -1 deterministico). Refleja variacion intra-partido no verificada. Data sintetica. NO es declaracion personal del candidato. Ver dataset/README.md.",https://es.wikipedia.org/wiki/Unidad_por_Chile
Kliebs Yañez,Ronald,Socialista de Chile,3,El Senado debe aprobar por ley una limitacion a dos periodos,3,[INFERIDO POR LISTA: C. Unidad por Chile] Postura tomada del vector base de la coalicion sin desviacion. Data sintetica. NO es declaracion personal del candidato. Ver dataset/README.md.,https://es.wikipedia.org/wiki/Unidad_por_Chile
Kliebs Yañez,Ronald,Socialista de Chile,4,Chile debe restaurar el quorum de dos tercios para reformas ,3,"[INFERIDO POR LISTA: C. Unidad por Chile] Base coalicion=2, candidato=3 (RUIDO +1 deterministico). Refleja variacion intra-partido no verificada. Data sintetica. NO es declaracion personal del candidato. Ver dataset/README.md.",https://es.wikipedia.org/wiki/Unidad_por_Chile
Kliebs Yañez,Ronald,Socialista de Chile,5,El Senado debe reducirse de 50 a 43 escanos para racionaliza,3,"[INFERIDO POR LISTA: C. Unidad por Chile] Base coalicion=2, candidato=3 (RUIDO +1 deterministico). Refleja variacion intra-partido no verificada. Data sintetica. NO es declaracion personal del candidato. Ver dataset/README.md.",https://es.wikipedia.org/wiki/Unidad_por_Chile
Kliebs Yañez,Ronald,Socialista de Chile,6,El Senado debe promover el retiro de Chile del Tratado Integ,3,[INFERIDO POR LISTA: C. Unidad por Chile] Postura tomada del vector base de la coalicion sin desviacion. Data sintetica. NO es declaracion personal del candidato. Ver dataset/README.md.,https://es.wikipedia.org/wiki/Unidad_por_Chile
Kliebs Yañez,Ronald,Socialista de Chile,7,El Senado debe aprobar el reconocimiento formal del Estado d,3,"[INFERIDO POR LISTA: C. Unidad por Chile] Base coalicion=4, candidato=3 (RUIDO -1 deterministico). Refleja variacion intra-partido no verificada. Data sintetica. NO es declaracion personal del candidato. Ver dataset/README.md.",https://es.wikipedia.org/wiki/Unidad_por_Chile
Kliebs Yañez,Ronald,Socialista de Chile,8,Chile debe mantenerse dentro del Tratado Interamericano de A,2,[INFERIDO POR LISTA: C. Unidad por Chile] Postura tomada del vector base de la coalicion sin desviacion. Data sintetica. NO es declaracion personal del candidato. Ver dataset/README.md.,https://es.wikipedia.org/wiki/Unidad_por_Chile
Kliebs Yañez,Ronald,Socialista de Chile,9,El Senado debe aprobar la reforma previsional aumentando el ,5,[INFERIDO POR LISTA: C. Unidad por Chile] Postura tomada del vector base de la coalicion sin desviacion. Data sintetica. NO es declaracion personal del candidato. Ver dataset/README.md.,https://es.wikipedia.org/wiki/Unidad_por_Chile
Kliebs Yañez,Ronald,Socialista de Chile,10,"El royalty minero al cobre debe aumentarse por sobre el 4,7%",3,"[INFERIDO POR LISTA: C. Unidad por Chile] Base coalicion=4, candidato=3 (RUIDO -1 deterministico). Refleja variacion intra-partido no verificada. Data sintetica. NO es declaracion personal del candidato. Ver dataset/README.md.",https://es.wikipedia.org/wiki/Unidad_por_Chile
Kliebs Yañez,Ronald,Socialista de Chile,11,"El Senado debe aprobar el fin del sistema de isapres, migran",5,"[INFERIDO POR LISTA: C. Unidad por Chile] Base coalicion=4, candidato=5 (RUIDO +1 deterministico). Refleja variacion intra-partido no verificada. Data sintetica. NO es declaracion personal del candidato. Ver dataset/README.md.",https://es.wikipedia.org/wiki/Unidad_por_Chile
Kliebs Yañez,Ronald,Socialista de Chile,13,El Senado debe declarar por ley las zonas de sacrificio como,5,"[INFERIDO POR LISTA: C. Unidad por Chile] Base coalicion=4, candidato=5 (RUIDO +1 deterministico). Refleja variacion intra-partido no verificada. Data sintetica. NO es declaracion personal del candidato. Ver dataset/README.md.",https://es.wikipedia.org/wiki/Unidad_por_Chile
Kliebs Yañez,Ronald,Socialista de Chile,14,El Senado debe aprobar la modernizacion de la Ley Antiterror,2,[INFERIDO POR LISTA: C. Unidad por Chile] Postura tomada del vector base de la coalicion sin desviacion. Data sintetica. NO es declaracion personal del candidato. Ver dataset/README.md.,https://es.wikipedia.org/wiki/Unidad_por_Chile
Kliebs Yañez,Ronald,Socialista de Chile,15,El Senado debe incluir escanos reservados permanentes para r,5,"[INFERIDO POR LISTA: C. Unidad por Chile] Base coalicion=4, candidato=5 (RUIDO +1 deterministico). Refleja variacion intra-partido no verificada. Data sintetica. NO es declaracion personal del candidato. Ver dataset/README.md.",https://es.wikipedia.org/wiki/Unidad_por_Chile
Gonzalez Soto,Sixto,Comunista de Chile,1,"El Senado debe mantenerse como camara revisora del Congreso,",5,"[INFERIDO POR LISTA: C. Unidad por Chile] Base coalicion=4, candidato=5 (RUIDO +1 deterministico). Refleja variacion intra-partido no verificada. Data sintetica. NO es declaracion personal del candidato. Ver dataset/README.md.",https://es.wikipedia.org/wiki/Unidad_por_Chile
Gonzalez Soto,Sixto,Comunista de Chile,2,El Senado debe endurecer el proceso de aprobacion de nombram,3,"[INFERIDO POR LISTA: C. Unidad por Chile] Base coalicion=4, candidato=3 (RUIDO -1 deterministico). Refleja variacion intra-partido no verificada. Data sintetica. NO es declaracion personal del candidato. Ver dataset/README.md.",https://es.wikipedia.org/wiki/Unidad_por_Chile
Gonzalez Soto,Sixto,Comunista de Chile,3,El Senado debe aprobar por ley una limitacion a dos periodos,3,[INFERIDO POR LISTA: C. Unidad por Chile] Postura tomada del vector base de la coalicion sin desviacion. Data sintetica. NO es declaracion personal del candidato. Ver dataset/README.md.,https://es.wikipedia.org/wiki/Unidad_por_Chile
Gonzalez Soto,Sixto,Comunista de Chile,4,Chile debe restaurar el quorum de dos tercios para reformas ,3,"[INFERIDO POR LISTA: C. Unidad por Chile] Base coalicion=2, candidato=3 (RUIDO +1 deterministico). Refleja variacion intra-partido no verificada. Data sintetica. NO es declaracion personal del candidato. Ver dataset/README.md.",https://es.wikipedia.org/wiki/Unidad_por_Chile
Gonzalez Soto,Sixto,Comunista de Chile,5,El Senado debe reducirse de 50 a 43 escanos para racionaliza,3,"[INFERIDO POR LISTA: C. Unidad por Chile] Base coalicion=2, candidato=3 (RUIDO +1 deterministico). Refleja variacion intra-partido no verificada. Data sintetica. NO es declaracion personal del candidato. Ver dataset/README.md.",https://es.wikipedia.org/wiki/Unidad_por_Chile
Gonzalez Soto,Sixto,Comunista de Chile,6,El Senado debe promover el retiro de Chile del Tratado Integ,4,"[INFERIDO POR LISTA: C. Unidad por Chile] Base coalicion=3, candidato=4 (RUIDO +1 deterministico). Refleja variacion intra-partido no verificada. Data sintetica. NO es declaracion personal del candidato. Ver dataset/README.md.",https://es.wikipedia.org/wiki/Unidad_por_Chile
Gonzalez Soto,Sixto,Comunista de Chile,7,El Senado debe aprobar el reconocimiento formal del Estado d,4,[INFERIDO POR LISTA: C. Unidad por Chile] Postura tomada del vector base de la coalicion sin desviacion. Data sintetica. NO es declaracion personal del candidato. Ver dataset/README.md.,https://es.wikipedia.org/wiki/Unidad_por_Chile
Gonzalez Soto,Sixto,Comunista de Chile,8,Chile debe mantenerse dentro del Tratado Interamericano de A,2,[INFERIDO POR LISTA: C. Unidad por Chile] Postura tomada del vector base de la coalicion sin desviacion. Data sintetica. NO es declaracion personal del candidato. Ver dataset/README.md.,https://es.wikipedia.org/wiki/Unidad_por_Chile
Gonzalez Soto,Sixto,Comunista de Chile,9,El Senado debe aprobar la reforma previsional aumentando el ,4,"[INFERIDO POR LISTA: C. Unidad por Chile] Base coalicion=5, candidato=4 (RUIDO -1 deterministico). Refleja variacion intra-partido no verificada. Data sintetica. NO es declaracion personal del candidato. Ver dataset/README.md.",https://es.wikipedia.org/wiki/Unidad_por_Chile
Gonzalez Soto,Sixto,Comunista de Chile,10,"El royalty minero al cobre debe aumentarse por sobre el 4,7%",4,[INFERIDO POR LISTA: C. Unidad por Chile] Postura tomada del vector base de la coalicion sin desviacion. Data sintetica. NO es declaracion personal del candidato. Ver dataset/README.md.,https://es.wikipedia.org/wiki/Unidad_por_Chile
Gonzalez Soto,Sixto,Comunista de Chile,13,El Senado debe declarar por ley las zonas de sacrificio como,4,[INFERIDO POR LISTA: C. Unidad por Chile] Postura tomada del vector base de la coalicion sin desviacion. Data sintetica. NO es declaracion personal del candidato. Ver dataset/README.md.,https://es.wikipedia.org/wiki/Unidad_por_Chile
Gonzalez Soto,Sixto,Comunista de Chile,14,El Senado debe aprobar la modernizacion de la Ley Antiterror,1,[INFERIDO POR PARTIDO: Comunista de Chile] Postura tomada del vector base de la coalicion sin desviacion. Data sintetica. NO es declaracion personal del candidato. Ver dataset/README.md.,https://es.wikipedia.org/wiki/Unidad_por_Chile
Gonzalez Soto,Sixto,Comunista de Chile,15,El Senado debe incluir escanos reservados permanentes para r,5,"[INFERIDO POR LISTA: C. Unidad por Chile] Base coalicion=4, candidato=5 (RUIDO +1 deterministico). Refleja variacion intra-partido no verificada. Data sintetica. NO es declaracion personal del candidato. Ver dataset/README.md.",https://es.wikipedia.org/wiki/Unidad_por_Chile
Sanchez Muñoz,Beatriz,Frente Amplio,1,"El Senado debe mantenerse como camara revisora del Congreso,",3,"[INFERIDO POR LISTA: C. Unidad por Chile] Base coalicion=4, candidato=3 (RUIDO -1 deterministico). Refleja variacion intra-partido no verificada. Data sintetica. NO es declaracion personal del candidato. Ver dataset/README.md.",https://es.wikipedia.org/wiki/Unidad_por_Chile
Sanchez Muñoz,Beatriz,Frente Amplio,2,El Senado debe endurecer el proceso de aprobacion de nombram,5,"[INFERIDO POR LISTA: C. Unidad por Chile] Base coalicion=4, candidato=5 (RUIDO +1 deterministico). Refleja variacion intra-partido no verificada. Data sintetica. NO es declaracion personal del candidato. Ver dataset/README.md.",https://es.wikipedia.org/wiki/Unidad_por_Chile
Sanchez Muñoz,Beatriz,Frente Amplio,3,El Senado debe aprobar por ley una limitacion a dos periodos,4,"[INFERIDO POR LISTA: C. Unidad por Chile] Base coalicion=3, candidato=4 (RUIDO +1 deterministico). Refleja variacion intra-partido no verificada. Data sintetica. NO es declaracion personal del candidato. Ver dataset/README.md.",https://es.wikipedia.org/wiki/Unidad_por_Chile
Sanchez Muñoz,Beatriz,Frente Amplio,4,Chile debe restaurar el quorum de dos tercios para reformas ,1,[INFERIDO POR PARTIDO: Frente Amplio] Postura tomada del vector base de la coalicion sin desviacion. Data sintetica. NO es declaracion personal del candidato. Ver dataset/README.md.,https://es.wikipedia.org/wiki/Unidad_por_Chile
Sanchez Muñoz,Beatriz,Frente Amplio,5,El Senado debe reducirse de 50 a 43 escanos para racionaliza,1,"[INFERIDO POR LISTA: C. Unidad por Chile] Base coalicion=2, candidato=1 (RUIDO -1 deterministico). Refleja variacion intra-partido no verificada. Data sintetica. NO es declaracion personal del candidato. Ver dataset/README.md.",https://es.wikipedia.org/wiki/Unidad_por_Chile
Sanchez Muñoz,Beatriz,Frente Amplio,6,El Senado debe promover el retiro de Chile del Tratado Integ,3,[INFERIDO POR LISTA: C. Unidad por Chile] Postura tomada del vector base de la coalicion sin desviacion. Data sintetica. NO es declaracion personal del candidato. Ver dataset/README.md.,https://es.wikipedia.org/wiki/Unidad_por_Chile
Sanchez Muñoz,Beatriz,Frente Amplio,8,Chile debe mantenerse dentro del Tratado Interamericano de A,2,[INFERIDO POR LISTA: C. Unidad por Chile] Postura tomada del vector base de la coalicion sin desviacion. Data sintetica. NO es declaracion personal del candidato. Ver dataset/README.md.,https://es.wikipedia.org/wiki/Unidad_por_Chile
Sanchez Muñoz,Beatriz,Frente Amplio,9,El Senado debe aprobar la reforma previsional aumentando el ,5,[INFERIDO POR LISTA: C. Unidad por Chile] Postura tomada del vector base de la coalicion sin desviacion. Data sintetica. NO es declaracion personal del candidato. Ver dataset/README.md.,https://es.wikipedia.org/wiki/Unidad_por_Chile
Sanchez Muñoz,Beatriz,Frente Amplio,10,"El royalty minero al cobre debe aumentarse por sobre el 4,7%",4,[INFERIDO POR LISTA: C. Unidad por Chile] Postura tomada del vector base de la coalicion sin desviacion. Data sintetica. NO es declaracion personal del candidato. Ver dataset/README.md.,https://es.wikipedia.org/wiki/Unidad_por_Chile
Sanchez Muñoz,Beatriz,Frente Amplio,11,"El Senado debe aprobar el fin del sistema de isapres, migran",4,[INFERIDO POR LISTA: C. Unidad por Chile] Postura tomada del vector base de la coalicion sin desviacion. Data sintetica. NO es declaracion personal del candidato. Ver dataset/README.md.,https://es.wikipedia.org/wiki/Unidad_por_Chile
Sanchez Muñoz,Beatriz,Frente Amplio,13,El Senado debe declarar por ley las zonas de sacrificio como,4,[INFERIDO POR LISTA: C. Unidad por Chile] Postura tomada del vector base de la coalicion sin desviacion. Data sintetica. NO es declaracion personal del candidato. Ver dataset/README.md.,https://es.wikipedia.org/wiki/Unidad_por_Chile
Sanchez Muñoz,Beatriz,Frente Amplio,15,El Senado debe incluir escanos reservados permanentes para r,4,[INFERIDO POR LISTA: C. Unidad por Chile] Postura tomada del vector base de la coalicion sin desviacion. Data sintetica. NO es declaracion personal del candidato. Ver dataset/README.md.,https://es.wikipedia.org/wiki/Unidad_por_Chile
Epuin Brevis,Cristian,Radical de Chile,1,"El Senado debe mantenerse como camara revisora del Congreso,",5,"[INFERIDO POR LISTA: C. Unidad por Chile] Base coalicion=4, candidato=5 (RUIDO +1 deterministico). Refleja variacion intra-partido no verificada. Data sintetica. NO es declaracion personal del candidato. Ver dataset/README.md.",https://es.wikipedia.org/wiki/Unidad_por_Chile
Epuin Brevis,Cristian,Radical de Chile,2,El Senado debe endurecer el proceso de aprobacion de nombram,4,[INFERIDO POR LISTA: C. Unidad por Chile] Postura tomada del vector base de la coalicion sin desviacion. Data sintetica. NO es declaracion personal del candidato. Ver dataset/README.md.,https://es.wikipedia.org/wiki/Unidad_por_Chile
Epuin Brevis,Cristian,Radical de Chile,3,El Senado debe aprobar por ley una limitacion a dos periodos,4,"[INFERIDO POR LISTA: C. Unidad por Chile] Base coalicion=3, candidato=4 (RUIDO +1 deterministico). Refleja variacion intra-partido no verificada. Data sintetica. NO es declaracion personal del candidato. Ver dataset/README.md.",https://es.wikipedia.org/wiki/Unidad_por_Chile
Epuin Brevis,Cristian,Radical de Chile,4,Chile debe restaurar el quorum de dos tercios para reformas ,3,"[INFERIDO POR LISTA: C. Unidad por Chile] Base coalicion=2, candidato=3 (RUIDO +1 deterministico). Refleja variacion intra-partido no verificada. Data sintetica. NO es declaracion personal del candidato. Ver dataset/README.md.",https://es.wikipedia.org/wiki/Unidad_por_Chile
Epuin Brevis,Cristian,Radical de Chile,5,El Senado debe reducirse de 50 a 43 escanos para racionaliza,2,[INFERIDO POR LISTA: C. Unidad por Chile] Postura tomada del vector base de la coalicion sin desviacion. Data sintetica. NO es declaracion personal del candidato. Ver dataset/README.md.,https://es.wikipedia.org/wiki/Unidad_por_Chile
Epuin Brevis,Cristian,Radical de Chile,6,El Senado debe promover el retiro de Chile del Tratado Integ,2,"[INFERIDO POR LISTA: C. Unidad por Chile] Base coalicion=3, candidato=2 (RUIDO -1 deterministico). Refleja variacion intra-partido no verificada. Data sintetica. NO es declaracion personal del candidato. Ver dataset/README.md.",https://es.wikipedia.org/wiki/Unidad_por_Chile
Epuin Brevis,Cristian,Radical de Chile,7,El Senado debe aprobar el reconocimiento formal del Estado d,4,[INFERIDO POR LISTA: C. Unidad por Chile] Postura tomada del vector base de la coalicion sin desviacion. Data sintetica. NO es declaracion personal del candidato. Ver dataset/README.md.,https://es.wikipedia.org/wiki/Unidad_por_Chile
Epuin Brevis,Cristian,Radical de Chile,8,Chile debe mantenerse dentro del Tratado Interamericano de A,1,"[INFERIDO POR LISTA: C. Unidad por Chile] Base coalicion=2, candidato=1 (RUIDO -1 deterministico). Refleja variacion intra-partido no verificada. Data sintetica. NO es declaracion personal del candidato. Ver dataset/README.md.",https://es.wikipedia.org/wiki/Unidad_por_Chile
Epuin Brevis,Cristian,Radical de Chile,9,El Senado debe aprobar la reforma previsional aumentando el ,5,[INFERIDO POR LISTA: C. Unidad por Chile] Postura tomada del vector base de la coalicion sin desviacion. Data sintetica. NO es declaracion personal del candidato. Ver dataset/README.md.,https://es.wikipedia.org/wiki/Unidad_por_Chile
Epuin Brevis,Cristian,Radical de Chile,10,"El royalty minero al cobre debe aumentarse por sobre el 4,7%",3,"[INFERIDO POR LISTA: C. Unidad por Chile] Base coalicion=4, candidato=3 (RUIDO -1 deterministico). Refleja variacion intra-partido no verificada. Data sintetica. NO es declaracion personal del candidato. Ver dataset/README.md.",https://es.wikipedia.org/wiki/Unidad_por_Chile
Epuin Brevis,Cristian,Radical de Chile,11,"El Senado debe aprobar el fin del sistema de isapres, migran",4,[INFERIDO POR LISTA: C. Unidad por Chile] Postura tomada del vector base de la coalicion sin desviacion. Data sintetica. NO es declaracion personal del candidato. Ver dataset/README.md.,https://es.wikipedia.org/wiki/Unidad_por_Chile
Epuin Brevis,Cristian,Radical de Chile,12,El Senado debe aprobar el proyecto de eutanasia activa volun,4,[INFERIDO POR LISTA: C. Unidad por Chile] Postura tomada del vector base de la coalicion sin desviacion. Data sintetica. NO es declaracion personal del candidato. Ver dataset/README.md.,https://es.wikipedia.org/wiki/Unidad_por_Chile
Epuin Brevis,Cristian,Radical de Chile,13,El Senado debe declarar por ley las zonas de sacrificio como,5,"[INFERIDO POR LISTA: C. Unidad por Chile] Base coalicion=4, candidato=5 (RUIDO +1 deterministico). Refleja variacion intra-partido no verificada. Data sintetica. NO es declaracion personal del candidato. Ver dataset/README.md.",https://es.wikipedia.org/wiki/Unidad_por_Chile
Epuin Brevis,Cristian,Radical de Chile,14,El Senado debe aprobar la modernizacion de la Ley Antiterror,2,[INFERIDO POR LISTA: C. Unidad por Chile] Postura tomada del vector base de la coalicion sin desviacion. Data sintetica. NO es declaracion personal del candidato. Ver dataset/README.md.,https://es.wikipedia.org/wiki/Unidad_por_Chile
Epuin Brevis,Cristian,Radical de Chile,15,El Senado debe incluir escanos reservados permanentes para r,5,"[INFERIDO POR LISTA: C. Unidad por Chile] Base coalicion=4, candidato=5 (RUIDO +1 deterministico). Refleja variacion intra-partido no verificada. Data sintetica. NO es declaracion personal del candidato. Ver dataset/README.md.",https://es.wikipedia.org/wiki/Unidad_por_Chile
Valencia Becerra,Monica Alicia,Independiente Liberal de Chile,1,"El Senado debe mantenerse como camara revisora del Congreso,",3,"[INFERIDO POR LISTA: C. Unidad por Chile] Base coalicion=4, candidato=3 (RUIDO -1 deterministico). Refleja variacion intra-partido no verificada. Data sintetica. NO es declaracion personal del candidato. Ver dataset/README.md.",https://es.wikipedia.org/wiki/Unidad_por_Chile
Valencia Becerra,Monica Alicia,Independiente Liberal de Chile,2,El Senado debe endurecer el proceso de aprobacion de nombram,3,"[INFERIDO POR LISTA: C. Unidad por Chile] Base coalicion=4, candidato=3 (RUIDO -1 deterministico). Refleja variacion intra-partido no verificada. Data sintetica. NO es declaracion personal del candidato. Ver dataset/README.md.",https://es.wikipedia.org/wiki/Unidad_por_Chile
Valencia Becerra,Monica Alicia,Independiente Liberal de Chile,3,El Senado debe aprobar por ley una limitacion a dos periodos,3,[INFERIDO POR LISTA: C. Unidad por Chile] Postura tomada del vector base de la coalicion sin desviacion. Data sintetica. NO es declaracion personal del candidato. Ver dataset/README.md.,https://es.wikipedia.org/wiki/Unidad_por_Chile
Valencia Becerra,Monica Alicia,Independiente Liberal de Chile,4,Chile debe restaurar el quorum de dos tercios para reformas ,2,[INFERIDO POR LISTA: C. Unidad por Chile] Postura tomada del vector base de la coalicion sin desviacion. Data sintetica. NO es declaracion personal del candidato. Ver dataset/README.md.,https://es.wikipedia.org/wiki/Unidad_por_Chile
Valencia Becerra,Monica Alicia,Independiente Liberal de Chile,5,El Senado debe reducirse de 50 a 43 escanos para racionaliza,2,[INFERIDO POR LISTA: C. Unidad por Chile] Postura tomada del vector base de la coalicion sin desviacion. Data sintetica. NO es declaracion personal del candidato. Ver dataset/README.md.,https://es.wikipedia.org/wiki/Unidad_por_Chile
Valencia Becerra,Monica Alicia,Independiente Liberal de Chile,7,El Senado debe aprobar el reconocimiento formal del Estado d,4,[INFERIDO POR LISTA: C. Unidad por Chile] Postura tomada del vector base de la coalicion sin desviacion. Data sintetica. NO es declaracion personal del candidato. Ver dataset/README.md.,https://es.wikipedia.org/wiki/Unidad_por_Chile
Valencia Becerra,Monica Alicia,Independiente Liberal de Chile,8,Chile debe mantenerse dentro del Tratado Interamericano de A,2,[INFERIDO POR LISTA: C. Unidad por Chile] Postura tomada del vector base de la coalicion sin desviacion. Data sintetica. NO es declaracion personal del candidato. Ver dataset/README.md.,https://es.wikipedia.org/wiki/Unidad_por_Chile
Valencia Becerra,Monica Alicia,Independiente Liberal de Chile,9,El Senado debe aprobar la reforma previsional aumentando el ,5,[INFERIDO POR LISTA: C. Unidad por Chile] Postura tomada del vector base de la coalicion sin desviacion. Data sintetica. NO es declaracion personal del candidato. Ver dataset/README.md.,https://es.wikipedia.org/wiki/Unidad_por_Chile
Valencia Becerra,Monica Alicia,Independiente Liberal de Chile,10,"El royalty minero al cobre debe aumentarse por sobre el 4,7%",4,[INFERIDO POR LISTA: C. Unidad por Chile] Postura tomada del vector base de la coalicion sin desviacion. Data sintetica. NO es declaracion personal del candidato. Ver dataset/README.md.,https://es.wikipedia.org/wiki/Unidad_por_Chile
Valencia Becerra,Monica Alicia,Independiente Liberal de Chile,11,"El Senado debe aprobar el fin del sistema de isapres, migran",3,"[INFERIDO POR LISTA: C. Unidad por Chile] Base coalicion=4, candidato=3 (RUIDO -1 deterministico). Refleja variacion intra-partido no verificada. Data sintetica. NO es declaracion personal del candidato. Ver dataset/README.md.",https://es.wikipedia.org/wiki/Unidad_por_Chile
Valencia Becerra,Monica Alicia,Independiente Liberal de Chile,12,El Senado debe aprobar el proyecto de eutanasia activa volun,4,[INFERIDO POR LISTA: C. Unidad por Chile] Postura tomada del vector base de la coalicion sin desviacion. Data sintetica. NO es declaracion personal del candidato. Ver dataset/README.md.,https://es.wikipedia.org/wiki/Unidad_por_Chile
Valencia Becerra,Monica Alicia,Independiente Liberal de Chile,13,El Senado debe declarar por ley las zonas de sacrificio como,4,[INFERIDO POR LISTA: C. Unidad por Chile] Postura tomada del vector base de la coalicion sin desviacion. Data sintetica. NO es declaracion personal del candidato. Ver dataset/README.md.,https://es.wikipedia.org/wiki/Unidad_por_Chile
Valencia Becerra,Monica Alicia,Independiente Liberal de Chile,14,El Senado debe aprobar la modernizacion de la Ley Antiterror,2,[INFERIDO POR LISTA: C. Unidad por Chile] Postura tomada del vector base de la coalicion sin desviacion. Data sintetica. NO es declaracion personal del candidato. Ver dataset/README.md.,https://es.wikipedia.org/wiki/Unidad_por_Chile
Valencia Becerra,Monica Alicia,Independiente Liberal de Chile,15,El Senado debe incluir escanos reservados permanentes para r,3,"[INFERIDO POR LISTA: C. Unidad por Chile] Base coalicion=4, candidato=3 (RUIDO -1 deterministico). Refleja variacion intra-partido no verificada. Data sintetica. NO es declaracion personal del candidato. Ver dataset/README.md.",https://es.wikipedia.org/wiki/Unidad_por_Chile
Aguilar Ortiz,Jazmin,Radical de Chile,1,"El Senado debe mantenerse como camara revisora del Congreso,",3,"[INFERIDO POR LISTA: C. Unidad por Chile] Base coalicion=4, candidato=3 (RUIDO -1 deterministico). Refleja variacion intra-partido no verificada. Data sintetica. NO es declaracion personal del candidato. Ver dataset/README.md.",https://es.wikipedia.org/wiki/Unidad_por_Chile
Aguilar Ortiz,Jazmin,Radical de Chile,2,El Senado debe endurecer el proceso de aprobacion de nombram,4,[INFERIDO POR LISTA: C. Unidad por Chile] Postura tomada del vector base de la coalicion sin desviacion. Data sintetica. NO es declaracion personal del candidato. Ver dataset/README.md.,https://es.wikipedia.org/wiki/Unidad_por_Chile
Aguilar Ortiz,Jazmin,Radical de Chile,3,El Senado debe aprobar por ley una limitacion a dos periodos,4,"[INFERIDO POR LISTA: C. Unidad por Chile] Base coalicion=3, candidato=4 (RUIDO +1 deterministico). Refleja variacion intra-partido no verificada. Data sintetica. NO es declaracion personal del candidato. Ver dataset/README.md.",https://es.wikipedia.org/wiki/Unidad_por_Chile
Aguilar Ortiz,Jazmin,Radical de Chile,4,Chile debe restaurar el quorum de dos tercios para reformas ,2,[INFERIDO POR LISTA: C. Unidad por Chile] Postura tomada del vector base de la coalicion sin desviacion. Data sintetica. NO es declaracion personal del candidato. Ver dataset/README.md.,https://es.wikipedia.org/wiki/Unidad_por_Chile
Aguilar Ortiz,Jazmin,Radical de Chile,5,El Senado debe reducirse de 50 a 43 escanos para racionaliza,2,[INFERIDO POR LISTA: C. Unidad por Chile] Postura tomada del vector base de la coalicion sin desviacion. Data sintetica. NO es declaracion personal del candidato. Ver dataset/README.md.,https://es.wikipedia.org/wiki/Unidad_por_Chile
Aguilar Ortiz,Jazmin,Radical de Chile,6,El Senado debe promover el retiro de Chile del Tratado Integ,2,"[INFERIDO POR LISTA: C. Unidad por Chile] Base coalicion=3, candidato=2 (RUIDO -1 deterministico). Refleja variacion intra-partido no verificada. Data sintetica. NO es declaracion personal del candidato. Ver dataset/README.md.",https://es.wikipedia.org/wiki/Unidad_por_Chile
Aguilar Ortiz,Jazmin,Radical de Chile,7,El Senado debe aprobar el reconocimiento formal del Estado d,4,[INFERIDO POR LISTA: C. Unidad por Chile] Postura tomada del vector base de la coalicion sin desviacion. Data sintetica. NO es declaracion personal del candidato. Ver dataset/README.md.,https://es.wikipedia.org/wiki/Unidad_por_Chile
Aguilar Ortiz,Jazmin,Radical de Chile,8,Chile debe mantenerse dentro del Tratado Interamericano de A,2,[INFERIDO POR LISTA: C. Unidad por Chile] Postura tomada del vector base de la coalicion sin desviacion. Data sintetica. NO es declaracion personal del candidato. Ver dataset/README.md.,https://es.wikipedia.org/wiki/Unidad_por_Chile
Aguilar Ortiz,Jazmin,Radical de Chile,9,El Senado debe aprobar la reforma previsional aumentando el ,4,"[INFERIDO POR LISTA: C. Unidad por Chile] Base coalicion=5, candidato=4 (RUIDO -1 deterministico). Refleja variacion intra-partido no verificada. Data sintetica. NO es declaracion personal del candidato. Ver dataset/README.md.",https://es.wikipedia.org/wiki/Unidad_por_Chile
Aguilar Ortiz,Jazmin,Radical de Chile,10,"El royalty minero al cobre debe aumentarse por sobre el 4,7%",3,"[INFERIDO POR LISTA: C. Unidad por Chile] Base coalicion=4, candidato=3 (RUIDO -1 deterministico). Refleja variacion intra-partido no verificada. Data sintetica. NO es declaracion personal del candidato. Ver dataset/README.md.",https://es.wikipedia.org/wiki/Unidad_por_Chile
Aguilar Ortiz,Jazmin,Radical de Chile,11,"El Senado debe aprobar el fin del sistema de isapres, migran",3,"[INFERIDO POR LISTA: C. Unidad por Chile] Base coalicion=4, candidato=3 (RUIDO -1 deterministico). Refleja variacion intra-partido no verificada. Data sintetica. NO es declaracion personal del candidato. Ver dataset/README.md.",https://es.wikipedia.org/wiki/Unidad_por_Chile
Aguilar Ortiz,Jazmin,Radical de Chile,12,El Senado debe aprobar el proyecto de eutanasia activa volun,4,[INFERIDO POR LISTA: C. Unidad por Chile] Postura tomada del vector base de la coalicion sin desviacion. Data sintetica. NO es declaracion personal del candidato. Ver dataset/README.md.,https://es.wikipedia.org/wiki/Unidad_por_Chile
Aguilar Ortiz,Jazmin,Radical de Chile,14,El Senado debe aprobar la modernizacion de la Ley Antiterror,2,[INFERIDO POR LISTA: C. Unidad por Chile] Postura tomada del vector base de la coalicion sin desviacion. Data sintetica. NO es declaracion personal del candidato. Ver dataset/README.md.,https://es.wikipedia.org/wiki/Unidad_por_Chile
Aguilar Ortiz,Jazmin,Radical de Chile,15,El Senado debe incluir escanos reservados permanentes para r,4,[INFERIDO POR LISTA: C. Unidad por Chile] Postura tomada del vector base de la coalicion sin desviacion. Data sintetica. NO es declaracion personal del candidato. Ver dataset/README.md.,https://es.wikipedia.org/wiki/Unidad_por_Chile
Lizama Soto,Ricardo,Por La Democracia,1,"El Senado debe mantenerse como camara revisora del Congreso,",4,[INFERIDO POR LISTA: C. Unidad por Chile] Postura tomada del vector base de la coalicion sin desviacion. Data sintetica. NO es declaracion personal del candidato. Ver dataset/README.md.,https://es.wikipedia.org/wiki/Unidad_por_Chile
Lizama Soto,Ricardo,Por La Democracia,2,El Senado debe endurecer el proceso de aprobacion de nombram,4,[INFERIDO POR LISTA: C. Unidad por Chile] Postura tomada del vector base de la coalicion sin desviacion. Data sintetica. NO es declaracion personal del candidato. Ver dataset/README.md.,https://es.wikipedia.org/wiki/Unidad_por_Chile
Lizama Soto,Ricardo,Por La Democracia,3,El Senado debe aprobar por ley una limitacion a dos periodos,3,[INFERIDO POR LISTA: C. Unidad por Chile] Postura tomada del vector base de la coalicion sin desviacion. Data sintetica. NO es declaracion personal del candidato. Ver dataset/README.md.,https://es.wikipedia.org/wiki/Unidad_por_Chile
Lizama Soto,Ricardo,Por La Democracia,4,Chile debe restaurar el quorum de dos tercios para reformas ,2,[INFERIDO POR LISTA: C. Unidad por Chile] Postura tomada del vector base de la coalicion sin desviacion. Data sintetica. NO es declaracion personal del candidato. Ver dataset/README.md.,https://es.wikipedia.org/wiki/Unidad_por_Chile
Lizama Soto,Ricardo,Por La Democracia,5,El Senado debe reducirse de 50 a 43 escanos para racionaliza,2,[INFERIDO POR LISTA: C. Unidad por Chile] Postura tomada del vector base de la coalicion sin desviacion. Data sintetica. NO es declaracion personal del candidato. Ver dataset/README.md.,https://es.wikipedia.org/wiki/Unidad_por_Chile
Lizama Soto,Ricardo,Por La Democracia,6,El Senado debe promover el retiro de Chile del Tratado Integ,4,"[INFERIDO POR LISTA: C. Unidad por Chile] Base coalicion=3, candidato=4 (RUIDO +1 deterministico). Refleja variacion intra-partido no verificada. Data sintetica. NO es declaracion personal del candidato. Ver dataset/README.md.",https://es.wikipedia.org/wiki/Unidad_por_Chile
Lizama Soto,Ricardo,Por La Democracia,7,El Senado debe aprobar el reconocimiento formal del Estado d,4,[INFERIDO POR LISTA: C. Unidad por Chile] Postura tomada del vector base de la coalicion sin desviacion. Data sintetica. NO es declaracion personal del candidato. Ver dataset/README.md.,https://es.wikipedia.org/wiki/Unidad_por_Chile
Lizama Soto,Ricardo,Por La Democracia,8,Chile debe mantenerse dentro del Tratado Interamericano de A,2,[INFERIDO POR LISTA: C. Unidad por Chile] Postura tomada del vector base de la coalicion sin desviacion. Data sintetica. NO es declaracion personal del candidato. Ver dataset/README.md.,https://es.wikipedia.org/wiki/Unidad_por_Chile
Lizama Soto,Ricardo,Por La Democracia,9,El Senado debe aprobar la reforma previsional aumentando el ,5,[INFERIDO POR LISTA: C. Unidad por Chile] Postura tomada del vector base de la coalicion sin desviacion. Data sintetica. NO es declaracion personal del candidato. Ver dataset/README.md.,https://es.wikipedia.org/wiki/Unidad_por_Chile
Lizama Soto,Ricardo,Por La Democracia,10,"El royalty minero al cobre debe aumentarse por sobre el 4,7%",3,"[INFERIDO POR LISTA: C. Unidad por Chile] Base coalicion=4, candidato=3 (RUIDO -1 deterministico). Refleja variacion intra-partido no verificada. Data sintetica. NO es declaracion personal del candidato. Ver dataset/README.md.",https://es.wikipedia.org/wiki/Unidad_por_Chile
Lizama Soto,Ricardo,Por La Democracia,12,El Senado debe aprobar el proyecto de eutanasia activa volun,4,[INFERIDO POR LISTA: C. Unidad por Chile] Postura tomada del vector base de la coalicion sin desviacion. Data sintetica. NO es declaracion personal del candidato. Ver dataset/README.md.,https://es.wikipedia.org/wiki/Unidad_por_Chile
Lizama Soto,Ricardo,Por La Democracia,13,El Senado debe declarar por ley las zonas de sacrificio como,4,[INFERIDO POR LISTA: C. Unidad por Chile] Postura tomada del vector base de la coalicion sin desviacion. Data sintetica. NO es declaracion personal del candidato. Ver dataset/README.md.,https://es.wikipedia.org/wiki/Unidad_por_Chile
Lizama Soto,Ricardo,Por La Democracia,14,El Senado debe aprobar la modernizacion de la Ley Antiterror,3,"[INFERIDO POR LISTA: C. Unidad por Chile] Base coalicion=2, candidato=3 (RUIDO +1 deterministico). Refleja variacion intra-partido no verificada. Data sintetica. NO es declaracion personal del candidato. Ver dataset/README.md.",https://es.wikipedia.org/wiki/Unidad_por_Chile
Insulza Salinas,Jose Miguel,Socialista de Chile,2,El Senado debe endurecer el proceso de aprobacion de nombram,5,"[INFERIDO POR LISTA: C. Unidad por Chile] Base coalicion=4, candidato=5 (RUIDO +1 deterministico). Refleja variacion intra-partido no verificada. Data sintetica. NO es declaracion personal del candidato. Ver dataset/README.md.",https://es.wikipedia.org/wiki/Unidad_por_Chile
Insulza Salinas,Jose Miguel,Socialista de Chile,3,El Senado debe aprobar por ley una limitacion a dos periodos,3,[INFERIDO POR LISTA: C. Unidad por Chile] Postura tomada del vector base de la coalicion sin desviacion. Data sintetica. NO es declaracion personal del candidato. Ver dataset/README.md.,https://es.wikipedia.org/wiki/Unidad_por_Chile
Insulza Salinas,Jose Miguel,Socialista de Chile,4,Chile debe restaurar el quorum de dos tercios para reformas ,1,"[INFERIDO POR LISTA: C. Unidad por Chile] Base coalicion=2, candidato=1 (RUIDO -1 deterministico). Refleja variacion intra-partido no verificada. Data sintetica. NO es declaracion personal del candidato. Ver dataset/README.md.",https://es.wikipedia.org/wiki/Unidad_por_Chile
Insulza Salinas,Jose Miguel,Socialista de Chile,6,El Senado debe promover el retiro de Chile del Tratado Integ,3,[INFERIDO POR LISTA: C. Unidad por Chile] Postura tomada del vector base de la coalicion sin desviacion. Data sintetica. NO es declaracion personal del candidato. Ver dataset/README.md.,https://es.wikipedia.org/wiki/Unidad_por_Chile
Insulza Salinas,Jose Miguel,Socialista de Chile,7,El Senado debe aprobar el reconocimiento formal del Estado d,5,"[INFERIDO POR LISTA: C. Unidad por Chile] Base coalicion=4, candidato=5 (RUIDO +1 deterministico). Refleja variacion intra-partido no verificada. Data sintetica. NO es declaracion personal del candidato. Ver dataset/README.md.",https://es.wikipedia.org/wiki/Unidad_por_Chile
Insulza Salinas,Jose Miguel,Socialista de Chile,8,Chile debe mantenerse dentro del Tratado Interamericano de A,2,[INFERIDO POR LISTA: C. Unidad por Chile] Postura tomada del vector base de la coalicion sin desviacion. Data sintetica. NO es declaracion personal del candidato. Ver dataset/README.md.,https://es.wikipedia.org/wiki/Unidad_por_Chile
Insulza Salinas,Jose Miguel,Socialista de Chile,9,El Senado debe aprobar la reforma previsional aumentando el ,5,[INFERIDO POR LISTA: C. Unidad por Chile] Postura tomada del vector base de la coalicion sin desviacion. Data sintetica. NO es declaracion personal del candidato. Ver dataset/README.md.,https://es.wikipedia.org/wiki/Unidad_por_Chile
Insulza Salinas,Jose Miguel,Socialista de Chile,10,"El royalty minero al cobre debe aumentarse por sobre el 4,7%",5,"[INFERIDO POR LISTA: C. Unidad por Chile] Base coalicion=4, candidato=5 (RUIDO +1 deterministico). Refleja variacion intra-partido no verificada. Data sintetica. NO es declaracion personal del candidato. Ver dataset/README.md.",https://es.wikipedia.org/wiki/Unidad_por_Chile
Insulza Salinas,Jose Miguel,Socialista de Chile,11,"El Senado debe aprobar el fin del sistema de isapres, migran",5,"[INFERIDO POR LISTA: C. Unidad por Chile] Base coalicion=4, candidato=5 (RUIDO +1 deterministico). Refleja variacion intra-partido no verificada. Data sintetica. NO es declaracion personal del candidato. Ver dataset/README.md.",https://es.wikipedia.org/wiki/Unidad_por_Chile
Insulza Salinas,Jose Miguel,Socialista de Chile,12,El Senado debe aprobar el proyecto de eutanasia activa volun,4,[INFERIDO POR LISTA: C. Unidad por Chile] Postura tomada del vector base de la coalicion sin desviacion. Data sintetica. NO es declaracion personal del candidato. Ver dataset/README.md.,https://es.wikipedia.org/wiki/Unidad_por_Chile
Insulza Salinas,Jose Miguel,Socialista de Chile,13,El Senado debe declarar por ley las zonas de sacrificio como,4,[INFERIDO POR LISTA: C. Unidad por Chile] Postura tomada del vector base de la coalicion sin desviacion. Data sintetica. NO es declaracion personal del candidato. Ver dataset/README.md.,https://es.wikipedia.org/wiki/Unidad_por_Chile
Insulza Salinas,Jose Miguel,Socialista de Chile,14,El Senado debe aprobar la modernizacion de la Ley Antiterror,2,[INFERIDO POR LISTA: C. Unidad por Chile] Postura tomada del vector base de la coalicion sin desviacion. Data sintetica. NO es declaracion personal del candidato. Ver dataset/README.md.,https://es.wikipedia.org/wiki/Unidad_por_Chile
Insulza Salinas,Jose Miguel,Socialista de Chile,15,El Senado debe incluir escanos reservados permanentes para r,5,"[INFERIDO POR LISTA: C. Unidad por Chile] Base coalicion=4, candidato=5 (RUIDO +1 deterministico). Refleja variacion intra-partido no verificada. Data sintetica. NO es declaracion personal del candidato. Ver dataset/README.md.",https://es.wikipedia.org/wiki/Unidad_por_Chile
Figueroa Urrutia,Juan Carlos,Demócrata Cristiano,1,"El Senado debe mantenerse como camara revisora del Congreso,",5,"[INFERIDO POR LISTA: C. Unidad por Chile] Base coalicion=4, candidato=5 (RUIDO +1 deterministico). Refleja variacion intra-partido no verificada. Data sintetica. NO es declaracion personal del candidato. Ver dataset/README.md.",https://es.wikipedia.org/wiki/Unidad_por_Chile
Figueroa Urrutia,Juan Carlos,Demócrata Cristiano,2,El Senado debe endurecer el proceso de aprobacion de nombram,4,[INFERIDO POR LISTA: C. Unidad por Chile] Postura tomada del vector base de la coalicion sin desviacion. Data sintetica. NO es declaracion personal del candidato. Ver dataset/README.md.,https://es.wikipedia.org/wiki/Unidad_por_Chile
Figueroa Urrutia,Juan Carlos,Demócrata Cristiano,3,El Senado debe aprobar por ley una limitacion a dos periodos,3,[INFERIDO POR LISTA: C. Unidad por Chile] Postura tomada del vector base de la coalicion sin desviacion. Data sintetica. NO es declaracion personal del candidato. Ver dataset/README.md.,https://es.wikipedia.org/wiki/Unidad_por_Chile
Figueroa Urrutia,Juan Carlos,Demócrata Cristiano,4,Chile debe restaurar el quorum de dos tercios para reformas ,1,"[INFERIDO POR LISTA: C. Unidad por Chile] Base coalicion=2, candidato=1 (RUIDO -1 deterministico). Refleja variacion intra-partido no verificada. Data sintetica. NO es declaracion personal del candidato. Ver dataset/README.md.",https://es.wikipedia.org/wiki/Unidad_por_Chile
Figueroa Urrutia,Juan Carlos,Demócrata Cristiano,5,El Senado debe reducirse de 50 a 43 escanos para racionaliza,1,"[INFERIDO POR LISTA: C. Unidad por Chile] Base coalicion=2, candidato=1 (RUIDO -1 deterministico). Refleja variacion intra-partido no verificada. Data sintetica. NO es declaracion personal del candidato. Ver dataset/README.md.",https://es.wikipedia.org/wiki/Unidad_por_Chile
Figueroa Urrutia,Juan Carlos,Demócrata Cristiano,6,El Senado debe promover el retiro de Chile del Tratado Integ,2,"[INFERIDO POR LISTA: C. Unidad por Chile] Base coalicion=3, candidato=2 (RUIDO -1 deterministico). Refleja variacion intra-partido no verificada. Data sintetica. NO es declaracion personal del candidato. Ver dataset/README.md.",https://es.wikipedia.org/wiki/Unidad_por_Chile
Figueroa Urrutia,Juan Carlos,Demócrata Cristiano,7,El Senado debe aprobar el reconocimiento formal del Estado d,5,"[INFERIDO POR LISTA: C. Unidad por Chile] Base coalicion=4, candidato=5 (RUIDO +1 deterministico). Refleja variacion intra-partido no verificada. Data sintetica. NO es declaracion personal del candidato. Ver dataset/README.md.",https://es.wikipedia.org/wiki/Unidad_por_Chile
Figueroa Urrutia,Juan Carlos,Demócrata Cristiano,8,Chile debe mantenerse dentro del Tratado Interamericano de A,2,[INFERIDO POR LISTA: C. Unidad por Chile] Postura tomada del vector base de la coalicion sin desviacion. Data sintetica. NO es declaracion personal del candidato. Ver dataset/README.md.,https://es.wikipedia.org/wiki/Unidad_por_Chile
Figueroa Urrutia,Juan Carlos,Demócrata Cristiano,10,"El royalty minero al cobre debe aumentarse por sobre el 4,7%",5,"[INFERIDO POR LISTA: C. Unidad por Chile] Base coalicion=4, candidato=5 (RUIDO +1 deterministico). Refleja variacion intra-partido no verificada. Data sintetica. NO es declaracion personal del candidato. Ver dataset/README.md.",https://es.wikipedia.org/wiki/Unidad_por_Chile
Figueroa Urrutia,Juan Carlos,Demócrata Cristiano,11,"El Senado debe aprobar el fin del sistema de isapres, migran",3,[INFERIDO POR PARTIDO: Demócrata Cristiano] Postura tomada del vector base de la coalicion sin desviacion. Data sintetica. NO es declaracion personal del candidato. Ver dataset/README.md.,https://es.wikipedia.org/wiki/Unidad_por_Chile
Figueroa Urrutia,Juan Carlos,Demócrata Cristiano,13,El Senado debe declarar por ley las zonas de sacrificio como,3,"[INFERIDO POR LISTA: C. Unidad por Chile] Base coalicion=4, candidato=3 (RUIDO -1 deterministico). Refleja variacion intra-partido no verificada. Data sintetica. NO es declaracion personal del candidato. Ver dataset/README.md.",https://es.wikipedia.org/wiki/Unidad_por_Chile
Figueroa Urrutia,Juan Carlos,Demócrata Cristiano,14,El Senado debe aprobar la modernizacion de la Ley Antiterror,3,"[INFERIDO POR LISTA: C. Unidad por Chile] Base coalicion=2, candidato=3 (RUIDO +1 deterministico). Refleja variacion intra-partido no verificada. Data sintetica. NO es declaracion personal del candidato. Ver dataset/README.md.",https://es.wikipedia.org/wiki/Unidad_por_Chile
Figueroa Urrutia,Juan Carlos,Demócrata Cristiano,15,El Senado debe incluir escanos reservados permanentes para r,3,[INFERIDO POR PARTIDO: Demócrata Cristiano] Postura tomada del vector base de la coalicion sin desviacion. Data sintetica. NO es declaracion personal del candidato. Ver dataset/README.md.,https://es.wikipedia.org/wiki/Unidad_por_Chile
Sepulveda Soto,Alexis,Radical de Chile,1,"El Senado debe mantenerse como camara revisora del Congreso,",4,[INFERIDO POR LISTA: C. Unidad por Chile] Postura tomada del vector base de la coalicion sin desviacion. Data sintetica. NO es declaracion personal del candidato. Ver dataset/README.md.,https://es.wikipedia.org/wiki/Unidad_por_Chile
Sepulveda Soto,Alexis,Radical de Chile,2,El Senado debe endurecer el proceso de aprobacion de nombram,4,[INFERIDO POR LISTA: C. Unidad por Chile] Postura tomada del vector base de la coalicion sin desviacion. Data sintetica. NO es declaracion personal del candidato. Ver dataset/README.md.,https://es.wikipedia.org/wiki/Unidad_por_Chile
Sepulveda Soto,Alexis,Radical de Chile,3,El Senado debe aprobar por ley una limitacion a dos periodos,3,[INFERIDO POR LISTA: C. Unidad por Chile] Postura tomada del vector base de la coalicion sin desviacion. Data sintetica. NO es declaracion personal del candidato. Ver dataset/README.md.,https://es.wikipedia.org/wiki/Unidad_por_Chile
Sepulveda Soto,Alexis,Radical de Chile,4,Chile debe restaurar el quorum de dos tercios para reformas ,3,"[INFERIDO POR LISTA: C. Unidad por Chile] Base coalicion=2, candidato=3 (RUIDO +1 deterministico). Refleja variacion intra-partido no verificada. Data sintetica. NO es declaracion personal del candidato. Ver dataset/README.md.",https://es.wikipedia.org/wiki/Unidad_por_Chile
Sepulveda Soto,Alexis,Radical de Chile,5,El Senado debe reducirse de 50 a 43 escanos para racionaliza,1,"[INFERIDO POR LISTA: C. Unidad por Chile] Base coalicion=2, candidato=1 (RUIDO -1 deterministico). Refleja variacion intra-partido no verificada. Data sintetica. NO es declaracion personal del candidato. Ver dataset/README.md.",https://es.wikipedia.org/wiki/Unidad_por_Chile
Sepulveda Soto,Alexis,Radical de Chile,6,El Senado debe promover el retiro de Chile del Tratado Integ,4,"[INFERIDO POR LISTA: C. Unidad por Chile] Base coalicion=3, candidato=4 (RUIDO +1 deterministico). Refleja variacion intra-partido no verificada. Data sintetica. NO es declaracion personal del candidato. Ver dataset/README.md.",https://es.wikipedia.org/wiki/Unidad_por_Chile
Sepulveda Soto,Alexis,Radical de Chile,7,El Senado debe aprobar el reconocimiento formal del Estado d,4,[INFERIDO POR LISTA: C. Unidad por Chile] Postura tomada del vector base de la coalicion sin desviacion. Data sintetica. NO es declaracion personal del candidato. Ver dataset/README.md.,https://es.wikipedia.org/wiki/Unidad_por_Chile
Sepulveda Soto,Alexis,Radical de Chile,8,Chile debe mantenerse dentro del Tratado Interamericano de A,2,[INFERIDO POR LISTA: C. Unidad por Chile] Postura tomada del vector base de la coalicion sin desviacion. Data sintetica. NO es declaracion personal del candidato. Ver dataset/README.md.,https://es.wikipedia.org/wiki/Unidad_por_Chile
Sepulveda Soto,Alexis,Radical de Chile,9,El Senado debe aprobar la reforma previsional aumentando el ,5,[INFERIDO POR LISTA: C. Unidad por Chile] Postura tomada del vector base de la coalicion sin desviacion. Data sintetica. NO es declaracion personal del candidato. Ver dataset/README.md.,https://es.wikipedia.org/wiki/Unidad_por_Chile
Sepulveda Soto,Alexis,Radical de Chile,11,"El Senado debe aprobar el fin del sistema de isapres, migran",4,[INFERIDO POR LISTA: C. Unidad por Chile] Postura tomada del vector base de la coalicion sin desviacion. Data sintetica. NO es declaracion personal del candidato. Ver dataset/README.md.,https://es.wikipedia.org/wiki/Unidad_por_Chile
Sepulveda Soto,Alexis,Radical de Chile,12,El Senado debe aprobar el proyecto de eutanasia activa volun,5,"[INFERIDO POR LISTA: C. Unidad por Chile] Base coalicion=4, candidato=5 (RUIDO +1 deterministico). Refleja variacion intra-partido no verificada. Data sintetica. NO es declaracion personal del candidato. Ver dataset/README.md.",https://es.wikipedia.org/wiki/Unidad_por_Chile
Sepulveda Soto,Alexis,Radical de Chile,13,El Senado debe declarar por ley las zonas de sacrificio como,5,"[INFERIDO POR LISTA: C. Unidad por Chile] Base coalicion=4, candidato=5 (RUIDO +1 deterministico). Refleja variacion intra-partido no verificada. Data sintetica. NO es declaracion personal del candidato. Ver dataset/README.md.",https://es.wikipedia.org/wiki/Unidad_por_Chile
Sepulveda Soto,Alexis,Radical de Chile,14,El Senado debe aprobar la modernizacion de la Ley Antiterror,3,"[INFERIDO POR LISTA: C. Unidad por Chile] Base coalicion=2, candidato=3 (RUIDO +1 deterministico). Refleja variacion intra-partido no verificada. Data sintetica. NO es declaracion personal del candidato. Ver dataset/README.md.",https://es.wikipedia.org/wiki/Unidad_por_Chile
Sepulveda Soto,Alexis,Radical de Chile,15,El Senado debe incluir escanos reservados permanentes para r,4,[INFERIDO POR LISTA: C. Unidad por Chile] Postura tomada del vector base de la coalicion sin desviacion. Data sintetica. NO es declaracion personal del candidato. Ver dataset/README.md.,https://es.wikipedia.org/wiki/Unidad_por_Chile
Fernandez Diaz,Arturo,Independiente Igualdad,1,"El Senado debe mantenerse como camara revisora del Congreso,",2,[INFERIDO POR LISTA: D. Izquierda Ecologista Popular Animalista y Humanista] Postura tomada del vector base de la coalicion sin desviacion. Data sintetica. NO es declaracion personal del candidato. Ver dataset/README.md.,https://es.wikipedia.org/wiki/Partido_Humanista_(Chile)
Fernandez Diaz,Arturo,Independiente Igualdad,2,El Senado debe endurecer el proceso de aprobacion de nombram,4,"[INFERIDO POR LISTA: D. Izquierda Ecologista Popular Animalista y Humanista] Base coalicion=5, candidato=4 (RUIDO -1 deterministico). Refleja variacion intra-partido no verificada. Data sintetica. NO es declaracion personal del candidato. Ver dataset/README.md.",https://es.wikipedia.org/wiki/Partido_Humanista_(Chile)
Fernandez Diaz,Arturo,Independiente Igualdad,3,El Senado debe aprobar por ley una limitacion a dos periodos,5,[INFERIDO POR LISTA: D. Izquierda Ecologista Popular Animalista y Humanista] Postura tomada del vector base de la coalicion sin desviacion. Data sintetica. NO es declaracion personal del candidato. Ver dataset/README.md.,https://es.wikipedia.org/wiki/Partido_Humanista_(Chile)
Fernandez Diaz,Arturo,Independiente Igualdad,4,Chile debe restaurar el quorum de dos tercios para reformas ,1,[INFERIDO POR LISTA: D. Izquierda Ecologista Popular Animalista y Humanista] Postura tomada del vector base de la coalicion sin desviacion. Data sintetica. NO es declaracion personal del candidato. Ver dataset/README.md.,https://es.wikipedia.org/wiki/Partido_Humanista_(Chile)
Fernandez Diaz,Arturo,Independiente Igualdad,5,El Senado debe reducirse de 50 a 43 escanos para racionaliza,3,"[INFERIDO POR LISTA: D. Izquierda Ecologista Popular Animalista y Humanista] Base coalicion=4, candidato=3 (RUIDO -1 deterministico). Refleja variacion intra-partido no verificada. Data sintetica. NO es declaracion personal del candidato. Ver dataset/README.md.",https://es.wikipedia.org/wiki/Partido_Humanista_(Chile)
Fernandez Diaz,Arturo,Independiente Igualdad,6,El Senado debe promover el retiro de Chile del Tratado Integ,5,[INFERIDO POR LISTA: D. Izquierda Ecologista Popular Animalista y Humanista] Postura tomada del vector base de la coalicion sin desviacion. Data sintetica. NO es declaracion personal del candidato. Ver dataset/README.md.,https://es.wikipedia.org/wiki/Partido_Humanista_(Chile)
Fernandez Diaz,Arturo,Independiente Igualdad,7,El Senado debe aprobar el reconocimiento formal del Estado d,5,[INFERIDO POR LISTA: D. Izquierda Ecologista Popular Animalista y Humanista] Postura tomada del vector base de la coalicion sin desviacion. Data sintetica. NO es declaracion personal del candidato. Ver dataset/README.md.,https://es.wikipedia.org/wiki/Partido_Humanista_(Chile)
Fernandez Diaz,Arturo,Independiente Igualdad,8,Chile debe mantenerse dentro del Tratado Interamericano de A,2,"[INFERIDO POR LISTA: D. Izquierda Ecologista Popular Animalista y Humanista] Base coalicion=1, candidato=2 (RUIDO +1 deterministico). Refleja variacion intra-partido no verificada. Data sintetica. NO es declaracion personal del candidato. Ver dataset/README.md.",https://es.wikipedia.org/wiki/Partido_Humanista_(Chile)
Fernandez Diaz,Arturo,Independiente Igualdad,9,El Senado debe aprobar la reforma previsional aumentando el ,5,[INFERIDO POR LISTA: D. Izquierda Ecologista Popular Animalista y Humanista] Postura tomada del vector base de la coalicion sin desviacion. Data sintetica. NO es declaracion personal del candidato. Ver dataset/README.md.,https://es.wikipedia.org/wiki/Partido_Humanista_(Chile)
Fernandez Diaz,Arturo,Independiente Igualdad,10,"El royalty minero al cobre debe aumentarse por sobre el 4,7%",5,[INFERIDO POR LISTA: D. Izquierda Ecologista Popular Animalista y Humanista] Postura tomada del vector base de la coalicion sin desviacion. Data sintetica. NO es declaracion personal del candidato. Ver dataset/README.md.,https://es.wikipedia.org/wiki/Partido_Humanista_(Chile)
Fernandez Diaz,Arturo,Independiente Igualdad,11,"El Senado debe aprobar el fin del sistema de isapres, migran",5,[INFERIDO POR LISTA: D. Izquierda Ecologista Popular Animalista y Humanista] Postura tomada del vector base de la coalicion sin desviacion. Data sintetica. NO es declaracion personal del candidato. Ver dataset/README.md.,https://es.wikipedia.org/wiki/Partido_Humanista_(Chile)
Fernandez Diaz,Arturo,Independiente Igualdad,12,El Senado debe aprobar el proyecto de eutanasia activa volun,4,"[INFERIDO POR LISTA: D. Izquierda Ecologista Popular Animalista y Humanista] Base coalicion=5, candidato=4 (RUIDO -1 deterministico). Refleja variacion intra-partido no verificada. Data sintetica. NO es declaracion personal del candidato. Ver dataset/README.md.",https://es.wikipedia.org/wiki/Partido_Humanista_(Chile)
Fernandez Diaz,Arturo,Independiente Igualdad,13,El Senado debe declarar por ley las zonas de sacrificio como,5,[INFERIDO POR LISTA: D. Izquierda Ecologista Popular Animalista y Humanista] Postura tomada del vector base de la coalicion sin desviacion. Data sintetica. NO es declaracion personal del candidato. Ver dataset/README.md.,https://es.wikipedia.org/wiki/Partido_Humanista_(Chile)
Fernandez Diaz,Arturo,Independiente Igualdad,14,El Senado debe aprobar la modernizacion de la Ley Antiterror,1,[INFERIDO POR LISTA: D. Izquierda Ecologista Popular Animalista y Humanista] Postura tomada del vector base de la coalicion sin desviacion. Data sintetica. NO es declaracion personal del candidato. Ver dataset/README.md.,https://es.wikipedia.org/wiki/Partido_Humanista_(Chile)
Fernandez Diaz,Arturo,Independiente Igualdad,15,El Senado debe incluir escanos reservados permanentes para r,5,[INFERIDO POR LISTA: D. Izquierda Ecologista Popular Animalista y Humanista] Postura tomada del vector base de la coalicion sin desviacion. Data sintetica. NO es declaracion personal del candidato. Ver dataset/README.md.,https://es.wikipedia.org/wiki/Partido_Humanista_(Chile)
Caceres Carvajal,Marina,Igualdad,1,"El Senado debe mantenerse como camara revisora del Congreso,",3,"[INFERIDO POR LISTA: D. Izquierda Ecologista Popular Animalista y Humanista] Base coalicion=2, candidato=3 (RUIDO +1 deterministico). Refleja variacion intra-partido no verificada. Data sintetica. NO es declaracion personal del candidato. Ver dataset/README.md.",https://es.wikipedia.org/wiki/Partido_Humanista_(Chile)
Caceres Carvajal,Marina,Igualdad,2,El Senado debe endurecer el proceso de aprobacion de nombram,5,[INFERIDO POR LISTA: D. Izquierda Ecologista Popular Animalista y Humanista] Postura tomada del vector base de la coalicion sin desviacion. Data sintetica. NO es declaracion personal del candidato. Ver dataset/README.md.,https://es.wikipedia.org/wiki/Partido_Humanista_(Chile)
Caceres Carvajal,Marina,Igualdad,3,El Senado debe aprobar por ley una limitacion a dos periodos,5,[INFERIDO POR LISTA: D. Izquierda Ecologista Popular Animalista y Humanista] Postura tomada del vector base de la coalicion sin desviacion. Data sintetica. NO es declaracion personal del candidato. Ver dataset/README.md.,https://es.wikipedia.org/wiki/Partido_Humanista_(Chile)
Caceres Carvajal,Marina,Igualdad,4,Chile debe restaurar el quorum de dos tercios para reformas ,1,[INFERIDO POR LISTA: D. Izquierda Ecologista Popular Animalista y Humanista] Postura tomada del vector base de la coalicion sin desviacion. Data sintetica. NO es declaracion personal del candidato. Ver dataset/README.md.,https://es.wikipedia.org/wiki/Partido_Humanista_(Chile)
Caceres Carvajal,Marina,Igualdad,5,El Senado debe reducirse de 50 a 43 escanos para racionaliza,4,[INFERIDO POR LISTA: D. Izquierda Ecologista Popular Animalista y Humanista] Postura tomada del vector base de la coalicion sin desviacion. Data sintetica. NO es declaracion personal del candidato. Ver dataset/README.md.,https://es.wikipedia.org/wiki/Partido_Humanista_(Chile)
Caceres Carvajal,Marina,Igualdad,6,El Senado debe promover el retiro de Chile del Tratado Integ,4,"[INFERIDO POR LISTA: D. Izquierda Ecologista Popular Animalista y Humanista] Base coalicion=5, candidato=4 (RUIDO -1 deterministico). Refleja variacion intra-partido no verificada. Data sintetica. NO es declaracion personal del candidato. Ver dataset/README.md.",https://es.wikipedia.org/wiki/Partido_Humanista_(Chile)
Caceres Carvajal,Marina,Igualdad,8,Chile debe mantenerse dentro del Tratado Interamericano de A,1,[INFERIDO POR LISTA: D. Izquierda Ecologista Popular Animalista y Humanista] Postura tomada del vector base de la coalicion sin desviacion. Data sintetica. NO es declaracion personal del candidato. Ver dataset/README.md.,https://es.wikipedia.org/wiki/Partido_Humanista_(Chile)
Caceres Carvajal,Marina,Igualdad,11,"El Senado debe aprobar el fin del sistema de isapres, migran",5,[INFERIDO POR LISTA: D. Izquierda Ecologista Popular Animalista y Humanista] Postura tomada del vector base de la coalicion sin desviacion. Data sintetica. NO es declaracion personal del candidato. Ver dataset/README.md.,https://es.wikipedia.org/wiki/Partido_Humanista_(Chile)
Caceres Carvajal,Marina,Igualdad,12,El Senado debe aprobar el proyecto de eutanasia activa volun,5,[INFERIDO POR LISTA: D. Izquierda Ecologista Popular Animalista y Humanista] Postura tomada del vector base de la coalicion sin desviacion. Data sintetica. NO es declaracion personal del candidato. Ver dataset/README.md.,https://es.wikipedia.org/wiki/Partido_Humanista_(Chile)
Caceres Carvajal,Marina,Igualdad,14,El Senado debe aprobar la modernizacion de la Ley Antiterror,1,[INFERIDO POR LISTA: D. Izquierda Ecologista Popular Animalista y Humanista] Postura tomada del vector base de la coalicion sin desviacion. Data sintetica. NO es declaracion personal del candidato. Ver dataset/README.md.,https://es.wikipedia.org/wiki/Partido_Humanista_(Chile)
Caceres Carvajal,Marina,Igualdad,15,El Senado debe incluir escanos reservados permanentes para r,5,[INFERIDO POR LISTA: D. Izquierda Ecologista Popular Animalista y Humanista] Postura tomada del vector base de la coalicion sin desviacion. Data sintetica. NO es declaracion personal del candidato. Ver dataset/README.md.,https://es.wikipedia.org/wiki/Partido_Humanista_(Chile)
Ojeda Murillo,Claudio Vicente,Humanista,1,"El Senado debe mantenerse como camara revisora del Congreso,",2,[INFERIDO POR LISTA: D. Izquierda Ecologista Popular Animalista y Humanista] Postura tomada del vector base de la coalicion sin desviacion. Data sintetica. NO es declaracion personal del candidato. Ver dataset/README.md.,https://es.wikipedia.org/wiki/Partido_Humanista_(Chile)
Ojeda Murillo,Claudio Vicente,Humanista,2,El Senado debe endurecer el proceso de aprobacion de nombram,5,[INFERIDO POR LISTA: D. Izquierda Ecologista Popular Animalista y Humanista] Postura tomada del vector base de la coalicion sin desviacion. Data sintetica. NO es declaracion personal del candidato. Ver dataset/README.md.,https://es.wikipedia.org/wiki/Partido_Humanista_(Chile)
Ojeda Murillo,Claudio Vicente,Humanista,3,El Senado debe aprobar por ley una limitacion a dos periodos,5,[INFERIDO POR LISTA: D. Izquierda Ecologista Popular Animalista y Humanista] Postura tomada del vector base de la coalicion sin desviacion. Data sintetica. NO es declaracion personal del candidato. Ver dataset/README.md.,https://es.wikipedia.org/wiki/Partido_Humanista_(Chile)
Ojeda Murillo,Claudio Vicente,Humanista,4,Chile debe restaurar el quorum de dos tercios para reformas ,1,[INFERIDO POR LISTA: D. Izquierda Ecologista Popular Animalista y Humanista] Postura tomada del vector base de la coalicion sin desviacion. Data sintetica. NO es declaracion personal del candidato. Ver dataset/README.md.,https://es.wikipedia.org/wiki/Partido_Humanista_(Chile)
Ojeda Murillo,Claudio Vicente,Humanista,5,El Senado debe reducirse de 50 a 43 escanos para racionaliza,5,"[INFERIDO POR LISTA: D. Izquierda Ecologista Popular Animalista y Humanista] Base coalicion=4, candidato=5 (RUIDO +1 deterministico). Refleja variacion intra-partido no verificada. Data sintetica. NO es declaracion personal del candidato. Ver dataset/README.md.",https://es.wikipedia.org/wiki/Partido_Humanista_(Chile)
Ojeda Murillo,Claudio Vicente,Humanista,6,El Senado debe promover el retiro de Chile del Tratado Integ,5,[INFERIDO POR LISTA: D. Izquierda Ecologista Popular Animalista y Humanista] Postura tomada del vector base de la coalicion sin desviacion. Data sintetica. NO es declaracion personal del candidato. Ver dataset/README.md.,https://es.wikipedia.org/wiki/Partido_Humanista_(Chile)
Ojeda Murillo,Claudio Vicente,Humanista,7,El Senado debe aprobar el reconocimiento formal del Estado d,5,[INFERIDO POR LISTA: D. Izquierda Ecologista Popular Animalista y Humanista] Postura tomada del vector base de la coalicion sin desviacion. Data sintetica. NO es declaracion personal del candidato. Ver dataset/README.md.,https://es.wikipedia.org/wiki/Partido_Humanista_(Chile)
Ojeda Murillo,Claudio Vicente,Humanista,8,Chile debe mantenerse dentro del Tratado Interamericano de A,2,"[INFERIDO POR LISTA: D. Izquierda Ecologista Popular Animalista y Humanista] Base coalicion=1, candidato=2 (RUIDO +1 deterministico). Refleja variacion intra-partido no verificada. Data sintetica. NO es declaracion personal del candidato. Ver dataset/README.md.",https://es.wikipedia.org/wiki/Partido_Humanista_(Chile)
Ojeda Murillo,Claudio Vicente,Humanista,9,El Senado debe aprobar la reforma previsional aumentando el ,4,"[INFERIDO POR LISTA: D. Izquierda Ecologista Popular Animalista y Humanista] Base coalicion=5, candidato=4 (RUIDO -1 deterministico). Refleja variacion intra-partido no verificada. Data sintetica. NO es declaracion personal del candidato. Ver dataset/README.md.",https://es.wikipedia.org/wiki/Partido_Humanista_(Chile)
Ojeda Murillo,Claudio Vicente,Humanista,10,"El royalty minero al cobre debe aumentarse por sobre el 4,7%",5,[INFERIDO POR LISTA: D. Izquierda Ecologista Popular Animalista y Humanista] Postura tomada del vector base de la coalicion sin desviacion. Data sintetica. NO es declaracion personal del candidato. Ver dataset/README.md.,https://es.wikipedia.org/wiki/Partido_Humanista_(Chile)
Ojeda Murillo,Claudio Vicente,Humanista,11,"El Senado debe aprobar el fin del sistema de isapres, migran",5,[INFERIDO POR LISTA: D. Izquierda Ecologista Popular Animalista y Humanista] Postura tomada del vector base de la coalicion sin desviacion. Data sintetica. NO es declaracion personal del candidato. Ver dataset/README.md.,https://es.wikipedia.org/wiki/Partido_Humanista_(Chile)
Ojeda Murillo,Claudio Vicente,Humanista,12,El Senado debe aprobar el proyecto de eutanasia activa volun,5,[INFERIDO POR LISTA: D. Izquierda Ecologista Popular Animalista y Humanista] Postura tomada del vector base de la coalicion sin desviacion. Data sintetica. NO es declaracion personal del candidato. Ver dataset/README.md.,https://es.wikipedia.org/wiki/Partido_Humanista_(Chile)
Ojeda Murillo,Claudio Vicente,Humanista,13,El Senado debe declarar por ley las zonas de sacrificio como,5,[INFERIDO POR LISTA: D. Izquierda Ecologista Popular Animalista y Humanista] Postura tomada del vector base de la coalicion sin desviacion. Data sintetica. NO es declaracion personal del candidato. Ver dataset/README.md.,https://es.wikipedia.org/wiki/Partido_Humanista_(Chile)
Ojeda Murillo,Claudio Vicente,Humanista,14,El Senado debe aprobar la modernizacion de la Ley Antiterror,1,[INFERIDO POR LISTA: D. Izquierda Ecologista Popular Animalista y Humanista] Postura tomada del vector base de la coalicion sin desviacion. Data sintetica. NO es declaracion personal del candidato. Ver dataset/README.md.,https://es.wikipedia.org/wiki/Partido_Humanista_(Chile)
Ojeda Murillo,Claudio Vicente,Humanista,15,El Senado debe incluir escanos reservados permanentes para r,5,[INFERIDO POR LISTA: D. Izquierda Ecologista Popular Animalista y Humanista] Postura tomada del vector base de la coalicion sin desviacion. Data sintetica. NO es declaracion personal del candidato. Ver dataset/README.md.,https://es.wikipedia.org/wiki/Partido_Humanista_(Chile)
Huerta Moraga,Juan Carlos,Humanista,1,"El Senado debe mantenerse como camara revisora del Congreso,",3,"[INFERIDO POR LISTA: D. Izquierda Ecologista Popular Animalista y Humanista] Base coalicion=2, candidato=3 (RUIDO +1 deterministico). Refleja variacion intra-partido no verificada. Data sintetica. NO es declaracion personal del candidato. Ver dataset/README.md.",https://es.wikipedia.org/wiki/Partido_Humanista_(Chile)
Huerta Moraga,Juan Carlos,Humanista,2,El Senado debe endurecer el proceso de aprobacion de nombram,5,[INFERIDO POR LISTA: D. Izquierda Ecologista Popular Animalista y Humanista] Postura tomada del vector base de la coalicion sin desviacion. Data sintetica. NO es declaracion personal del candidato. Ver dataset/README.md.,https://es.wikipedia.org/wiki/Partido_Humanista_(Chile)
Huerta Moraga,Juan Carlos,Humanista,3,El Senado debe aprobar por ley una limitacion a dos periodos,5,[INFERIDO POR LISTA: D. Izquierda Ecologista Popular Animalista y Humanista] Postura tomada del vector base de la coalicion sin desviacion. Data sintetica. NO es declaracion personal del candidato. Ver dataset/README.md.,https://es.wikipedia.org/wiki/Partido_Humanista_(Chile)
Huerta Moraga,Juan Carlos,Humanista,4,Chile debe restaurar el quorum de dos tercios para reformas ,1,[INFERIDO POR LISTA: D. Izquierda Ecologista Popular Animalista y Humanista] Postura tomada del vector base de la coalicion sin desviacion. Data sintetica. NO es declaracion personal del candidato. Ver dataset/README.md.,https://es.wikipedia.org/wiki/Partido_Humanista_(Chile)
Huerta Moraga,Juan Carlos,Humanista,5,El Senado debe reducirse de 50 a 43 escanos para racionaliza,4,[INFERIDO POR LISTA: D. Izquierda Ecologista Popular Animalista y Humanista] Postura tomada del vector base de la coalicion sin desviacion. Data sintetica. NO es declaracion personal del candidato. Ver dataset/README.md.,https://es.wikipedia.org/wiki/Partido_Humanista_(Chile)
Huerta Moraga,Juan Carlos,Humanista,6,El Senado debe promover el retiro de Chile del Tratado Integ,5,[INFERIDO POR LISTA: D. Izquierda Ecologista Popular Animalista y Humanista] Postura tomada del vector base de la coalicion sin desviacion. Data sintetica. NO es declaracion personal del candidato. Ver dataset/README.md.,https://es.wikipedia.org/wiki/Partido_Humanista_(Chile)
Huerta Moraga,Juan Carlos,Humanista,7,El Senado debe aprobar el reconocimiento formal del Estado d,5,[INFERIDO POR LISTA: D. Izquierda Ecologista Popular Animalista y Humanista] Postura tomada del vector base de la coalicion sin desviacion. Data sintetica. NO es declaracion personal del candidato. Ver dataset/README.md.,https://es.wikipedia.org/wiki/Partido_Humanista_(Chile)
Huerta Moraga,Juan Carlos,Humanista,8,Chile debe mantenerse dentro del Tratado Interamericano de A,2,"[INFERIDO POR LISTA: D. Izquierda Ecologista Popular Animalista y Humanista] Base coalicion=1, candidato=2 (RUIDO +1 deterministico). Refleja variacion intra-partido no verificada. Data sintetica. NO es declaracion personal del candidato. Ver dataset/README.md.",https://es.wikipedia.org/wiki/Partido_Humanista_(Chile)
Huerta Moraga,Juan Carlos,Humanista,9,El Senado debe aprobar la reforma previsional aumentando el ,5,[INFERIDO POR LISTA: D. Izquierda Ecologista Popular Animalista y Humanista] Postura tomada del vector base de la coalicion sin desviacion. Data sintetica. NO es declaracion personal del candidato. Ver dataset/README.md.,https://es.wikipedia.org/wiki/Partido_Humanista_(Chile)
Huerta Moraga,Juan Carlos,Humanista,10,"El royalty minero al cobre debe aumentarse por sobre el 4,7%",5,[INFERIDO POR LISTA: D. Izquierda Ecologista Popular Animalista y Humanista] Postura tomada del vector base de la coalicion sin desviacion. Data sintetica. NO es declaracion personal del candidato. Ver dataset/README.md.,https://es.wikipedia.org/wiki/Partido_Humanista_(Chile)
Huerta Moraga,Juan Carlos,Humanista,11,"El Senado debe aprobar el fin del sistema de isapres, migran",5,[INFERIDO POR LISTA: D. Izquierda Ecologista Popular Animalista y Humanista] Postura tomada del vector base de la coalicion sin desviacion. Data sintetica. NO es declaracion personal del candidato. Ver dataset/README.md.,https://es.wikipedia.org/wiki/Partido_Humanista_(Chile)
Huerta Moraga,Juan Carlos,Humanista,12,El Senado debe aprobar el proyecto de eutanasia activa volun,5,[INFERIDO POR LISTA: D. Izquierda Ecologista Popular Animalista y Humanista] Postura tomada del vector base de la coalicion sin desviacion. Data sintetica. NO es declaracion personal del candidato. Ver dataset/README.md.,https://es.wikipedia.org/wiki/Partido_Humanista_(Chile)
Huerta Moraga,Juan Carlos,Humanista,13,El Senado debe declarar por ley las zonas de sacrificio como,5,[INFERIDO POR LISTA: D. Izquierda Ecologista Popular Animalista y Humanista] Postura tomada del vector base de la coalicion sin desviacion. Data sintetica. NO es declaracion personal del candidato. Ver dataset/README.md.,https://es.wikipedia.org/wiki/Partido_Humanista_(Chile)
Huerta Moraga,Juan Carlos,Humanista,15,El Senado debe incluir escanos reservados permanentes para r,4,"[INFERIDO POR LISTA: D. Izquierda Ecologista Popular Animalista y Humanista] Base coalicion=5, candidato=4 (RUIDO -1 deterministico). Refleja variacion intra-partido no verificada. Data sintetica. NO es declaracion personal del candidato. Ver dataset/README.md.",https://es.wikipedia.org/wiki/Partido_Humanista_(Chile)
Chellew Stambuk,Andrea Rosita,Humanista,1,"El Senado debe mantenerse como camara revisora del Congreso,",3,"[INFERIDO POR LISTA: D. Izquierda Ecologista Popular Animalista y Humanista] Base coalicion=2, candidato=3 (RUIDO +1 deterministico). Refleja variacion intra-partido no verificada. Data sintetica. NO es declaracion personal del candidato. Ver dataset/README.md.",https://es.wikipedia.org/wiki/Partido_Humanista_(Chile)
Chellew Stambuk,Andrea Rosita,Humanista,2,El Senado debe endurecer el proceso de aprobacion de nombram,5,[INFERIDO POR LISTA: D. Izquierda Ecologista Popular Animalista y Humanista] Postura tomada del vector base de la coalicion sin desviacion. Data sintetica. NO es declaracion personal del candidato. Ver dataset/README.md.,https://es.wikipedia.org/wiki/Partido_Humanista_(Chile)
Chellew Stambuk,Andrea Rosita,Humanista,3,El Senado debe aprobar por ley una limitacion a dos periodos,5,[INFERIDO POR LISTA: D. Izquierda Ecologista Popular Animalista y Humanista] Postura tomada del vector base de la coalicion sin desviacion. Data sintetica. NO es declaracion personal del candidato. Ver dataset/README.md.,https://es.wikipedia.org/wiki/Partido_Humanista_(Chile)
Chellew Stambuk,Andrea Rosita,Humanista,5,El Senado debe reducirse de 50 a 43 escanos para racionaliza,5,"[INFERIDO POR LISTA: D. Izquierda Ecologista Popular Animalista y Humanista] Base coalicion=4, candidato=5 (RUIDO +1 deterministico). Refleja variacion intra-partido no verificada. Data sintetica. NO es declaracion personal del candidato. Ver dataset/README.md.",https://es.wikipedia.org/wiki/Partido_Humanista_(Chile)
Chellew Stambuk,Andrea Rosita,Humanista,7,El Senado debe aprobar el reconocimiento formal del Estado d,5,[INFERIDO POR LISTA: D. Izquierda Ecologista Popular Animalista y Humanista] Postura tomada del vector base de la coalicion sin desviacion. Data sintetica. NO es declaracion personal del candidato. Ver dataset/README.md.,https://es.wikipedia.org/wiki/Partido_Humanista_(Chile)
Chellew Stambuk,Andrea Rosita,Humanista,8,Chile debe mantenerse dentro del Tratado Interamericano de A,1,[INFERIDO POR LISTA: D. Izquierda Ecologista Popular Animalista y Humanista] Postura tomada del vector base de la coalicion sin desviacion. Data sintetica. NO es declaracion personal del candidato. Ver dataset/README.md.,https://es.wikipedia.org/wiki/Partido_Humanista_(Chile)
Chellew Stambuk,Andrea Rosita,Humanista,9,El Senado debe aprobar la reforma previsional aumentando el ,5,[INFERIDO POR LISTA: D. Izquierda Ecologista Popular Animalista y Humanista] Postura tomada del vector base de la coalicion sin desviacion. Data sintetica. NO es declaracion personal del candidato. Ver dataset/README.md.,https://es.wikipedia.org/wiki/Partido_Humanista_(Chile)
Chellew Stambuk,Andrea Rosita,Humanista,10,"El royalty minero al cobre debe aumentarse por sobre el 4,7%",5,[INFERIDO POR LISTA: D. Izquierda Ecologista Popular Animalista y Humanista] Postura tomada del vector base de la coalicion sin desviacion. Data sintetica. NO es declaracion personal del candidato. Ver dataset/README.md.,https://es.wikipedia.org/wiki/Partido_Humanista_(Chile)
Chellew Stambuk,Andrea Rosita,Humanista,11,"El Senado debe aprobar el fin del sistema de isapres, migran",5,[INFERIDO POR LISTA: D. Izquierda Ecologista Popular Animalista y Humanista] Postura tomada del vector base de la coalicion sin desviacion. Data sintetica. NO es declaracion personal del candidato. Ver dataset/README.md.,https://es.wikipedia.org/wiki/Partido_Humanista_(Chile)
Chellew Stambuk,Andrea Rosita,Humanista,12,El Senado debe aprobar el proyecto de eutanasia activa volun,4,"[INFERIDO POR LISTA: D. Izquierda Ecologista Popular Animalista y Humanista] Base coalicion=5, candidato=4 (RUIDO -1 deterministico). Refleja variacion intra-partido no verificada. Data sintetica. NO es declaracion personal del candidato. Ver dataset/README.md.",https://es.wikipedia.org/wiki/Partido_Humanista_(Chile)
Chellew Stambuk,Andrea Rosita,Humanista,13,El Senado debe declarar por ley las zonas de sacrificio como,5,[INFERIDO POR LISTA: D. Izquierda Ecologista Popular Animalista y Humanista] Postura tomada del vector base de la coalicion sin desviacion. Data sintetica. NO es declaracion personal del candidato. Ver dataset/README.md.,https://es.wikipedia.org/wiki/Partido_Humanista_(Chile)
Chellew Stambuk,Andrea Rosita,Humanista,14,El Senado debe aprobar la modernizacion de la Ley Antiterror,1,[INFERIDO POR LISTA: D. Izquierda Ecologista Popular Animalista y Humanista] Postura tomada del vector base de la coalicion sin desviacion. Data sintetica. NO es declaracion personal del candidato. Ver dataset/README.md.,https://es.wikipedia.org/wiki/Partido_Humanista_(Chile)
Chellew Stambuk,Andrea Rosita,Humanista,15,El Senado debe incluir escanos reservados permanentes para r,5,[INFERIDO POR LISTA: D. Izquierda Ecologista Popular Animalista y Humanista] Postura tomada del vector base de la coalicion sin desviacion. Data sintetica. NO es declaracion personal del candidato. Ver dataset/README.md.,https://es.wikipedia.org/wiki/Partido_Humanista_(Chile)
Gutierrez Ulloa,Kim Nikki,Alianza Verde Popular,1,"El Senado debe mantenerse como camara revisora del Congreso,",3,[INFERIDO POR LISTA: G. Partido Alianza Verde Popular] Postura tomada del vector base de la coalicion sin desviacion. Data sintetica. NO es declaracion personal del candidato. Ver dataset/README.md.,https://es.wikipedia.org/wiki/Partido_Comunes
Gutierrez Ulloa,Kim Nikki,Alianza Verde Popular,2,El Senado debe endurecer el proceso de aprobacion de nombram,5,"[INFERIDO POR LISTA: G. Partido Alianza Verde Popular] Base coalicion=4, candidato=5 (RUIDO +1 deterministico). Refleja variacion intra-partido no verificada. Data sintetica. NO es declaracion personal del candidato. Ver dataset/README.md.",https://es.wikipedia.org/wiki/Partido_Comunes
Gutierrez Ulloa,Kim Nikki,Alianza Verde Popular,3,El Senado debe aprobar por ley una limitacion a dos periodos,3,"[INFERIDO POR LISTA: G. Partido Alianza Verde Popular] Base coalicion=4, candidato=3 (RUIDO -1 deterministico). Refleja variacion intra-partido no verificada. Data sintetica. NO es declaracion personal del candidato. Ver dataset/README.md.",https://es.wikipedia.org/wiki/Partido_Comunes
Gutierrez Ulloa,Kim Nikki,Alianza Verde Popular,4,Chile debe restaurar el quorum de dos tercios para reformas ,2,[INFERIDO POR LISTA: G. Partido Alianza Verde Popular] Postura tomada del vector base de la coalicion sin desviacion. Data sintetica. NO es declaracion personal del candidato. Ver dataset/README.md.,https://es.wikipedia.org/wiki/Partido_Comunes
Gutierrez Ulloa,Kim Nikki,Alianza Verde Popular,5,El Senado debe reducirse de 50 a 43 escanos para racionaliza,2,"[INFERIDO POR LISTA: G. Partido Alianza Verde Popular] Base coalicion=3, candidato=2 (RUIDO -1 deterministico). Refleja variacion intra-partido no verificada. Data sintetica. NO es declaracion personal del candidato. Ver dataset/README.md.",https://es.wikipedia.org/wiki/Partido_Comunes
Gutierrez Ulloa,Kim Nikki,Alianza Verde Popular,6,El Senado debe promover el retiro de Chile del Tratado Integ,5,"[INFERIDO POR LISTA: G. Partido Alianza Verde Popular] Base coalicion=4, candidato=5 (RUIDO +1 deterministico). Refleja variacion intra-partido no verificada. Data sintetica. NO es declaracion personal del candidato. Ver dataset/README.md.",https://es.wikipedia.org/wiki/Partido_Comunes
Gutierrez Ulloa,Kim Nikki,Alianza Verde Popular,7,El Senado debe aprobar el reconocimiento formal del Estado d,4,[INFERIDO POR LISTA: G. Partido Alianza Verde Popular] Postura tomada del vector base de la coalicion sin desviacion. Data sintetica. NO es declaracion personal del candidato. Ver dataset/README.md.,https://es.wikipedia.org/wiki/Partido_Comunes
Gutierrez Ulloa,Kim Nikki,Alianza Verde Popular,9,El Senado debe aprobar la reforma previsional aumentando el ,4,[INFERIDO POR LISTA: G. Partido Alianza Verde Popular] Postura tomada del vector base de la coalicion sin desviacion. Data sintetica. NO es declaracion personal del candidato. Ver dataset/README.md.,https://es.wikipedia.org/wiki/Partido_Comunes
Gutierrez Ulloa,Kim Nikki,Alianza Verde Popular,10,"El royalty minero al cobre debe aumentarse por sobre el 4,7%",5,[INFERIDO POR LISTA: G. Partido Alianza Verde Popular] Postura tomada del vector base de la coalicion sin desviacion. Data sintetica. NO es declaracion personal del candidato. Ver dataset/README.md.,https://es.wikipedia.org/wiki/Partido_Comunes
Gutierrez Ulloa,Kim Nikki,Alianza Verde Popular,12,El Senado debe aprobar el proyecto de eutanasia activa volun,4,[INFERIDO POR LISTA: G. Partido Alianza Verde Popular] Postura tomada del vector base de la coalicion sin desviacion. Data sintetica. NO es declaracion personal del candidato. Ver dataset/README.md.,https://es.wikipedia.org/wiki/Partido_Comunes
Gutierrez Ulloa,Kim Nikki,Alianza Verde Popular,13,El Senado debe declarar por ley las zonas de sacrificio como,5,[INFERIDO POR LISTA: G. Partido Alianza Verde Popular] Postura tomada del vector base de la coalicion sin desviacion. Data sintetica. NO es declaracion personal del candidato. Ver dataset/README.md.,https://es.wikipedia.org/wiki/Partido_Comunes
Gutierrez Ulloa,Kim Nikki,Alianza Verde Popular,14,El Senado debe aprobar la modernizacion de la Ley Antiterror,2,[INFERIDO POR LISTA: G. Partido Alianza Verde Popular] Postura tomada del vector base de la coalicion sin desviacion. Data sintetica. NO es declaracion personal del candidato. Ver dataset/README.md.,https://es.wikipedia.org/wiki/Partido_Comunes
Ravera Fernandez,Carlos Eugenio,Alianza Verde Popular,1,"El Senado debe mantenerse como camara revisora del Congreso,",2,"[INFERIDO POR LISTA: G. Partido Alianza Verde Popular] Base coalicion=3, candidato=2 (RUIDO -1 deterministico). Refleja variacion intra-partido no verificada. Data sintetica. NO es declaracion personal del candidato. Ver dataset/README.md.",https://es.wikipedia.org/wiki/Partido_Comunes
Ravera Fernandez,Carlos Eugenio,Alianza Verde Popular,2,El Senado debe endurecer el proceso de aprobacion de nombram,4,[INFERIDO POR LISTA: G. Partido Alianza Verde Popular] Postura tomada del vector base de la coalicion sin desviacion. Data sintetica. NO es declaracion personal del candidato. Ver dataset/README.md.,https://es.wikipedia.org/wiki/Partido_Comunes
Ravera Fernandez,Carlos Eugenio,Alianza Verde Popular,3,El Senado debe aprobar por ley una limitacion a dos periodos,4,[INFERIDO POR LISTA: G. Partido Alianza Verde Popular] Postura tomada del vector base de la coalicion sin desviacion. Data sintetica. NO es declaracion personal del candidato. Ver dataset/README.md.,https://es.wikipedia.org/wiki/Partido_Comunes
Ravera Fernandez,Carlos Eugenio,Alianza Verde Popular,5,El Senado debe reducirse de 50 a 43 escanos para racionaliza,3,[INFERIDO POR LISTA: G. Partido Alianza Verde Popular] Postura tomada del vector base de la coalicion sin desviacion. Data sintetica. NO es declaracion personal del candidato. Ver dataset/README.md.,https://es.wikipedia.org/wiki/Partido_Comunes
Ravera Fernandez,Carlos Eugenio,Alianza Verde Popular,6,El Senado debe promover el retiro de Chile del Tratado Integ,3,"[INFERIDO POR LISTA: G. Partido Alianza Verde Popular] Base coalicion=4, candidato=3 (RUIDO -1 deterministico). Refleja variacion intra-partido no verificada. Data sintetica. NO es declaracion personal del candidato. Ver dataset/README.md.",https://es.wikipedia.org/wiki/Partido_Comunes
Ravera Fernandez,Carlos Eugenio,Alianza Verde Popular,8,Chile debe mantenerse dentro del Tratado Interamericano de A,1,[INFERIDO POR LISTA: G. Partido Alianza Verde Popular] Postura tomada del vector base de la coalicion sin desviacion. Data sintetica. NO es declaracion personal del candidato. Ver dataset/README.md.,https://es.wikipedia.org/wiki/Partido_Comunes
Ravera Fernandez,Carlos Eugenio,Alianza Verde Popular,9,El Senado debe aprobar la reforma previsional aumentando el ,4,[INFERIDO POR LISTA: G. Partido Alianza Verde Popular] Postura tomada del vector base de la coalicion sin desviacion. Data sintetica. NO es declaracion personal del candidato. Ver dataset/README.md.,https://es.wikipedia.org/wiki/Partido_Comunes
Ravera Fernandez,Carlos Eugenio,Alianza Verde Popular,10,"El royalty minero al cobre debe aumentarse por sobre el 4,7%",5,[INFERIDO POR LISTA: G. Partido Alianza Verde Popular] Postura tomada del vector base de la coalicion sin desviacion. Data sintetica. NO es declaracion personal del candidato. Ver dataset/README.md.,https://es.wikipedia.org/wiki/Partido_Comunes
Ravera Fernandez,Carlos Eugenio,Alianza Verde Popular,12,El Senado debe aprobar el proyecto de eutanasia activa volun,5,"[INFERIDO POR LISTA: G. Partido Alianza Verde Popular] Base coalicion=4, candidato=5 (RUIDO +1 deterministico). Refleja variacion intra-partido no verificada. Data sintetica. NO es declaracion personal del candidato. Ver dataset/README.md.",https://es.wikipedia.org/wiki/Partido_Comunes
Ravera Fernandez,Carlos Eugenio,Alianza Verde Popular,13,El Senado debe declarar por ley las zonas de sacrificio como,5,[INFERIDO POR LISTA: G. Partido Alianza Verde Popular] Postura tomada del vector base de la coalicion sin desviacion. Data sintetica. NO es declaracion personal del candidato. Ver dataset/README.md.,https://es.wikipedia.org/wiki/Partido_Comunes
Ravera Fernandez,Carlos Eugenio,Alianza Verde Popular,14,El Senado debe aprobar la modernizacion de la Ley Antiterror,3,"[INFERIDO POR LISTA: G. Partido Alianza Verde Popular] Base coalicion=2, candidato=3 (RUIDO +1 deterministico). Refleja variacion intra-partido no verificada. Data sintetica. NO es declaracion personal del candidato. Ver dataset/README.md.",https://es.wikipedia.org/wiki/Partido_Comunes
Ravera Fernandez,Carlos Eugenio,Alianza Verde Popular,15,El Senado debe incluir escanos reservados permanentes para r,4,[INFERIDO POR LISTA: G. Partido Alianza Verde Popular] Postura tomada del vector base de la coalicion sin desviacion. Data sintetica. NO es declaracion personal del candidato. Ver dataset/README.md.,https://es.wikipedia.org/wiki/Partido_Comunes
Fernandez Barraza,Fernando Alex,Popular,1,"El Senado debe mantenerse como camara revisora del Congreso,",3,[INFERIDO POR LISTA: H. Popular] Postura tomada del vector base de la coalicion sin desviacion. Data sintetica. NO es declaracion personal del candidato. Ver dataset/README.md.,https://es.wikipedia.org/wiki/Partido_Popular_(Chile)
Fernandez Barraza,Fernando Alex,Popular,2,El Senado debe endurecer el proceso de aprobacion de nombram,5,"[INFERIDO POR LISTA: H. Popular] Base coalicion=4, candidato=5 (RUIDO +1 deterministico). Refleja variacion intra-partido no verificada. Data sintetica. NO es declaracion personal del candidato. Ver dataset/README.md.",https://es.wikipedia.org/wiki/Partido_Popular_(Chile)
Fernandez Barraza,Fernando Alex,Popular,3,El Senado debe aprobar por ley una limitacion a dos periodos,5,"[INFERIDO POR LISTA: H. Popular] Base coalicion=4, candidato=5 (RUIDO +1 deterministico). Refleja variacion intra-partido no verificada. Data sintetica. NO es declaracion personal del candidato. Ver dataset/README.md.",https://es.wikipedia.org/wiki/Partido_Popular_(Chile)
Fernandez Barraza,Fernando Alex,Popular,4,Chile debe restaurar el quorum de dos tercios para reformas ,4,"[INFERIDO POR LISTA: H. Popular] Base coalicion=3, candidato=4 (RUIDO +1 deterministico). Refleja variacion intra-partido no verificada. Data sintetica. NO es declaracion personal del candidato. Ver dataset/README.md.",https://es.wikipedia.org/wiki/Partido_Popular_(Chile)
Fernandez Barraza,Fernando Alex,Popular,5,El Senado debe reducirse de 50 a 43 escanos para racionaliza,4,[INFERIDO POR LISTA: H. Popular] Postura tomada del vector base de la coalicion sin desviacion. Data sintetica. NO es declaracion personal del candidato. Ver dataset/README.md.,https://es.wikipedia.org/wiki/Partido_Popular_(Chile)
Fernandez Barraza,Fernando Alex,Popular,6,El Senado debe promover el retiro de Chile del Tratado Integ,3,[INFERIDO POR LISTA: H. Popular] Postura tomada del vector base de la coalicion sin desviacion. Data sintetica. NO es declaracion personal del candidato. Ver dataset/README.md.,https://es.wikipedia.org/wiki/Partido_Popular_(Chile)
Fernandez Barraza,Fernando Alex,Popular,7,El Senado debe aprobar el reconocimiento formal del Estado d,3,[INFERIDO POR LISTA: H. Popular] Postura tomada del vector base de la coalicion sin desviacion. Data sintetica. NO es declaracion personal del candidato. Ver dataset/README.md.,https://es.wikipedia.org/wiki/Partido_Popular_(Chile)
Fernandez Barraza,Fernando Alex,Popular,8,Chile debe mantenerse dentro del Tratado Interamericano de A,3,[INFERIDO POR LISTA: H. Popular] Postura tomada del vector base de la coalicion sin desviacion. Data sintetica. NO es declaracion personal del candidato. Ver dataset/README.md.,https://es.wikipedia.org/wiki/Partido_Popular_(Chile)
Fernandez Barraza,Fernando Alex,Popular,9,El Senado debe aprobar la reforma previsional aumentando el ,3,[INFERIDO POR LISTA: H. Popular] Postura tomada del vector base de la coalicion sin desviacion. Data sintetica. NO es declaracion personal del candidato. Ver dataset/README.md.,https://es.wikipedia.org/wiki/Partido_Popular_(Chile)
Fernandez Barraza,Fernando Alex,Popular,10,"El royalty minero al cobre debe aumentarse por sobre el 4,7%",2,"[INFERIDO POR LISTA: H. Popular] Base coalicion=3, candidato=2 (RUIDO -1 deterministico). Refleja variacion intra-partido no verificada. Data sintetica. NO es declaracion personal del candidato. Ver dataset/README.md.",https://es.wikipedia.org/wiki/Partido_Popular_(Chile)
Fernandez Barraza,Fernando Alex,Popular,11,"El Senado debe aprobar el fin del sistema de isapres, migran",4,"[INFERIDO POR LISTA: H. Popular] Base coalicion=3, candidato=4 (RUIDO +1 deterministico). Refleja variacion intra-partido no verificada. Data sintetica. NO es declaracion personal del candidato. Ver dataset/README.md.",https://es.wikipedia.org/wiki/Partido_Popular_(Chile)
Fernandez Barraza,Fernando Alex,Popular,12,El Senado debe aprobar el proyecto de eutanasia activa volun,2,"[INFERIDO POR LISTA: H. Popular] Base coalicion=3, candidato=2 (RUIDO -1 deterministico). Refleja variacion intra-partido no verificada. Data sintetica. NO es declaracion personal del candidato. Ver dataset/README.md.",https://es.wikipedia.org/wiki/Partido_Popular_(Chile)
Fernandez Barraza,Fernando Alex,Popular,13,El Senado debe declarar por ley las zonas de sacrificio como,2,"[INFERIDO POR LISTA: H. Popular] Base coalicion=3, candidato=2 (RUIDO -1 deterministico). Refleja variacion intra-partido no verificada. Data sintetica. NO es declaracion personal del candidato. Ver dataset/README.md.",https://es.wikipedia.org/wiki/Partido_Popular_(Chile)
Fernandez Barraza,Fernando Alex,Popular,15,El Senado debe incluir escanos reservados permanentes para r,3,[INFERIDO POR LISTA: H. Popular] Postura tomada del vector base de la coalicion sin desviacion. Data sintetica. NO es declaracion personal del candidato. Ver dataset/README.md.,https://es.wikipedia.org/wiki/Partido_Popular_(Chile)
Carmona Orquera,Sebastian Vicente,De la Gente,1,"El Senado debe mantenerse como camara revisora del Congreso,",3,[INFERIDO POR LISTA: I. Partido de la Gente] Postura tomada del vector base de la coalicion sin desviacion. Data sintetica. NO es declaracion personal del candidato. Ver dataset/README.md.,https://es.wikipedia.org/wiki/Partido_de_la_Gente_(Chile)
Carmona Orquera,Sebastian Vicente,De la Gente,2,El Senado debe endurecer el proceso de aprobacion de nombram,5,[INFERIDO POR LISTA: I. Partido de la Gente] Postura tomada del vector base de la coalicion sin desviacion. Data sintetica. NO es declaracion personal del candidato. Ver dataset/README.md.,https://es.wikipedia.org/wiki/Partido_de_la_Gente_(Chile)
Carmona Orquera,Sebastian Vicente,De la Gente,4,Chile debe restaurar el quorum de dos tercios para reformas ,2,"[INFERIDO POR LISTA: I. Partido de la Gente] Base coalicion=3, candidato=2 (RUIDO -1 deterministico). Refleja variacion intra-partido no verificada. Data sintetica. NO es declaracion personal del candidato. Ver dataset/README.md.",https://es.wikipedia.org/wiki/Partido_de_la_Gente_(Chile)
Carmona Orquera,Sebastian Vicente,De la Gente,5,El Senado debe reducirse de 50 a 43 escanos para racionaliza,5,[INFERIDO POR LISTA: I. Partido de la Gente] Postura tomada del vector base de la coalicion sin desviacion. Data sintetica. NO es declaracion personal del candidato. Ver dataset/README.md.,https://es.wikipedia.org/wiki/Partido_de_la_Gente_(Chile)
Carmona Orquera,Sebastian Vicente,De la Gente,7,El Senado debe aprobar el reconocimiento formal del Estado d,4,"[INFERIDO POR LISTA: I. Partido de la Gente] Base coalicion=3, candidato=4 (RUIDO +1 deterministico). Refleja variacion intra-partido no verificada. Data sintetica. NO es declaracion personal del candidato. Ver dataset/README.md.",https://es.wikipedia.org/wiki/Partido_de_la_Gente_(Chile)
Carmona Orquera,Sebastian Vicente,De la Gente,8,Chile debe mantenerse dentro del Tratado Interamericano de A,5,"[INFERIDO POR LISTA: I. Partido de la Gente] Base coalicion=4, candidato=5 (RUIDO +1 deterministico). Refleja variacion intra-partido no verificada. Data sintetica. NO es declaracion personal del candidato. Ver dataset/README.md.",https://es.wikipedia.org/wiki/Partido_de_la_Gente_(Chile)
Carmona Orquera,Sebastian Vicente,De la Gente,9,El Senado debe aprobar la reforma previsional aumentando el ,1,"[INFERIDO POR LISTA: I. Partido de la Gente] Base coalicion=2, candidato=1 (RUIDO -1 deterministico). Refleja variacion intra-partido no verificada. Data sintetica. NO es declaracion personal del candidato. Ver dataset/README.md.",https://es.wikipedia.org/wiki/Partido_de_la_Gente_(Chile)
Carmona Orquera,Sebastian Vicente,De la Gente,10,"El royalty minero al cobre debe aumentarse por sobre el 4,7%",2,[INFERIDO POR LISTA: I. Partido de la Gente] Postura tomada del vector base de la coalicion sin desviacion. Data sintetica. NO es declaracion personal del candidato. Ver dataset/README.md.,https://es.wikipedia.org/wiki/Partido_de_la_Gente_(Chile)
Carmona Orquera,Sebastian Vicente,De la Gente,11,"El Senado debe aprobar el fin del sistema de isapres, migran",1,"[INFERIDO POR LISTA: I. Partido de la Gente] Base coalicion=2, candidato=1 (RUIDO -1 deterministico). Refleja variacion intra-partido no verificada. Data sintetica. NO es declaracion personal del candidato. Ver dataset/README.md.",https://es.wikipedia.org/wiki/Partido_de_la_Gente_(Chile)
Carmona Orquera,Sebastian Vicente,De la Gente,12,El Senado debe aprobar el proyecto de eutanasia activa volun,4,"[INFERIDO POR LISTA: I. Partido de la Gente] Base coalicion=3, candidato=4 (RUIDO +1 deterministico). Refleja variacion intra-partido no verificada. Data sintetica. NO es declaracion personal del candidato. Ver dataset/README.md.",https://es.wikipedia.org/wiki/Partido_de_la_Gente_(Chile)
Carmona Orquera,Sebastian Vicente,De la Gente,13,El Senado debe declarar por ley las zonas de sacrificio como,2,[INFERIDO POR LISTA: I. Partido de la Gente] Postura tomada del vector base de la coalicion sin desviacion. Data sintetica. NO es declaracion personal del candidato. Ver dataset/README.md.,https://es.wikipedia.org/wiki/Partido_de_la_Gente_(Chile)
Carmona Orquera,Sebastian Vicente,De la Gente,14,El Senado debe aprobar la modernizacion de la Ley Antiterror,5,[INFERIDO POR LISTA: I. Partido de la Gente] Postura tomada del vector base de la coalicion sin desviacion. Data sintetica. NO es declaracion personal del candidato. Ver dataset/README.md.,https://es.wikipedia.org/wiki/Partido_de_la_Gente_(Chile)
Cortes Zapata,Marta,De la Gente,1,"El Senado debe mantenerse como camara revisora del Congreso,",2,"[INFERIDO POR LISTA: I. Partido de la Gente] Base coalicion=3, candidato=2 (RUIDO -1 deterministico). Refleja variacion intra-partido no verificada. Data sintetica. NO es declaracion personal del candidato. Ver dataset/README.md.",https://es.wikipedia.org/wiki/Partido_de_la_Gente_(Chile)
Cortes Zapata,Marta,De la Gente,2,El Senado debe endurecer el proceso de aprobacion de nombram,5,[INFERIDO POR LISTA: I. Partido de la Gente] Postura tomada del vector base de la coalicion sin desviacion. Data sintetica. NO es declaracion personal del candidato. Ver dataset/README.md.,https://es.wikipedia.org/wiki/Partido_de_la_Gente_(Chile)
Cortes Zapata,Marta,De la Gente,3,El Senado debe aprobar por ley una limitacion a dos periodos,4,"[INFERIDO POR LISTA: I. Partido de la Gente] Base coalicion=5, candidato=4 (RUIDO -1 deterministico). Refleja variacion intra-partido no verificada. Data sintetica. NO es declaracion personal del candidato. Ver dataset/README.md.",https://es.wikipedia.org/wiki/Partido_de_la_Gente_(Chile)
Cortes Zapata,Marta,De la Gente,4,Chile debe restaurar el quorum de dos tercios para reformas ,3,[INFERIDO POR LISTA: I. Partido de la Gente] Postura tomada del vector base de la coalicion sin desviacion. Data sintetica. NO es declaracion personal del candidato. Ver dataset/README.md.,https://es.wikipedia.org/wiki/Partido_de_la_Gente_(Chile)
Cortes Zapata,Marta,De la Gente,5,El Senado debe reducirse de 50 a 43 escanos para racionaliza,5,[INFERIDO POR LISTA: I. Partido de la Gente] Postura tomada del vector base de la coalicion sin desviacion. Data sintetica. NO es declaracion personal del candidato. Ver dataset/README.md.,https://es.wikipedia.org/wiki/Partido_de_la_Gente_(Chile)
Cortes Zapata,Marta,De la Gente,6,El Senado debe promover el retiro de Chile del Tratado Integ,3,[INFERIDO POR LISTA: I. Partido de la Gente] Postura tomada del vector base de la coalicion sin desviacion. Data sintetica. NO es declaracion personal del candidato. Ver dataset/README.md.,https://es.wikipedia.org/wiki/Partido_de_la_Gente_(Chile)
Cortes Zapata,Marta,De la Gente,7,El Senado debe aprobar el reconocimiento formal del Estado d,3,[INFERIDO POR LISTA: I. Partido de la Gente] Postura tomada del vector base de la coalicion sin desviacion. Data sintetica. NO es declaracion personal del candidato. Ver dataset/README.md.,https://es.wikipedia.org/wiki/Partido_de_la_Gente_(Chile)
Cortes Zapata,Marta,De la Gente,8,Chile debe mantenerse dentro del Tratado Interamericano de A,4,[INFERIDO POR LISTA: I. Partido de la Gente] Postura tomada del vector base de la coalicion sin desviacion. Data sintetica. NO es declaracion personal del candidato. Ver dataset/README.md.,https://es.wikipedia.org/wiki/Partido_de_la_Gente_(Chile)
Cortes Zapata,Marta,De la Gente,9,El Senado debe aprobar la reforma previsional aumentando el ,2,[INFERIDO POR LISTA: I. Partido de la Gente] Postura tomada del vector base de la coalicion sin desviacion. Data sintetica. NO es declaracion personal del candidato. Ver dataset/README.md.,https://es.wikipedia.org/wiki/Partido_de_la_Gente_(Chile)
Cortes Zapata,Marta,De la Gente,10,"El royalty minero al cobre debe aumentarse por sobre el 4,7%",2,[INFERIDO POR LISTA: I. Partido de la Gente] Postura tomada del vector base de la coalicion sin desviacion. Data sintetica. NO es declaracion personal del candidato. Ver dataset/README.md.,https://es.wikipedia.org/wiki/Partido_de_la_Gente_(Chile)
Cortes Zapata,Marta,De la Gente,11,"El Senado debe aprobar el fin del sistema de isapres, migran",2,[INFERIDO POR LISTA: I. Partido de la Gente] Postura tomada del vector base de la coalicion sin desviacion. Data sintetica. NO es declaracion personal del candidato. Ver dataset/README.md.,https://es.wikipedia.org/wiki/Partido_de_la_Gente_(Chile)
Cortes Zapata,Marta,De la Gente,12,El Senado debe aprobar el proyecto de eutanasia activa volun,3,[INFERIDO POR LISTA: I. Partido de la Gente] Postura tomada del vector base de la coalicion sin desviacion. Data sintetica. NO es declaracion personal del candidato. Ver dataset/README.md.,https://es.wikipedia.org/wiki/Partido_de_la_Gente_(Chile)
Cortes Zapata,Marta,De la Gente,13,El Senado debe declarar por ley las zonas de sacrificio como,2,[INFERIDO POR LISTA: I. Partido de la Gente] Postura tomada del vector base de la coalicion sin desviacion. Data sintetica. NO es declaracion personal del candidato. Ver dataset/README.md.,https://es.wikipedia.org/wiki/Partido_de_la_Gente_(Chile)
Cortes Zapata,Marta,De la Gente,14,El Senado debe aprobar la modernizacion de la Ley Antiterror,5,[INFERIDO POR LISTA: I. Partido de la Gente] Postura tomada del vector base de la coalicion sin desviacion. Data sintetica. NO es declaracion personal del candidato. Ver dataset/README.md.,https://es.wikipedia.org/wiki/Partido_de_la_Gente_(Chile)
Cortes Zapata,Marta,De la Gente,15,El Senado debe incluir escanos reservados permanentes para r,3,"[INFERIDO POR LISTA: I. Partido de la Gente] Base coalicion=2, candidato=3 (RUIDO +1 deterministico). Refleja variacion intra-partido no verificada. Data sintetica. NO es declaracion personal del candidato. Ver dataset/README.md.",https://es.wikipedia.org/wiki/Partido_de_la_Gente_(Chile)
Paredes Cortes,Jose Luis,De la Gente,1,"El Senado debe mantenerse como camara revisora del Congreso,",3,[INFERIDO POR LISTA: I. Partido de la Gente] Postura tomada del vector base de la coalicion sin desviacion. Data sintetica. NO es declaracion personal del candidato. Ver dataset/README.md.,https://es.wikipedia.org/wiki/Partido_de_la_Gente_(Chile)
Paredes Cortes,Jose Luis,De la Gente,2,El Senado debe endurecer el proceso de aprobacion de nombram,5,[INFERIDO POR LISTA: I. Partido de la Gente] Postura tomada del vector base de la coalicion sin desviacion. Data sintetica. NO es declaracion personal del candidato. Ver dataset/README.md.,https://es.wikipedia.org/wiki/Partido_de_la_Gente_(Chile)
Paredes Cortes,Jose Luis,De la Gente,3,El Senado debe aprobar por ley una limitacion a dos periodos,5,[INFERIDO POR LISTA: I. Partido de la Gente] Postura tomada del vector base de la coalicion sin desviacion. Data sintetica. NO es declaracion personal del candidato. Ver dataset/README.md.,https://es.wikipedia.org/wiki/Partido_de_la_Gente_(Chile)
Paredes Cortes,Jose Luis,De la Gente,4,Chile debe restaurar el quorum de dos tercios para reformas ,3,[INFERIDO POR LISTA: I. Partido de la Gente] Postura tomada del vector base de la coalicion sin desviacion. Data sintetica. NO es declaracion personal del candidato. Ver dataset/README.md.,https://es.wikipedia.org/wiki/Partido_de_la_Gente_(Chile)
Paredes Cortes,Jose Luis,De la Gente,5,El Senado debe reducirse de 50 a 43 escanos para racionaliza,5,[INFERIDO POR LISTA: I. Partido de la Gente] Postura tomada del vector base de la coalicion sin desviacion. Data sintetica. NO es declaracion personal del candidato. Ver dataset/README.md.,https://es.wikipedia.org/wiki/Partido_de_la_Gente_(Chile)
Paredes Cortes,Jose Luis,De la Gente,6,El Senado debe promover el retiro de Chile del Tratado Integ,3,[INFERIDO POR LISTA: I. Partido de la Gente] Postura tomada del vector base de la coalicion sin desviacion. Data sintetica. NO es declaracion personal del candidato. Ver dataset/README.md.,https://es.wikipedia.org/wiki/Partido_de_la_Gente_(Chile)
Paredes Cortes,Jose Luis,De la Gente,7,El Senado debe aprobar el reconocimiento formal del Estado d,3,[INFERIDO POR LISTA: I. Partido de la Gente] Postura tomada del vector base de la coalicion sin desviacion. Data sintetica. NO es declaracion personal del candidato. Ver dataset/README.md.,https://es.wikipedia.org/wiki/Partido_de_la_Gente_(Chile)
Paredes Cortes,Jose Luis,De la Gente,8,Chile debe mantenerse dentro del Tratado Interamericano de A,4,[INFERIDO POR LISTA: I. Partido de la Gente] Postura tomada del vector base de la coalicion sin desviacion. Data sintetica. NO es declaracion personal del candidato. Ver dataset/README.md.,https://es.wikipedia.org/wiki/Partido_de_la_Gente_(Chile)
Paredes Cortes,Jose Luis,De la Gente,9,El Senado debe aprobar la reforma previsional aumentando el ,2,[INFERIDO POR LISTA: I. Partido de la Gente] Postura tomada del vector base de la coalicion sin desviacion. Data sintetica. NO es declaracion personal del candidato. Ver dataset/README.md.,https://es.wikipedia.org/wiki/Partido_de_la_Gente_(Chile)
Paredes Cortes,Jose Luis,De la Gente,10,"El royalty minero al cobre debe aumentarse por sobre el 4,7%",1,"[INFERIDO POR LISTA: I. Partido de la Gente] Base coalicion=2, candidato=1 (RUIDO -1 deterministico). Refleja variacion intra-partido no verificada. Data sintetica. NO es declaracion personal del candidato. Ver dataset/README.md.",https://es.wikipedia.org/wiki/Partido_de_la_Gente_(Chile)
Paredes Cortes,Jose Luis,De la Gente,11,"El Senado debe aprobar el fin del sistema de isapres, migran",2,[INFERIDO POR LISTA: I. Partido de la Gente] Postura tomada del vector base de la coalicion sin desviacion. Data sintetica. NO es declaracion personal del candidato. Ver dataset/README.md.,https://es.wikipedia.org/wiki/Partido_de_la_Gente_(Chile)
Paredes Cortes,Jose Luis,De la Gente,12,El Senado debe aprobar el proyecto de eutanasia activa volun,4,"[INFERIDO POR LISTA: I. Partido de la Gente] Base coalicion=3, candidato=4 (RUIDO +1 deterministico). Refleja variacion intra-partido no verificada. Data sintetica. NO es declaracion personal del candidato. Ver dataset/README.md.",https://es.wikipedia.org/wiki/Partido_de_la_Gente_(Chile)
Paredes Cortes,Jose Luis,De la Gente,13,El Senado debe declarar por ley las zonas de sacrificio como,3,"[INFERIDO POR LISTA: I. Partido de la Gente] Base coalicion=2, candidato=3 (RUIDO +1 deterministico). Refleja variacion intra-partido no verificada. Data sintetica. NO es declaracion personal del candidato. Ver dataset/README.md.",https://es.wikipedia.org/wiki/Partido_de_la_Gente_(Chile)
Paredes Cortes,Jose Luis,De la Gente,14,El Senado debe aprobar la modernizacion de la Ley Antiterror,5,[INFERIDO POR LISTA: I. Partido de la Gente] Postura tomada del vector base de la coalicion sin desviacion. Data sintetica. NO es declaracion personal del candidato. Ver dataset/README.md.,https://es.wikipedia.org/wiki/Partido_de_la_Gente_(Chile)
Paredes Cortes,Jose Luis,De la Gente,15,El Senado debe incluir escanos reservados permanentes para r,3,"[INFERIDO POR LISTA: I. Partido de la Gente] Base coalicion=2, candidato=3 (RUIDO +1 deterministico). Refleja variacion intra-partido no verificada. Data sintetica. NO es declaracion personal del candidato. Ver dataset/README.md.",https://es.wikipedia.org/wiki/Partido_de_la_Gente_(Chile)
Mencia Poconi,Friedrich Renard,De la Gente,1,"El Senado debe mantenerse como camara revisora del Congreso,",3,[INFERIDO POR LISTA: I. Partido de la Gente] Postura tomada del vector base de la coalicion sin desviacion. Data sintetica. NO es declaracion personal del candidato. Ver dataset/README.md.,https://es.wikipedia.org/wiki/Partido_de_la_Gente_(Chile)
Mencia Poconi,Friedrich Renard,De la Gente,2,El Senado debe endurecer el proceso de aprobacion de nombram,4,"[INFERIDO POR LISTA: I. Partido de la Gente] Base coalicion=5, candidato=4 (RUIDO -1 deterministico). Refleja variacion intra-partido no verificada. Data sintetica. NO es declaracion personal del candidato. Ver dataset/README.md.",https://es.wikipedia.org/wiki/Partido_de_la_Gente_(Chile)
Mencia Poconi,Friedrich Renard,De la Gente,4,Chile debe restaurar el quorum de dos tercios para reformas ,3,[INFERIDO POR LISTA: I. Partido de la Gente] Postura tomada del vector base de la coalicion sin desviacion. Data sintetica. NO es declaracion personal del candidato. Ver dataset/README.md.,https://es.wikipedia.org/wiki/Partido_de_la_Gente_(Chile)
Mencia Poconi,Friedrich Renard,De la Gente,5,El Senado debe reducirse de 50 a 43 escanos para racionaliza,5,[INFERIDO POR LISTA: I. Partido de la Gente] Postura tomada del vector base de la coalicion sin desviacion. Data sintetica. NO es declaracion personal del candidato. Ver dataset/README.md.,https://es.wikipedia.org/wiki/Partido_de_la_Gente_(Chile)
Mencia Poconi,Friedrich Renard,De la Gente,6,El Senado debe promover el retiro de Chile del Tratado Integ,2,"[INFERIDO POR LISTA: I. Partido de la Gente] Base coalicion=3, candidato=2 (RUIDO -1 deterministico). Refleja variacion intra-partido no verificada. Data sintetica. NO es declaracion personal del candidato. Ver dataset/README.md.",https://es.wikipedia.org/wiki/Partido_de_la_Gente_(Chile)
Mencia Poconi,Friedrich Renard,De la Gente,7,El Senado debe aprobar el reconocimiento formal del Estado d,3,[INFERIDO POR LISTA: I. Partido de la Gente] Postura tomada del vector base de la coalicion sin desviacion. Data sintetica. NO es declaracion personal del candidato. Ver dataset/README.md.,https://es.wikipedia.org/wiki/Partido_de_la_Gente_(Chile)
Mencia Poconi,Friedrich Renard,De la Gente,8,Chile debe mantenerse dentro del Tratado Interamericano de A,4,[INFERIDO POR LISTA: I. Partido de la Gente] Postura tomada del vector base de la coalicion sin desviacion. Data sintetica. NO es declaracion personal del candidato. Ver dataset/README.md.,https://es.wikipedia.org/wiki/Partido_de_la_Gente_(Chile)
Mencia Poconi,Friedrich Renard,De la Gente,9,El Senado debe aprobar la reforma previsional aumentando el ,2,[INFERIDO POR LISTA: I. Partido de la Gente] Postura tomada del vector base de la coalicion sin desviacion. Data sintetica. NO es declaracion personal del candidato. Ver dataset/README.md.,https://es.wikipedia.org/wiki/Partido_de_la_Gente_(Chile)
Mencia Poconi,Friedrich Renard,De la Gente,10,"El royalty minero al cobre debe aumentarse por sobre el 4,7%",2,[INFERIDO POR LISTA: I. Partido de la Gente] Postura tomada del vector base de la coalicion sin desviacion. Data sintetica. NO es declaracion personal del candidato. Ver dataset/README.md.,https://es.wikipedia.org/wiki/Partido_de_la_Gente_(Chile)
Mencia Poconi,Friedrich Renard,De la Gente,11,"El Senado debe aprobar el fin del sistema de isapres, migran",2,[INFERIDO POR LISTA: I. Partido de la Gente] Postura tomada del vector base de la coalicion sin desviacion. Data sintetica. NO es declaracion personal del candidato. Ver dataset/README.md.,https://es.wikipedia.org/wiki/Partido_de_la_Gente_(Chile)
Mencia Poconi,Friedrich Renard,De la Gente,12,El Senado debe aprobar el proyecto de eutanasia activa volun,2,"[INFERIDO POR LISTA: I. Partido de la Gente] Base coalicion=3, candidato=2 (RUIDO -1 deterministico). Refleja variacion intra-partido no verificada. Data sintetica. NO es declaracion personal del candidato. Ver dataset/README.md.",https://es.wikipedia.org/wiki/Partido_de_la_Gente_(Chile)
Mencia Poconi,Friedrich Renard,De la Gente,13,El Senado debe declarar por ley las zonas de sacrificio como,2,[INFERIDO POR LISTA: I. Partido de la Gente] Postura tomada del vector base de la coalicion sin desviacion. Data sintetica. NO es declaracion personal del candidato. Ver dataset/README.md.,https://es.wikipedia.org/wiki/Partido_de_la_Gente_(Chile)
Mencia Poconi,Friedrich Renard,De la Gente,14,El Senado debe aprobar la modernizacion de la Ley Antiterror,5,[INFERIDO POR LISTA: I. Partido de la Gente] Postura tomada del vector base de la coalicion sin desviacion. Data sintetica. NO es declaracion personal del candidato. Ver dataset/README.md.,https://es.wikipedia.org/wiki/Partido_de_la_Gente_(Chile)
Mencia Poconi,Friedrich Renard,De la Gente,15,El Senado debe incluir escanos reservados permanentes para r,1,"[INFERIDO POR LISTA: I. Partido de la Gente] Base coalicion=2, candidato=1 (RUIDO -1 deterministico). Refleja variacion intra-partido no verificada. Data sintetica. NO es declaracion personal del candidato. Ver dataset/README.md.",https://es.wikipedia.org/wiki/Partido_de_la_Gente_(Chile)
Manriquez Mora,Viviana,De la Gente,1,"El Senado debe mantenerse como camara revisora del Congreso,",4,"[INFERIDO POR LISTA: I. Partido de la Gente] Base coalicion=3, candidato=4 (RUIDO +1 deterministico). Refleja variacion intra-partido no verificada. Data sintetica. NO es declaracion personal del candidato. Ver dataset/README.md.",https://es.wikipedia.org/wiki/Partido_de_la_Gente_(Chile)
Manriquez Mora,Viviana,De la Gente,2,El Senado debe endurecer el proceso de aprobacion de nombram,5,[INFERIDO POR LISTA: I. Partido de la Gente] Postura tomada del vector base de la coalicion sin desviacion. Data sintetica. NO es declaracion personal del candidato. Ver dataset/README.md.,https://es.wikipedia.org/wiki/Partido_de_la_Gente_(Chile)
Manriquez Mora,Viviana,De la Gente,4,Chile debe restaurar el quorum de dos tercios para reformas ,4,"[INFERIDO POR LISTA: I. Partido de la Gente] Base coalicion=3, candidato=4 (RUIDO +1 deterministico). Refleja variacion intra-partido no verificada. Data sintetica. NO es declaracion personal del candidato. Ver dataset/README.md.",https://es.wikipedia.org/wiki/Partido_de_la_Gente_(Chile)
Manriquez Mora,Viviana,De la Gente,5,El Senado debe reducirse de 50 a 43 escanos para racionaliza,5,[INFERIDO POR LISTA: I. Partido de la Gente] Postura tomada del vector base de la coalicion sin desviacion. Data sintetica. NO es declaracion personal del candidato. Ver dataset/README.md.,https://es.wikipedia.org/wiki/Partido_de_la_Gente_(Chile)
Manriquez Mora,Viviana,De la Gente,7,El Senado debe aprobar el reconocimiento formal del Estado d,4,"[INFERIDO POR LISTA: I. Partido de la Gente] Base coalicion=3, candidato=4 (RUIDO +1 deterministico). Refleja variacion intra-partido no verificada. Data sintetica. NO es declaracion personal del candidato. Ver dataset/README.md.",https://es.wikipedia.org/wiki/Partido_de_la_Gente_(Chile)
Manriquez Mora,Viviana,De la Gente,8,Chile debe mantenerse dentro del Tratado Interamericano de A,4,[INFERIDO POR LISTA: I. Partido de la Gente] Postura tomada del vector base de la coalicion sin desviacion. Data sintetica. NO es declaracion personal del candidato. Ver dataset/README.md.,https://es.wikipedia.org/wiki/Partido_de_la_Gente_(Chile)
Manriquez Mora,Viviana,De la Gente,9,El Senado debe aprobar la reforma previsional aumentando el ,2,[INFERIDO POR LISTA: I. Partido de la Gente] Postura tomada del vector base de la coalicion sin desviacion. Data sintetica. NO es declaracion personal del candidato. Ver dataset/README.md.,https://es.wikipedia.org/wiki/Partido_de_la_Gente_(Chile)
Manriquez Mora,Viviana,De la Gente,10,"El royalty minero al cobre debe aumentarse por sobre el 4,7%",1,"[INFERIDO POR LISTA: I. Partido de la Gente] Base coalicion=2, candidato=1 (RUIDO -1 deterministico). Refleja variacion intra-partido no verificada. Data sintetica. NO es declaracion personal del candidato. Ver dataset/README.md.",https://es.wikipedia.org/wiki/Partido_de_la_Gente_(Chile)
Manriquez Mora,Viviana,De la Gente,11,"El Senado debe aprobar el fin del sistema de isapres, migran",3,"[INFERIDO POR LISTA: I. Partido de la Gente] Base coalicion=2, candidato=3 (RUIDO +1 deterministico). Refleja variacion intra-partido no verificada. Data sintetica. NO es declaracion personal del candidato. Ver dataset/README.md.",https://es.wikipedia.org/wiki/Partido_de_la_Gente_(Chile)
Manriquez Mora,Viviana,De la Gente,12,El Senado debe aprobar el proyecto de eutanasia activa volun,3,[INFERIDO POR LISTA: I. Partido de la Gente] Postura tomada del vector base de la coalicion sin desviacion. Data sintetica. NO es declaracion personal del candidato. Ver dataset/README.md.,https://es.wikipedia.org/wiki/Partido_de_la_Gente_(Chile)
Manriquez Mora,Viviana,De la Gente,13,El Senado debe declarar por ley las zonas de sacrificio como,2,[INFERIDO POR LISTA: I. Partido de la Gente] Postura tomada del vector base de la coalicion sin desviacion. Data sintetica. NO es declaracion personal del candidato. Ver dataset/README.md.,https://es.wikipedia.org/wiki/Partido_de_la_Gente_(Chile)
Manriquez Mora,Viviana,De la Gente,14,El Senado debe aprobar la modernizacion de la Ley Antiterror,5,[INFERIDO POR LISTA: I. Partido de la Gente] Postura tomada del vector base de la coalicion sin desviacion. Data sintetica. NO es declaracion personal del candidato. Ver dataset/README.md.,https://es.wikipedia.org/wiki/Partido_de_la_Gente_(Chile)
Manriquez Mora,Viviana,De la Gente,15,El Senado debe incluir escanos reservados permanentes para r,1,"[INFERIDO POR LISTA: I. Partido de la Gente] Base coalicion=2, candidato=1 (RUIDO -1 deterministico). Refleja variacion intra-partido no verificada. Data sintetica. NO es declaracion personal del candidato. Ver dataset/README.md.",https://es.wikipedia.org/wiki/Partido_de_la_Gente_(Chile)
Madariaga Mendez,Juan Francisco,De la Gente,1,"El Senado debe mantenerse como camara revisora del Congreso,",2,"[INFERIDO POR LISTA: I. Partido de la Gente] Base coalicion=3, candidato=2 (RUIDO -1 deterministico). Refleja variacion intra-partido no verificada. Data sintetica. NO es declaracion personal del candidato. Ver dataset/README.md.",https://es.wikipedia.org/wiki/Partido_de_la_Gente_(Chile)
Madariaga Mendez,Juan Francisco,De la Gente,3,El Senado debe aprobar por ley una limitacion a dos periodos,5,[INFERIDO POR LISTA: I. Partido de la Gente] Postura tomada del vector base de la coalicion sin desviacion. Data sintetica. NO es declaracion personal del candidato. Ver dataset/README.md.,https://es.wikipedia.org/wiki/Partido_de_la_Gente_(Chile)
Madariaga Mendez,Juan Francisco,De la Gente,4,Chile debe restaurar el quorum de dos tercios para reformas ,3,[INFERIDO POR LISTA: I. Partido de la Gente] Postura tomada del vector base de la coalicion sin desviacion. Data sintetica. NO es declaracion personal del candidato. Ver dataset/README.md.,https://es.wikipedia.org/wiki/Partido_de_la_Gente_(Chile)
Madariaga Mendez,Juan Francisco,De la Gente,5,El Senado debe reducirse de 50 a 43 escanos para racionaliza,4,"[INFERIDO POR LISTA: I. Partido de la Gente] Base coalicion=5, candidato=4 (RUIDO -1 deterministico). Refleja variacion intra-partido no verificada. Data sintetica. NO es declaracion personal del candidato. Ver dataset/README.md.",https://es.wikipedia.org/wiki/Partido_de_la_Gente_(Chile)
Madariaga Mendez,Juan Francisco,De la Gente,6,El Senado debe promover el retiro de Chile del Tratado Integ,3,[INFERIDO POR LISTA: I. Partido de la Gente] Postura tomada del vector base de la coalicion sin desviacion. Data sintetica. NO es declaracion personal del candidato. Ver dataset/README.md.,https://es.wikipedia.org/wiki/Partido_de_la_Gente_(Chile)
Madariaga Mendez,Juan Francisco,De la Gente,7,El Senado debe aprobar el reconocimiento formal del Estado d,3,[INFERIDO POR LISTA: I. Partido de la Gente] Postura tomada del vector base de la coalicion sin desviacion. Data sintetica. NO es declaracion personal del candidato. Ver dataset/README.md.,https://es.wikipedia.org/wiki/Partido_de_la_Gente_(Chile)
Madariaga Mendez,Juan Francisco,De la Gente,8,Chile debe mantenerse dentro del Tratado Interamericano de A,4,[INFERIDO POR LISTA: I. Partido de la Gente] Postura tomada del vector base de la coalicion sin desviacion. Data sintetica. NO es declaracion personal del candidato. Ver dataset/README.md.,https://es.wikipedia.org/wiki/Partido_de_la_Gente_(Chile)
Madariaga Mendez,Juan Francisco,De la Gente,9,El Senado debe aprobar la reforma previsional aumentando el ,2,[INFERIDO POR LISTA: I. Partido de la Gente] Postura tomada del vector base de la coalicion sin desviacion. Data sintetica. NO es declaracion personal del candidato. Ver dataset/README.md.,https://es.wikipedia.org/wiki/Partido_de_la_Gente_(Chile)
Madariaga Mendez,Juan Francisco,De la Gente,10,"El royalty minero al cobre debe aumentarse por sobre el 4,7%",3,"[INFERIDO POR LISTA: I. Partido de la Gente] Base coalicion=2, candidato=3 (RUIDO +1 deterministico). Refleja variacion intra-partido no verificada. Data sintetica. NO es declaracion personal del candidato. Ver dataset/README.md.",https://es.wikipedia.org/wiki/Partido_de_la_Gente_(Chile)
Madariaga Mendez,Juan Francisco,De la Gente,11,"El Senado debe aprobar el fin del sistema de isapres, migran",3,"[INFERIDO POR LISTA: I. Partido de la Gente] Base coalicion=2, candidato=3 (RUIDO +1 deterministico). Refleja variacion intra-partido no verificada. Data sintetica. NO es declaracion personal del candidato. Ver dataset/README.md.",https://es.wikipedia.org/wiki/Partido_de_la_Gente_(Chile)
Madariaga Mendez,Juan Francisco,De la Gente,12,El Senado debe aprobar el proyecto de eutanasia activa volun,4,"[INFERIDO POR LISTA: I. Partido de la Gente] Base coalicion=3, candidato=4 (RUIDO +1 deterministico). Refleja variacion intra-partido no verificada. Data sintetica. NO es declaracion personal del candidato. Ver dataset/README.md.",https://es.wikipedia.org/wiki/Partido_de_la_Gente_(Chile)
Madariaga Mendez,Juan Francisco,De la Gente,13,El Senado debe declarar por ley las zonas de sacrificio como,2,[INFERIDO POR LISTA: I. Partido de la Gente] Postura tomada del vector base de la coalicion sin desviacion. Data sintetica. NO es declaracion personal del candidato. Ver dataset/README.md.,https://es.wikipedia.org/wiki/Partido_de_la_Gente_(Chile)
Madariaga Mendez,Juan Francisco,De la Gente,15,El Senado debe incluir escanos reservados permanentes para r,1,"[INFERIDO POR LISTA: I. Partido de la Gente] Base coalicion=2, candidato=1 (RUIDO -1 deterministico). Refleja variacion intra-partido no verificada. Data sintetica. NO es declaracion personal del candidato. Ver dataset/README.md.",https://es.wikipedia.org/wiki/Partido_de_la_Gente_(Chile)
Del Sol Hallett,Marcela Patricia,De la Gente,1,"El Senado debe mantenerse como camara revisora del Congreso,",2,"[INFERIDO POR LISTA: I. Partido de la Gente] Base coalicion=3, candidato=2 (RUIDO -1 deterministico). Refleja variacion intra-partido no verificada. Data sintetica. NO es declaracion personal del candidato. Ver dataset/README.md.",https://es.wikipedia.org/wiki/Partido_de_la_Gente_(Chile)
Del Sol Hallett,Marcela Patricia,De la Gente,2,El Senado debe endurecer el proceso de aprobacion de nombram,5,[INFERIDO POR LISTA: I. Partido de la Gente] Postura tomada del vector base de la coalicion sin desviacion. Data sintetica. NO es declaracion personal del candidato. Ver dataset/README.md.,https://es.wikipedia.org/wiki/Partido_de_la_Gente_(Chile)
Del Sol Hallett,Marcela Patricia,De la Gente,4,Chile debe restaurar el quorum de dos tercios para reformas ,3,[INFERIDO POR LISTA: I. Partido de la Gente] Postura tomada del vector base de la coalicion sin desviacion. Data sintetica. NO es declaracion personal del candidato. Ver dataset/README.md.,https://es.wikipedia.org/wiki/Partido_de_la_Gente_(Chile)
Del Sol Hallett,Marcela Patricia,De la Gente,5,El Senado debe reducirse de 50 a 43 escanos para racionaliza,5,[INFERIDO POR LISTA: I. Partido de la Gente] Postura tomada del vector base de la coalicion sin desviacion. Data sintetica. NO es declaracion personal del candidato. Ver dataset/README.md.,https://es.wikipedia.org/wiki/Partido_de_la_Gente_(Chile)
Del Sol Hallett,Marcela Patricia,De la Gente,6,El Senado debe promover el retiro de Chile del Tratado Integ,2,"[INFERIDO POR LISTA: I. Partido de la Gente] Base coalicion=3, candidato=2 (RUIDO -1 deterministico). Refleja variacion intra-partido no verificada. Data sintetica. NO es declaracion personal del candidato. Ver dataset/README.md.",https://es.wikipedia.org/wiki/Partido_de_la_Gente_(Chile)
Del Sol Hallett,Marcela Patricia,De la Gente,7,El Senado debe aprobar el reconocimiento formal del Estado d,2,"[INFERIDO POR LISTA: I. Partido de la Gente] Base coalicion=3, candidato=2 (RUIDO -1 deterministico). Refleja variacion intra-partido no verificada. Data sintetica. NO es declaracion personal del candidato. Ver dataset/README.md.",https://es.wikipedia.org/wiki/Partido_de_la_Gente_(Chile)
Del Sol Hallett,Marcela Patricia,De la Gente,8,Chile debe mantenerse dentro del Tratado Interamericano de A,5,"[INFERIDO POR LISTA: I. Partido de la Gente] Base coalicion=4, candidato=5 (RUIDO +1 deterministico). Refleja variacion intra-partido no verificada. Data sintetica. NO es declaracion personal del candidato. Ver dataset/README.md.",https://es.wikipedia.org/wiki/Partido_de_la_Gente_(Chile)
Del Sol Hallett,Marcela Patricia,De la Gente,9,El Senado debe aprobar la reforma previsional aumentando el ,3,"[INFERIDO POR LISTA: I. Partido de la Gente] Base coalicion=2, candidato=3 (RUIDO +1 deterministico). Refleja variacion intra-partido no verificada. Data sintetica. NO es declaracion personal del candidato. Ver dataset/README.md.",https://es.wikipedia.org/wiki/Partido_de_la_Gente_(Chile)
Del Sol Hallett,Marcela Patricia,De la Gente,10,"El royalty minero al cobre debe aumentarse por sobre el 4,7%",1,"[INFERIDO POR LISTA: I. Partido de la Gente] Base coalicion=2, candidato=1 (RUIDO -1 deterministico). Refleja variacion intra-partido no verificada. Data sintetica. NO es declaracion personal del candidato. Ver dataset/README.md.",https://es.wikipedia.org/wiki/Partido_de_la_Gente_(Chile)
Del Sol Hallett,Marcela Patricia,De la Gente,11,"El Senado debe aprobar el fin del sistema de isapres, migran",2,[INFERIDO POR LISTA: I. Partido de la Gente] Postura tomada del vector base de la coalicion sin desviacion. Data sintetica. NO es declaracion personal del candidato. Ver dataset/README.md.,https://es.wikipedia.org/wiki/Partido_de_la_Gente_(Chile)
Del Sol Hallett,Marcela Patricia,De la Gente,12,El Senado debe aprobar el proyecto de eutanasia activa volun,2,"[INFERIDO POR LISTA: I. Partido de la Gente] Base coalicion=3, candidato=2 (RUIDO -1 deterministico). Refleja variacion intra-partido no verificada. Data sintetica. NO es declaracion personal del candidato. Ver dataset/README.md.",https://es.wikipedia.org/wiki/Partido_de_la_Gente_(Chile)
Del Sol Hallett,Marcela Patricia,De la Gente,13,El Senado debe declarar por ley las zonas de sacrificio como,3,"[INFERIDO POR LISTA: I. Partido de la Gente] Base coalicion=2, candidato=3 (RUIDO +1 deterministico). Refleja variacion intra-partido no verificada. Data sintetica. NO es declaracion personal del candidato. Ver dataset/README.md.",https://es.wikipedia.org/wiki/Partido_de_la_Gente_(Chile)
Del Sol Hallett,Marcela Patricia,De la Gente,14,El Senado debe aprobar la modernizacion de la Ley Antiterror,5,[INFERIDO POR LISTA: I. Partido de la Gente] Postura tomada del vector base de la coalicion sin desviacion. Data sintetica. NO es declaracion personal del candidato. Ver dataset/README.md.,https://es.wikipedia.org/wiki/Partido_de_la_Gente_(Chile)
Del Sol Hallett,Marcela Patricia,De la Gente,15,El Senado debe incluir escanos reservados permanentes para r,3,"[INFERIDO POR LISTA: I. Partido de la Gente] Base coalicion=2, candidato=3 (RUIDO +1 deterministico). Refleja variacion intra-partido no verificada. Data sintetica. NO es declaracion personal del candidato. Ver dataset/README.md.",https://es.wikipedia.org/wiki/Partido_de_la_Gente_(Chile)
Correa Quezada,Pamela,De la Gente,1,"El Senado debe mantenerse como camara revisora del Congreso,",2,"[INFERIDO POR LISTA: I. Partido de la Gente] Base coalicion=3, candidato=2 (RUIDO -1 deterministico). Refleja variacion intra-partido no verificada. Data sintetica. NO es declaracion personal del candidato. Ver dataset/README.md.",https://es.wikipedia.org/wiki/Partido_de_la_Gente_(Chile)
Correa Quezada,Pamela,De la Gente,2,El Senado debe endurecer el proceso de aprobacion de nombram,5,[INFERIDO POR LISTA: I. Partido de la Gente] Postura tomada del vector base de la coalicion sin desviacion. Data sintetica. NO es declaracion personal del candidato. Ver dataset/README.md.,https://es.wikipedia.org/wiki/Partido_de_la_Gente_(Chile)
Correa Quezada,Pamela,De la Gente,3,El Senado debe aprobar por ley una limitacion a dos periodos,4,"[INFERIDO POR LISTA: I. Partido de la Gente] Base coalicion=5, candidato=4 (RUIDO -1 deterministico). Refleja variacion intra-partido no verificada. Data sintetica. NO es declaracion personal del candidato. Ver dataset/README.md.",https://es.wikipedia.org/wiki/Partido_de_la_Gente_(Chile)
Correa Quezada,Pamela,De la Gente,4,Chile debe restaurar el quorum de dos tercios para reformas ,4,"[INFERIDO POR LISTA: I. Partido de la Gente] Base coalicion=3, candidato=4 (RUIDO +1 deterministico). Refleja variacion intra-partido no verificada. Data sintetica. NO es declaracion personal del candidato. Ver dataset/README.md.",https://es.wikipedia.org/wiki/Partido_de_la_Gente_(Chile)
Correa Quezada,Pamela,De la Gente,5,El Senado debe reducirse de 50 a 43 escanos para racionaliza,5,[INFERIDO POR LISTA: I. Partido de la Gente] Postura tomada del vector base de la coalicion sin desviacion. Data sintetica. NO es declaracion personal del candidato. Ver dataset/README.md.,https://es.wikipedia.org/wiki/Partido_de_la_Gente_(Chile)
Correa Quezada,Pamela,De la Gente,6,El Senado debe promover el retiro de Chile del Tratado Integ,3,[INFERIDO POR LISTA: I. Partido de la Gente] Postura tomada del vector base de la coalicion sin desviacion. Data sintetica. NO es declaracion personal del candidato. Ver dataset/README.md.,https://es.wikipedia.org/wiki/Partido_de_la_Gente_(Chile)
Correa Quezada,Pamela,De la Gente,7,El Senado debe aprobar el reconocimiento formal del Estado d,2,"[INFERIDO POR LISTA: I. Partido de la Gente] Base coalicion=3, candidato=2 (RUIDO -1 deterministico). Refleja variacion intra-partido no verificada. Data sintetica. NO es declaracion personal del candidato. Ver dataset/README.md.",https://es.wikipedia.org/wiki/Partido_de_la_Gente_(Chile)
Correa Quezada,Pamela,De la Gente,8,Chile debe mantenerse dentro del Tratado Interamericano de A,5,"[INFERIDO POR LISTA: I. Partido de la Gente] Base coalicion=4, candidato=5 (RUIDO +1 deterministico). Refleja variacion intra-partido no verificada. Data sintetica. NO es declaracion personal del candidato. Ver dataset/README.md.",https://es.wikipedia.org/wiki/Partido_de_la_Gente_(Chile)
Correa Quezada,Pamela,De la Gente,9,El Senado debe aprobar la reforma previsional aumentando el ,3,"[INFERIDO POR LISTA: I. Partido de la Gente] Base coalicion=2, candidato=3 (RUIDO +1 deterministico). Refleja variacion intra-partido no verificada. Data sintetica. NO es declaracion personal del candidato. Ver dataset/README.md.",https://es.wikipedia.org/wiki/Partido_de_la_Gente_(Chile)
Correa Quezada,Pamela,De la Gente,10,"El royalty minero al cobre debe aumentarse por sobre el 4,7%",3,"[INFERIDO POR LISTA: I. Partido de la Gente] Base coalicion=2, candidato=3 (RUIDO +1 deterministico). Refleja variacion intra-partido no verificada. Data sintetica. NO es declaracion personal del candidato. Ver dataset/README.md.",https://es.wikipedia.org/wiki/Partido_de_la_Gente_(Chile)
Correa Quezada,Pamela,De la Gente,11,"El Senado debe aprobar el fin del sistema de isapres, migran",2,[INFERIDO POR LISTA: I. Partido de la Gente] Postura tomada del vector base de la coalicion sin desviacion. Data sintetica. NO es declaracion personal del candidato. Ver dataset/README.md.,https://es.wikipedia.org/wiki/Partido_de_la_Gente_(Chile)
Correa Quezada,Pamela,De la Gente,12,El Senado debe aprobar el proyecto de eutanasia activa volun,3,[INFERIDO POR LISTA: I. Partido de la Gente] Postura tomada del vector base de la coalicion sin desviacion. Data sintetica. NO es declaracion personal del candidato. Ver dataset/README.md.,https://es.wikipedia.org/wiki/Partido_de_la_Gente_(Chile)
Correa Quezada,Pamela,De la Gente,13,El Senado debe declarar por ley las zonas de sacrificio como,2,[INFERIDO POR LISTA: I. Partido de la Gente] Postura tomada del vector base de la coalicion sin desviacion. Data sintetica. NO es declaracion personal del candidato. Ver dataset/README.md.,https://es.wikipedia.org/wiki/Partido_de_la_Gente_(Chile)
Correa Quezada,Pamela,De la Gente,14,El Senado debe aprobar la modernizacion de la Ley Antiterror,5,[INFERIDO POR LISTA: I. Partido de la Gente] Postura tomada del vector base de la coalicion sin desviacion. Data sintetica. NO es declaracion personal del candidato. Ver dataset/README.md.,https://es.wikipedia.org/wiki/Partido_de_la_Gente_(Chile)
Correa Quezada,Pamela,De la Gente,15,El Senado debe incluir escanos reservados permanentes para r,2,[INFERIDO POR LISTA: I. Partido de la Gente] Postura tomada del vector base de la coalicion sin desviacion. Data sintetica. NO es declaracion personal del candidato. Ver dataset/README.md.,https://es.wikipedia.org/wiki/Partido_de_la_Gente_(Chile)
Uribe Hernandez,Claudio Abraham,De la Gente,1,"El Senado debe mantenerse como camara revisora del Congreso,",3,[INFERIDO POR LISTA: I. Partido de la Gente] Postura tomada del vector base de la coalicion sin desviacion. Data sintetica. NO es declaracion personal del candidato. Ver dataset/README.md.,https://es.wikipedia.org/wiki/Partido_de_la_Gente_(Chile)
Uribe Hernandez,Claudio Abraham,De la Gente,3,El Senado debe aprobar por ley una limitacion a dos periodos,5,[INFERIDO POR LISTA: I. Partido de la Gente] Postura tomada del vector base de la coalicion sin desviacion. Data sintetica. NO es declaracion personal del candidato. Ver dataset/README.md.,https://es.wikipedia.org/wiki/Partido_de_la_Gente_(Chile)
Uribe Hernandez,Claudio Abraham,De la Gente,4,Chile debe restaurar el quorum de dos tercios para reformas ,3,[INFERIDO POR LISTA: I. Partido de la Gente] Postura tomada del vector base de la coalicion sin desviacion. Data sintetica. NO es declaracion personal del candidato. Ver dataset/README.md.,https://es.wikipedia.org/wiki/Partido_de_la_Gente_(Chile)
Uribe Hernandez,Claudio Abraham,De la Gente,5,El Senado debe reducirse de 50 a 43 escanos para racionaliza,5,[INFERIDO POR LISTA: I. Partido de la Gente] Postura tomada del vector base de la coalicion sin desviacion. Data sintetica. NO es declaracion personal del candidato. Ver dataset/README.md.,https://es.wikipedia.org/wiki/Partido_de_la_Gente_(Chile)
Uribe Hernandez,Claudio Abraham,De la Gente,6,El Senado debe promover el retiro de Chile del Tratado Integ,3,[INFERIDO POR LISTA: I. Partido de la Gente] Postura tomada del vector base de la coalicion sin desviacion. Data sintetica. NO es declaracion personal del candidato. Ver dataset/README.md.,https://es.wikipedia.org/wiki/Partido_de_la_Gente_(Chile)
Uribe Hernandez,Claudio Abraham,De la Gente,7,El Senado debe aprobar el reconocimiento formal del Estado d,3,[INFERIDO POR LISTA: I. Partido de la Gente] Postura tomada del vector base de la coalicion sin desviacion. Data sintetica. NO es declaracion personal del candidato. Ver dataset/README.md.,https://es.wikipedia.org/wiki/Partido_de_la_Gente_(Chile)
Uribe Hernandez,Claudio Abraham,De la Gente,8,Chile debe mantenerse dentro del Tratado Interamericano de A,3,"[INFERIDO POR LISTA: I. Partido de la Gente] Base coalicion=4, candidato=3 (RUIDO -1 deterministico). Refleja variacion intra-partido no verificada. Data sintetica. NO es declaracion personal del candidato. Ver dataset/README.md.",https://es.wikipedia.org/wiki/Partido_de_la_Gente_(Chile)
Uribe Hernandez,Claudio Abraham,De la Gente,9,El Senado debe aprobar la reforma previsional aumentando el ,3,"[INFERIDO POR LISTA: I. Partido de la Gente] Base coalicion=2, candidato=3 (RUIDO +1 deterministico). Refleja variacion intra-partido no verificada. Data sintetica. NO es declaracion personal del candidato. Ver dataset/README.md.",https://es.wikipedia.org/wiki/Partido_de_la_Gente_(Chile)
Uribe Hernandez,Claudio Abraham,De la Gente,10,"El royalty minero al cobre debe aumentarse por sobre el 4,7%",1,"[INFERIDO POR LISTA: I. Partido de la Gente] Base coalicion=2, candidato=1 (RUIDO -1 deterministico). Refleja variacion intra-partido no verificada. Data sintetica. NO es declaracion personal del candidato. Ver dataset/README.md.",https://es.wikipedia.org/wiki/Partido_de_la_Gente_(Chile)
Uribe Hernandez,Claudio Abraham,De la Gente,11,"El Senado debe aprobar el fin del sistema de isapres, migran",2,[INFERIDO POR LISTA: I. Partido de la Gente] Postura tomada del vector base de la coalicion sin desviacion. Data sintetica. NO es declaracion personal del candidato. Ver dataset/README.md.,https://es.wikipedia.org/wiki/Partido_de_la_Gente_(Chile)
Uribe Hernandez,Claudio Abraham,De la Gente,13,El Senado debe declarar por ley las zonas de sacrificio como,1,"[INFERIDO POR LISTA: I. Partido de la Gente] Base coalicion=2, candidato=1 (RUIDO -1 deterministico). Refleja variacion intra-partido no verificada. Data sintetica. NO es declaracion personal del candidato. Ver dataset/README.md.",https://es.wikipedia.org/wiki/Partido_de_la_Gente_(Chile)
Uribe Hernandez,Claudio Abraham,De la Gente,14,El Senado debe aprobar la modernizacion de la Ley Antiterror,4,"[INFERIDO POR LISTA: I. Partido de la Gente] Base coalicion=5, candidato=4 (RUIDO -1 deterministico). Refleja variacion intra-partido no verificada. Data sintetica. NO es declaracion personal del candidato. Ver dataset/README.md.",https://es.wikipedia.org/wiki/Partido_de_la_Gente_(Chile)
Uribe Hernandez,Claudio Abraham,De la Gente,15,El Senado debe incluir escanos reservados permanentes para r,2,[INFERIDO POR LISTA: I. Partido de la Gente] Postura tomada del vector base de la coalicion sin desviacion. Data sintetica. NO es declaracion personal del candidato. Ver dataset/README.md.,https://es.wikipedia.org/wiki/Partido_de_la_Gente_(Chile)
Pedreros Venegas,Marisel,De la Gente,1,"El Senado debe mantenerse como camara revisora del Congreso,",3,[INFERIDO POR LISTA: I. Partido de la Gente] Postura tomada del vector base de la coalicion sin desviacion. Data sintetica. NO es declaracion personal del candidato. Ver dataset/README.md.,https://es.wikipedia.org/wiki/Partido_de_la_Gente_(Chile)
Pedreros Venegas,Marisel,De la Gente,2,El Senado debe endurecer el proceso de aprobacion de nombram,5,[INFERIDO POR LISTA: I. Partido de la Gente] Postura tomada del vector base de la coalicion sin desviacion. Data sintetica. NO es declaracion personal del candidato. Ver dataset/README.md.,https://es.wikipedia.org/wiki/Partido_de_la_Gente_(Chile)
Pedreros Venegas,Marisel,De la Gente,3,El Senado debe aprobar por ley una limitacion a dos periodos,4,"[INFERIDO POR LISTA: I. Partido de la Gente] Base coalicion=5, candidato=4 (RUIDO -1 deterministico). Refleja variacion intra-partido no verificada. Data sintetica. NO es declaracion personal del candidato. Ver dataset/README.md.",https://es.wikipedia.org/wiki/Partido_de_la_Gente_(Chile)
Pedreros Venegas,Marisel,De la Gente,4,Chile debe restaurar el quorum de dos tercios para reformas ,3,[INFERIDO POR LISTA: I. Partido de la Gente] Postura tomada del vector base de la coalicion sin desviacion. Data sintetica. NO es declaracion personal del candidato. Ver dataset/README.md.,https://es.wikipedia.org/wiki/Partido_de_la_Gente_(Chile)
Pedreros Venegas,Marisel,De la Gente,5,El Senado debe reducirse de 50 a 43 escanos para racionaliza,4,"[INFERIDO POR LISTA: I. Partido de la Gente] Base coalicion=5, candidato=4 (RUIDO -1 deterministico). Refleja variacion intra-partido no verificada. Data sintetica. NO es declaracion personal del candidato. Ver dataset/README.md.",https://es.wikipedia.org/wiki/Partido_de_la_Gente_(Chile)
Pedreros Venegas,Marisel,De la Gente,6,El Senado debe promover el retiro de Chile del Tratado Integ,3,[INFERIDO POR LISTA: I. Partido de la Gente] Postura tomada del vector base de la coalicion sin desviacion. Data sintetica. NO es declaracion personal del candidato. Ver dataset/README.md.,https://es.wikipedia.org/wiki/Partido_de_la_Gente_(Chile)
Pedreros Venegas,Marisel,De la Gente,7,El Senado debe aprobar el reconocimiento formal del Estado d,2,"[INFERIDO POR LISTA: I. Partido de la Gente] Base coalicion=3, candidato=2 (RUIDO -1 deterministico). Refleja variacion intra-partido no verificada. Data sintetica. NO es declaracion personal del candidato. Ver dataset/README.md.",https://es.wikipedia.org/wiki/Partido_de_la_Gente_(Chile)
Pedreros Venegas,Marisel,De la Gente,8,Chile debe mantenerse dentro del Tratado Interamericano de A,5,"[INFERIDO POR LISTA: I. Partido de la Gente] Base coalicion=4, candidato=5 (RUIDO +1 deterministico). Refleja variacion intra-partido no verificada. Data sintetica. NO es declaracion personal del candidato. Ver dataset/README.md.",https://es.wikipedia.org/wiki/Partido_de_la_Gente_(Chile)
Pedreros Venegas,Marisel,De la Gente,9,El Senado debe aprobar la reforma previsional aumentando el ,2,[INFERIDO POR LISTA: I. Partido de la Gente] Postura tomada del vector base de la coalicion sin desviacion. Data sintetica. NO es declaracion personal del candidato. Ver dataset/README.md.,https://es.wikipedia.org/wiki/Partido_de_la_Gente_(Chile)
Pedreros Venegas,Marisel,De la Gente,10,"El royalty minero al cobre debe aumentarse por sobre el 4,7%",2,[INFERIDO POR LISTA: I. Partido de la Gente] Postura tomada del vector base de la coalicion sin desviacion. Data sintetica. NO es declaracion personal del candidato. Ver dataset/README.md.,https://es.wikipedia.org/wiki/Partido_de_la_Gente_(Chile)
Pedreros Venegas,Marisel,De la Gente,11,"El Senado debe aprobar el fin del sistema de isapres, migran",2,[INFERIDO POR LISTA: I. Partido de la Gente] Postura tomada del vector base de la coalicion sin desviacion. Data sintetica. NO es declaracion personal del candidato. Ver dataset/README.md.,https://es.wikipedia.org/wiki/Partido_de_la_Gente_(Chile)
Pedreros Venegas,Marisel,De la Gente,12,El Senado debe aprobar el proyecto de eutanasia activa volun,3,[INFERIDO POR LISTA: I. Partido de la Gente] Postura tomada del vector base de la coalicion sin desviacion. Data sintetica. NO es declaracion personal del candidato. Ver dataset/README.md.,https://es.wikipedia.org/wiki/Partido_de_la_Gente_(Chile)
Pedreros Venegas,Marisel,De la Gente,14,El Senado debe aprobar la modernizacion de la Ley Antiterror,5,[INFERIDO POR LISTA: I. Partido de la Gente] Postura tomada del vector base de la coalicion sin desviacion. Data sintetica. NO es declaracion personal del candidato. Ver dataset/README.md.,https://es.wikipedia.org/wiki/Partido_de_la_Gente_(Chile)
Pedreros Venegas,Marisel,De la Gente,15,El Senado debe incluir escanos reservados permanentes para r,3,"[INFERIDO POR LISTA: I. Partido de la Gente] Base coalicion=2, candidato=3 (RUIDO +1 deterministico). Refleja variacion intra-partido no verificada. Data sintetica. NO es declaracion personal del candidato. Ver dataset/README.md.",https://es.wikipedia.org/wiki/Partido_de_la_Gente_(Chile)
Canelo Perez,Elias,De la Gente,1,"El Senado debe mantenerse como camara revisora del Congreso,",4,"[INFERIDO POR LISTA: I. Partido de la Gente] Base coalicion=3, candidato=4 (RUIDO +1 deterministico). Refleja variacion intra-partido no verificada. Data sintetica. NO es declaracion personal del candidato. Ver dataset/README.md.",https://es.wikipedia.org/wiki/Partido_de_la_Gente_(Chile)
Canelo Perez,Elias,De la Gente,2,El Senado debe endurecer el proceso de aprobacion de nombram,5,[INFERIDO POR LISTA: I. Partido de la Gente] Postura tomada del vector base de la coalicion sin desviacion. Data sintetica. NO es declaracion personal del candidato. Ver dataset/README.md.,https://es.wikipedia.org/wiki/Partido_de_la_Gente_(Chile)
Canelo Perez,Elias,De la Gente,3,El Senado debe aprobar por ley una limitacion a dos periodos,5,[INFERIDO POR LISTA: I. Partido de la Gente] Postura tomada del vector base de la coalicion sin desviacion. Data sintetica. NO es declaracion personal del candidato. Ver dataset/README.md.,https://es.wikipedia.org/wiki/Partido_de_la_Gente_(Chile)
Canelo Perez,Elias,De la Gente,4,Chile debe restaurar el quorum de dos tercios para reformas ,3,[INFERIDO POR LISTA: I. Partido de la Gente] Postura tomada del vector base de la coalicion sin desviacion. Data sintetica. NO es declaracion personal del candidato. Ver dataset/README.md.,https://es.wikipedia.org/wiki/Partido_de_la_Gente_(Chile)
Canelo Perez,Elias,De la Gente,5,El Senado debe reducirse de 50 a 43 escanos para racionaliza,4,"[INFERIDO POR LISTA: I. Partido de la Gente] Base coalicion=5, candidato=4 (RUIDO -1 deterministico). Refleja variacion intra-partido no verificada. Data sintetica. NO es declaracion personal del candidato. Ver dataset/README.md.",https://es.wikipedia.org/wiki/Partido_de_la_Gente_(Chile)
Canelo Perez,Elias,De la Gente,6,El Senado debe promover el retiro de Chile del Tratado Integ,3,[INFERIDO POR LISTA: I. Partido de la Gente] Postura tomada del vector base de la coalicion sin desviacion. Data sintetica. NO es declaracion personal del candidato. Ver dataset/README.md.,https://es.wikipedia.org/wiki/Partido_de_la_Gente_(Chile)
Canelo Perez,Elias,De la Gente,7,El Senado debe aprobar el reconocimiento formal del Estado d,3,[INFERIDO POR LISTA: I. Partido de la Gente] Postura tomada del vector base de la coalicion sin desviacion. Data sintetica. NO es declaracion personal del candidato. Ver dataset/README.md.,https://es.wikipedia.org/wiki/Partido_de_la_Gente_(Chile)
Canelo Perez,Elias,De la Gente,8,Chile debe mantenerse dentro del Tratado Interamericano de A,4,[INFERIDO POR LISTA: I. Partido de la Gente] Postura tomada del vector base de la coalicion sin desviacion. Data sintetica. NO es declaracion personal del candidato. Ver dataset/README.md.,https://es.wikipedia.org/wiki/Partido_de_la_Gente_(Chile)
Canelo Perez,Elias,De la Gente,9,El Senado debe aprobar la reforma previsional aumentando el ,1,"[INFERIDO POR LISTA: I. Partido de la Gente] Base coalicion=2, candidato=1 (RUIDO -1 deterministico). Refleja variacion intra-partido no verificada. Data sintetica. NO es declaracion personal del candidato. Ver dataset/README.md.",https://es.wikipedia.org/wiki/Partido_de_la_Gente_(Chile)
Canelo Perez,Elias,De la Gente,10,"El royalty minero al cobre debe aumentarse por sobre el 4,7%",3,"[INFERIDO POR LISTA: I. Partido de la Gente] Base coalicion=2, candidato=3 (RUIDO +1 deterministico). Refleja variacion intra-partido no verificada. Data sintetica. NO es declaracion personal del candidato. Ver dataset/README.md.",https://es.wikipedia.org/wiki/Partido_de_la_Gente_(Chile)
Canelo Perez,Elias,De la Gente,11,"El Senado debe aprobar el fin del sistema de isapres, migran",2,[INFERIDO POR LISTA: I. Partido de la Gente] Postura tomada del vector base de la coalicion sin desviacion. Data sintetica. NO es declaracion personal del candidato. Ver dataset/README.md.,https://es.wikipedia.org/wiki/Partido_de_la_Gente_(Chile)
Canelo Perez,Elias,De la Gente,13,El Senado debe declarar por ley las zonas de sacrificio como,1,"[INFERIDO POR LISTA: I. Partido de la Gente] Base coalicion=2, candidato=1 (RUIDO -1 deterministico). Refleja variacion intra-partido no verificada. Data sintetica. NO es declaracion personal del candidato. Ver dataset/README.md.",https://es.wikipedia.org/wiki/Partido_de_la_Gente_(Chile)
Canelo Perez,Elias,De la Gente,14,El Senado debe aprobar la modernizacion de la Ley Antiterror,4,"[INFERIDO POR LISTA: I. Partido de la Gente] Base coalicion=5, candidato=4 (RUIDO -1 deterministico). Refleja variacion intra-partido no verificada. Data sintetica. NO es declaracion personal del candidato. Ver dataset/README.md.",https://es.wikipedia.org/wiki/Partido_de_la_Gente_(Chile)
Canelo Perez,Elias,De la Gente,15,El Senado debe incluir escanos reservados permanentes para r,2,[INFERIDO POR LISTA: I. Partido de la Gente] Postura tomada del vector base de la coalicion sin desviacion. Data sintetica. NO es declaracion personal del candidato. Ver dataset/README.md.,https://es.wikipedia.org/wiki/Partido_de_la_Gente_(Chile)
Cortez Barrera,Diego Alonso,De la Gente,1,"El Senado debe mantenerse como camara revisora del Congreso,",4,"[INFERIDO POR LISTA: I. Partido de la Gente] Base coalicion=3, candidato=4 (RUIDO +1 deterministico). Refleja variacion intra-partido no verificada. Data sintetica. NO es declaracion personal del candidato. Ver dataset/README.md.",https://es.wikipedia.org/wiki/Partido_de_la_Gente_(Chile)
Cortez Barrera,Diego Alonso,De la Gente,2,El Senado debe endurecer el proceso de aprobacion de nombram,5,[INFERIDO POR LISTA: I. Partido de la Gente] Postura tomada del vector base de la coalicion sin desviacion. Data sintetica. NO es declaracion personal del candidato. Ver dataset/README.md.,https://es.wikipedia.org/wiki/Partido_de_la_Gente_(Chile)
Cortez Barrera,Diego Alonso,De la Gente,3,El Senado debe aprobar por ley una limitacion a dos periodos,5,[INFERIDO POR LISTA: I. Partido de la Gente] Postura tomada del vector base de la coalicion sin desviacion. Data sintetica. NO es declaracion personal del candidato. Ver dataset/README.md.,https://es.wikipedia.org/wiki/Partido_de_la_Gente_(Chile)
Cortez Barrera,Diego Alonso,De la Gente,4,Chile debe restaurar el quorum de dos tercios para reformas ,3,[INFERIDO POR LISTA: I. Partido de la Gente] Postura tomada del vector base de la coalicion sin desviacion. Data sintetica. NO es declaracion personal del candidato. Ver dataset/README.md.,https://es.wikipedia.org/wiki/Partido_de_la_Gente_(Chile)
Cortez Barrera,Diego Alonso,De la Gente,5,El Senado debe reducirse de 50 a 43 escanos para racionaliza,5,[INFERIDO POR LISTA: I. Partido de la Gente] Postura tomada del vector base de la coalicion sin desviacion. Data sintetica. NO es declaracion personal del candidato. Ver dataset/README.md.,https://es.wikipedia.org/wiki/Partido_de_la_Gente_(Chile)
Cortez Barrera,Diego Alonso,De la Gente,6,El Senado debe promover el retiro de Chile del Tratado Integ,3,[INFERIDO POR LISTA: I. Partido de la Gente] Postura tomada del vector base de la coalicion sin desviacion. Data sintetica. NO es declaracion personal del candidato. Ver dataset/README.md.,https://es.wikipedia.org/wiki/Partido_de_la_Gente_(Chile)
Cortez Barrera,Diego Alonso,De la Gente,7,El Senado debe aprobar el reconocimiento formal del Estado d,2,"[INFERIDO POR LISTA: I. Partido de la Gente] Base coalicion=3, candidato=2 (RUIDO -1 deterministico). Refleja variacion intra-partido no verificada. Data sintetica. NO es declaracion personal del candidato. Ver dataset/README.md.",https://es.wikipedia.org/wiki/Partido_de_la_Gente_(Chile)
Cortez Barrera,Diego Alonso,De la Gente,8,Chile debe mantenerse dentro del Tratado Interamericano de A,3,"[INFERIDO POR LISTA: I. Partido de la Gente] Base coalicion=4, candidato=3 (RUIDO -1 deterministico). Refleja variacion intra-partido no verificada. Data sintetica. NO es declaracion personal del candidato. Ver dataset/README.md.",https://es.wikipedia.org/wiki/Partido_de_la_Gente_(Chile)
Cortez Barrera,Diego Alonso,De la Gente,9,El Senado debe aprobar la reforma previsional aumentando el ,3,"[INFERIDO POR LISTA: I. Partido de la Gente] Base coalicion=2, candidato=3 (RUIDO +1 deterministico). Refleja variacion intra-partido no verificada. Data sintetica. NO es declaracion personal del candidato. Ver dataset/README.md.",https://es.wikipedia.org/wiki/Partido_de_la_Gente_(Chile)
Cortez Barrera,Diego Alonso,De la Gente,11,"El Senado debe aprobar el fin del sistema de isapres, migran",2,[INFERIDO POR LISTA: I. Partido de la Gente] Postura tomada del vector base de la coalicion sin desviacion. Data sintetica. NO es declaracion personal del candidato. Ver dataset/README.md.,https://es.wikipedia.org/wiki/Partido_de_la_Gente_(Chile)
Cortez Barrera,Diego Alonso,De la Gente,13,El Senado debe declarar por ley las zonas de sacrificio como,2,[INFERIDO POR LISTA: I. Partido de la Gente] Postura tomada del vector base de la coalicion sin desviacion. Data sintetica. NO es declaracion personal del candidato. Ver dataset/README.md.,https://es.wikipedia.org/wiki/Partido_de_la_Gente_(Chile)
Cortez Barrera,Diego Alonso,De la Gente,14,El Senado debe aprobar la modernizacion de la Ley Antiterror,5,[INFERIDO POR LISTA: I. Partido de la Gente] Postura tomada del vector base de la coalicion sin desviacion. Data sintetica. NO es declaracion personal del candidato. Ver dataset/README.md.,https://es.wikipedia.org/wiki/Partido_de_la_Gente_(Chile)
Cortez Barrera,Diego Alonso,De la Gente,15,El Senado debe incluir escanos reservados permanentes para r,2,[INFERIDO POR LISTA: I. Partido de la Gente] Postura tomada del vector base de la coalicion sin desviacion. Data sintetica. NO es declaracion personal del candidato. Ver dataset/README.md.,https://es.wikipedia.org/wiki/Partido_de_la_Gente_(Chile)
Campos Rojas,Mario,De la Gente,1,"El Senado debe mantenerse como camara revisora del Congreso,",2,"[INFERIDO POR LISTA: I. Partido de la Gente] Base coalicion=3, candidato=2 (RUIDO -1 deterministico). Refleja variacion intra-partido no verificada. Data sintetica. NO es declaracion personal del candidato. Ver dataset/README.md.",https://es.wikipedia.org/wiki/Partido_de_la_Gente_(Chile)
Campos Rojas,Mario,De la Gente,2,El Senado debe endurecer el proceso de aprobacion de nombram,5,[INFERIDO POR LISTA: I. Partido de la Gente] Postura tomada del vector base de la coalicion sin desviacion. Data sintetica. NO es declaracion personal del candidato. Ver dataset/README.md.,https://es.wikipedia.org/wiki/Partido_de_la_Gente_(Chile)
Campos Rojas,Mario,De la Gente,3,El Senado debe aprobar por ley una limitacion a dos periodos,5,[INFERIDO POR LISTA: I. Partido de la Gente] Postura tomada del vector base de la coalicion sin desviacion. Data sintetica. NO es declaracion personal del candidato. Ver dataset/README.md.,https://es.wikipedia.org/wiki/Partido_de_la_Gente_(Chile)
Campos Rojas,Mario,De la Gente,4,Chile debe restaurar el quorum de dos tercios para reformas ,3,[INFERIDO POR LISTA: I. Partido de la Gente] Postura tomada del vector base de la coalicion sin desviacion. Data sintetica. NO es declaracion personal del candidato. Ver dataset/README.md.,https://es.wikipedia.org/wiki/Partido_de_la_Gente_(Chile)
Campos Rojas,Mario,De la Gente,5,El Senado debe reducirse de 50 a 43 escanos para racionaliza,5,[INFERIDO POR LISTA: I. Partido de la Gente] Postura tomada del vector base de la coalicion sin desviacion. Data sintetica. NO es declaracion personal del candidato. Ver dataset/README.md.,https://es.wikipedia.org/wiki/Partido_de_la_Gente_(Chile)
Campos Rojas,Mario,De la Gente,6,El Senado debe promover el retiro de Chile del Tratado Integ,3,[INFERIDO POR LISTA: I. Partido de la Gente] Postura tomada del vector base de la coalicion sin desviacion. Data sintetica. NO es declaracion personal del candidato. Ver dataset/README.md.,https://es.wikipedia.org/wiki/Partido_de_la_Gente_(Chile)
Campos Rojas,Mario,De la Gente,7,El Senado debe aprobar el reconocimiento formal del Estado d,3,[INFERIDO POR LISTA: I. Partido de la Gente] Postura tomada del vector base de la coalicion sin desviacion. Data sintetica. NO es declaracion personal del candidato. Ver dataset/README.md.,https://es.wikipedia.org/wiki/Partido_de_la_Gente_(Chile)
Campos Rojas,Mario,De la Gente,8,Chile debe mantenerse dentro del Tratado Interamericano de A,5,"[INFERIDO POR LISTA: I. Partido de la Gente] Base coalicion=4, candidato=5 (RUIDO +1 deterministico). Refleja variacion intra-partido no verificada. Data sintetica. NO es declaracion personal del candidato. Ver dataset/README.md.",https://es.wikipedia.org/wiki/Partido_de_la_Gente_(Chile)
Campos Rojas,Mario,De la Gente,9,El Senado debe aprobar la reforma previsional aumentando el ,2,[INFERIDO POR LISTA: I. Partido de la Gente] Postura tomada del vector base de la coalicion sin desviacion. Data sintetica. NO es declaracion personal del candidato. Ver dataset/README.md.,https://es.wikipedia.org/wiki/Partido_de_la_Gente_(Chile)
Campos Rojas,Mario,De la Gente,10,"El royalty minero al cobre debe aumentarse por sobre el 4,7%",2,[INFERIDO POR LISTA: I. Partido de la Gente] Postura tomada del vector base de la coalicion sin desviacion. Data sintetica. NO es declaracion personal del candidato. Ver dataset/README.md.,https://es.wikipedia.org/wiki/Partido_de_la_Gente_(Chile)
Campos Rojas,Mario,De la Gente,11,"El Senado debe aprobar el fin del sistema de isapres, migran",2,[INFERIDO POR LISTA: I. Partido de la Gente] Postura tomada del vector base de la coalicion sin desviacion. Data sintetica. NO es declaracion personal del candidato. Ver dataset/README.md.,https://es.wikipedia.org/wiki/Partido_de_la_Gente_(Chile)
Campos Rojas,Mario,De la Gente,12,El Senado debe aprobar el proyecto de eutanasia activa volun,4,"[INFERIDO POR LISTA: I. Partido de la Gente] Base coalicion=3, candidato=4 (RUIDO +1 deterministico). Refleja variacion intra-partido no verificada. Data sintetica. NO es declaracion personal del candidato. Ver dataset/README.md.",https://es.wikipedia.org/wiki/Partido_de_la_Gente_(Chile)
Campos Rojas,Mario,De la Gente,13,El Senado debe declarar por ley las zonas de sacrificio como,2,[INFERIDO POR LISTA: I. Partido de la Gente] Postura tomada del vector base de la coalicion sin desviacion. Data sintetica. NO es declaracion personal del candidato. Ver dataset/README.md.,https://es.wikipedia.org/wiki/Partido_de_la_Gente_(Chile)
Campos Rojas,Mario,De la Gente,14,El Senado debe aprobar la modernizacion de la Ley Antiterror,5,[INFERIDO POR LISTA: I. Partido de la Gente] Postura tomada del vector base de la coalicion sin desviacion. Data sintetica. NO es declaracion personal del candidato. Ver dataset/README.md.,https://es.wikipedia.org/wiki/Partido_de_la_Gente_(Chile)
Campos Rojas,Mario,De la Gente,15,El Senado debe incluir escanos reservados permanentes para r,1,"[INFERIDO POR LISTA: I. Partido de la Gente] Base coalicion=2, candidato=1 (RUIDO -1 deterministico). Refleja variacion intra-partido no verificada. Data sintetica. NO es declaracion personal del candidato. Ver dataset/README.md.",https://es.wikipedia.org/wiki/Partido_de_la_Gente_(Chile)
Sosa Flores,Claudia,De la Gente,1,"El Senado debe mantenerse como camara revisora del Congreso,",4,"[INFERIDO POR LISTA: I. Partido de la Gente] Base coalicion=3, candidato=4 (RUIDO +1 deterministico). Refleja variacion intra-partido no verificada. Data sintetica. NO es declaracion personal del candidato. Ver dataset/README.md.",https://es.wikipedia.org/wiki/Partido_de_la_Gente_(Chile)
Sosa Flores,Claudia,De la Gente,2,El Senado debe endurecer el proceso de aprobacion de nombram,5,[INFERIDO POR LISTA: I. Partido de la Gente] Postura tomada del vector base de la coalicion sin desviacion. Data sintetica. NO es declaracion personal del candidato. Ver dataset/README.md.,https://es.wikipedia.org/wiki/Partido_de_la_Gente_(Chile)
Sosa Flores,Claudia,De la Gente,3,El Senado debe aprobar por ley una limitacion a dos periodos,5,[INFERIDO POR LISTA: I. Partido de la Gente] Postura tomada del vector base de la coalicion sin desviacion. Data sintetica. NO es declaracion personal del candidato. Ver dataset/README.md.,https://es.wikipedia.org/wiki/Partido_de_la_Gente_(Chile)
Sosa Flores,Claudia,De la Gente,5,El Senado debe reducirse de 50 a 43 escanos para racionaliza,5,[INFERIDO POR LISTA: I. Partido de la Gente] Postura tomada del vector base de la coalicion sin desviacion. Data sintetica. NO es declaracion personal del candidato. Ver dataset/README.md.,https://es.wikipedia.org/wiki/Partido_de_la_Gente_(Chile)
Sosa Flores,Claudia,De la Gente,6,El Senado debe promover el retiro de Chile del Tratado Integ,2,"[INFERIDO POR LISTA: I. Partido de la Gente] Base coalicion=3, candidato=2 (RUIDO -1 deterministico). Refleja variacion intra-partido no verificada. Data sintetica. NO es declaracion personal del candidato. Ver dataset/README.md.",https://es.wikipedia.org/wiki/Partido_de_la_Gente_(Chile)
Sosa Flores,Claudia,De la Gente,8,Chile debe mantenerse dentro del Tratado Interamericano de A,4,[INFERIDO POR LISTA: I. Partido de la Gente] Postura tomada del vector base de la coalicion sin desviacion. Data sintetica. NO es declaracion personal del candidato. Ver dataset/README.md.,https://es.wikipedia.org/wiki/Partido_de_la_Gente_(Chile)
Sosa Flores,Claudia,De la Gente,9,El Senado debe aprobar la reforma previsional aumentando el ,2,[INFERIDO POR LISTA: I. Partido de la Gente] Postura tomada del vector base de la coalicion sin desviacion. Data sintetica. NO es declaracion personal del candidato. Ver dataset/README.md.,https://es.wikipedia.org/wiki/Partido_de_la_Gente_(Chile)
Sosa Flores,Claudia,De la Gente,10,"El royalty minero al cobre debe aumentarse por sobre el 4,7%",2,[INFERIDO POR LISTA: I. Partido de la Gente] Postura tomada del vector base de la coalicion sin desviacion. Data sintetica. NO es declaracion personal del candidato. Ver dataset/README.md.,https://es.wikipedia.org/wiki/Partido_de_la_Gente_(Chile)
Sosa Flores,Claudia,De la Gente,11,"El Senado debe aprobar el fin del sistema de isapres, migran",3,"[INFERIDO POR LISTA: I. Partido de la Gente] Base coalicion=2, candidato=3 (RUIDO +1 deterministico). Refleja variacion intra-partido no verificada. Data sintetica. NO es declaracion personal del candidato. Ver dataset/README.md.",https://es.wikipedia.org/wiki/Partido_de_la_Gente_(Chile)
Sosa Flores,Claudia,De la Gente,12,El Senado debe aprobar el proyecto de eutanasia activa volun,2,"[INFERIDO POR LISTA: I. Partido de la Gente] Base coalicion=3, candidato=2 (RUIDO -1 deterministico). Refleja variacion intra-partido no verificada. Data sintetica. NO es declaracion personal del candidato. Ver dataset/README.md.",https://es.wikipedia.org/wiki/Partido_de_la_Gente_(Chile)
Sosa Flores,Claudia,De la Gente,13,El Senado debe declarar por ley las zonas de sacrificio como,3,"[INFERIDO POR LISTA: I. Partido de la Gente] Base coalicion=2, candidato=3 (RUIDO +1 deterministico). Refleja variacion intra-partido no verificada. Data sintetica. NO es declaracion personal del candidato. Ver dataset/README.md.",https://es.wikipedia.org/wiki/Partido_de_la_Gente_(Chile)
Sosa Flores,Claudia,De la Gente,14,El Senado debe aprobar la modernizacion de la Ley Antiterror,5,[INFERIDO POR LISTA: I. Partido de la Gente] Postura tomada del vector base de la coalicion sin desviacion. Data sintetica. NO es declaracion personal del candidato. Ver dataset/README.md.,https://es.wikipedia.org/wiki/Partido_de_la_Gente_(Chile)
Sosa Flores,Claudia,De la Gente,15,El Senado debe incluir escanos reservados permanentes para r,1,"[INFERIDO POR LISTA: I. Partido de la Gente] Base coalicion=2, candidato=1 (RUIDO -1 deterministico). Refleja variacion intra-partido no verificada. Data sintetica. NO es declaracion personal del candidato. Ver dataset/README.md.",https://es.wikipedia.org/wiki/Partido_de_la_Gente_(Chile)
Miranda Barriga,Paulina,De la Gente,1,"El Senado debe mantenerse como camara revisora del Congreso,",4,"[INFERIDO POR LISTA: I. Partido de la Gente] Base coalicion=3, candidato=4 (RUIDO +1 deterministico). Refleja variacion intra-partido no verificada. Data sintetica. NO es declaracion personal del candidato. Ver dataset/README.md.",https://es.wikipedia.org/wiki/Partido_de_la_Gente_(Chile)
Miranda Barriga,Paulina,De la Gente,2,El Senado debe endurecer el proceso de aprobacion de nombram,4,"[INFERIDO POR LISTA: I. Partido de la Gente] Base coalicion=5, candidato=4 (RUIDO -1 deterministico). Refleja variacion intra-partido no verificada. Data sintetica. NO es declaracion personal del candidato. Ver dataset/README.md.",https://es.wikipedia.org/wiki/Partido_de_la_Gente_(Chile)
Miranda Barriga,Paulina,De la Gente,3,El Senado debe aprobar por ley una limitacion a dos periodos,5,[INFERIDO POR LISTA: I. Partido de la Gente] Postura tomada del vector base de la coalicion sin desviacion. Data sintetica. NO es declaracion personal del candidato. Ver dataset/README.md.,https://es.wikipedia.org/wiki/Partido_de_la_Gente_(Chile)
Miranda Barriga,Paulina,De la Gente,4,Chile debe restaurar el quorum de dos tercios para reformas ,3,[INFERIDO POR LISTA: I. Partido de la Gente] Postura tomada del vector base de la coalicion sin desviacion. Data sintetica. NO es declaracion personal del candidato. Ver dataset/README.md.,https://es.wikipedia.org/wiki/Partido_de_la_Gente_(Chile)
Miranda Barriga,Paulina,De la Gente,5,El Senado debe reducirse de 50 a 43 escanos para racionaliza,4,"[INFERIDO POR LISTA: I. Partido de la Gente] Base coalicion=5, candidato=4 (RUIDO -1 deterministico). Refleja variacion intra-partido no verificada. Data sintetica. NO es declaracion personal del candidato. Ver dataset/README.md.",https://es.wikipedia.org/wiki/Partido_de_la_Gente_(Chile)
Miranda Barriga,Paulina,De la Gente,7,El Senado debe aprobar el reconocimiento formal del Estado d,2,"[INFERIDO POR LISTA: I. Partido de la Gente] Base coalicion=3, candidato=2 (RUIDO -1 deterministico). Refleja variacion intra-partido no verificada. Data sintetica. NO es declaracion personal del candidato. Ver dataset/README.md.",https://es.wikipedia.org/wiki/Partido_de_la_Gente_(Chile)
Miranda Barriga,Paulina,De la Gente,8,Chile debe mantenerse dentro del Tratado Interamericano de A,3,"[INFERIDO POR LISTA: I. Partido de la Gente] Base coalicion=4, candidato=3 (RUIDO -1 deterministico). Refleja variacion intra-partido no verificada. Data sintetica. NO es declaracion personal del candidato. Ver dataset/README.md.",https://es.wikipedia.org/wiki/Partido_de_la_Gente_(Chile)
Miranda Barriga,Paulina,De la Gente,9,El Senado debe aprobar la reforma previsional aumentando el ,3,"[INFERIDO POR LISTA: I. Partido de la Gente] Base coalicion=2, candidato=3 (RUIDO +1 deterministico). Refleja variacion intra-partido no verificada. Data sintetica. NO es declaracion personal del candidato. Ver dataset/README.md.",https://es.wikipedia.org/wiki/Partido_de_la_Gente_(Chile)
Miranda Barriga,Paulina,De la Gente,10,"El royalty minero al cobre debe aumentarse por sobre el 4,7%",1,"[INFERIDO POR LISTA: I. Partido de la Gente] Base coalicion=2, candidato=1 (RUIDO -1 deterministico). Refleja variacion intra-partido no verificada. Data sintetica. NO es declaracion personal del candidato. Ver dataset/README.md.",https://es.wikipedia.org/wiki/Partido_de_la_Gente_(Chile)
Miranda Barriga,Paulina,De la Gente,11,"El Senado debe aprobar el fin del sistema de isapres, migran",2,[INFERIDO POR LISTA: I. Partido de la Gente] Postura tomada del vector base de la coalicion sin desviacion. Data sintetica. NO es declaracion personal del candidato. Ver dataset/README.md.,https://es.wikipedia.org/wiki/Partido_de_la_Gente_(Chile)
Miranda Barriga,Paulina,De la Gente,12,El Senado debe aprobar el proyecto de eutanasia activa volun,3,[INFERIDO POR LISTA: I. Partido de la Gente] Postura tomada del vector base de la coalicion sin desviacion. Data sintetica. NO es declaracion personal del candidato. Ver dataset/README.md.,https://es.wikipedia.org/wiki/Partido_de_la_Gente_(Chile)
Miranda Barriga,Paulina,De la Gente,13,El Senado debe declarar por ley las zonas de sacrificio como,2,[INFERIDO POR LISTA: I. Partido de la Gente] Postura tomada del vector base de la coalicion sin desviacion. Data sintetica. NO es declaracion personal del candidato. Ver dataset/README.md.,https://es.wikipedia.org/wiki/Partido_de_la_Gente_(Chile)
Miranda Barriga,Paulina,De la Gente,14,El Senado debe aprobar la modernizacion de la Ley Antiterror,4,"[INFERIDO POR LISTA: I. Partido de la Gente] Base coalicion=5, candidato=4 (RUIDO -1 deterministico). Refleja variacion intra-partido no verificada. Data sintetica. NO es declaracion personal del candidato. Ver dataset/README.md.",https://es.wikipedia.org/wiki/Partido_de_la_Gente_(Chile)
Gonzalez Bello,Cecilia,De la Gente,1,"El Senado debe mantenerse como camara revisora del Congreso,",2,"[INFERIDO POR LISTA: I. Partido de la Gente] Base coalicion=3, candidato=2 (RUIDO -1 deterministico). Refleja variacion intra-partido no verificada. Data sintetica. NO es declaracion personal del candidato. Ver dataset/README.md.",https://es.wikipedia.org/wiki/Partido_de_la_Gente_(Chile)
Gonzalez Bello,Cecilia,De la Gente,2,El Senado debe endurecer el proceso de aprobacion de nombram,5,[INFERIDO POR LISTA: I. Partido de la Gente] Postura tomada del vector base de la coalicion sin desviacion. Data sintetica. NO es declaracion personal del candidato. Ver dataset/README.md.,https://es.wikipedia.org/wiki/Partido_de_la_Gente_(Chile)
Gonzalez Bello,Cecilia,De la Gente,3,El Senado debe aprobar por ley una limitacion a dos periodos,5,[INFERIDO POR LISTA: I. Partido de la Gente] Postura tomada del vector base de la coalicion sin desviacion. Data sintetica. NO es declaracion personal del candidato. Ver dataset/README.md.,https://es.wikipedia.org/wiki/Partido_de_la_Gente_(Chile)
Gonzalez Bello,Cecilia,De la Gente,4,Chile debe restaurar el quorum de dos tercios para reformas ,4,"[INFERIDO POR LISTA: I. Partido de la Gente] Base coalicion=3, candidato=4 (RUIDO +1 deterministico). Refleja variacion intra-partido no verificada. Data sintetica. NO es declaracion personal del candidato. Ver dataset/README.md.",https://es.wikipedia.org/wiki/Partido_de_la_Gente_(Chile)
Gonzalez Bello,Cecilia,De la Gente,6,El Senado debe promover el retiro de Chile del Tratado Integ,3,[INFERIDO POR LISTA: I. Partido de la Gente] Postura tomada del vector base de la coalicion sin desviacion. Data sintetica. NO es declaracion personal del candidato. Ver dataset/README.md.,https://es.wikipedia.org/wiki/Partido_de_la_Gente_(Chile)
Gonzalez Bello,Cecilia,De la Gente,7,El Senado debe aprobar el reconocimiento formal del Estado d,3,[INFERIDO POR LISTA: I. Partido de la Gente] Postura tomada del vector base de la coalicion sin desviacion. Data sintetica. NO es declaracion personal del candidato. Ver dataset/README.md.,https://es.wikipedia.org/wiki/Partido_de_la_Gente_(Chile)
Gonzalez Bello,Cecilia,De la Gente,8,Chile debe mantenerse dentro del Tratado Interamericano de A,5,"[INFERIDO POR LISTA: I. Partido de la Gente] Base coalicion=4, candidato=5 (RUIDO +1 deterministico). Refleja variacion intra-partido no verificada. Data sintetica. NO es declaracion personal del candidato. Ver dataset/README.md.",https://es.wikipedia.org/wiki/Partido_de_la_Gente_(Chile)
Gonzalez Bello,Cecilia,De la Gente,9,El Senado debe aprobar la reforma previsional aumentando el ,2,[INFERIDO POR LISTA: I. Partido de la Gente] Postura tomada del vector base de la coalicion sin desviacion. Data sintetica. NO es declaracion personal del candidato. Ver dataset/README.md.,https://es.wikipedia.org/wiki/Partido_de_la_Gente_(Chile)
Gonzalez Bello,Cecilia,De la Gente,11,"El Senado debe aprobar el fin del sistema de isapres, migran",1,"[INFERIDO POR LISTA: I. Partido de la Gente] Base coalicion=2, candidato=1 (RUIDO -1 deterministico). Refleja variacion intra-partido no verificada. Data sintetica. NO es declaracion personal del candidato. Ver dataset/README.md.",https://es.wikipedia.org/wiki/Partido_de_la_Gente_(Chile)
Gonzalez Bello,Cecilia,De la Gente,12,El Senado debe aprobar el proyecto de eutanasia activa volun,2,"[INFERIDO POR LISTA: I. Partido de la Gente] Base coalicion=3, candidato=2 (RUIDO -1 deterministico). Refleja variacion intra-partido no verificada. Data sintetica. NO es declaracion personal del candidato. Ver dataset/README.md.",https://es.wikipedia.org/wiki/Partido_de_la_Gente_(Chile)
Gonzalez Bello,Cecilia,De la Gente,13,El Senado debe declarar por ley las zonas de sacrificio como,3,"[INFERIDO POR LISTA: I. Partido de la Gente] Base coalicion=2, candidato=3 (RUIDO +1 deterministico). Refleja variacion intra-partido no verificada. Data sintetica. NO es declaracion personal del candidato. Ver dataset/README.md.",https://es.wikipedia.org/wiki/Partido_de_la_Gente_(Chile)
Gonzalez Bello,Cecilia,De la Gente,15,El Senado debe incluir escanos reservados permanentes para r,1,"[INFERIDO POR LISTA: I. Partido de la Gente] Base coalicion=2, candidato=1 (RUIDO -1 deterministico). Refleja variacion intra-partido no verificada. Data sintetica. NO es declaracion personal del candidato. Ver dataset/README.md.",https://es.wikipedia.org/wiki/Partido_de_la_Gente_(Chile)
Soto Avendaño,Yenny,De la Gente,1,"El Senado debe mantenerse como camara revisora del Congreso,",3,[INFERIDO POR LISTA: I. Partido de la Gente] Postura tomada del vector base de la coalicion sin desviacion. Data sintetica. NO es declaracion personal del candidato. Ver dataset/README.md.,https://es.wikipedia.org/wiki/Partido_de_la_Gente_(Chile)
Soto Avendaño,Yenny,De la Gente,2,El Senado debe endurecer el proceso de aprobacion de nombram,5,[INFERIDO POR LISTA: I. Partido de la Gente] Postura tomada del vector base de la coalicion sin desviacion. Data sintetica. NO es declaracion personal del candidato. Ver dataset/README.md.,https://es.wikipedia.org/wiki/Partido_de_la_Gente_(Chile)
Soto Avendaño,Yenny,De la Gente,4,Chile debe restaurar el quorum de dos tercios para reformas ,3,[INFERIDO POR LISTA: I. Partido de la Gente] Postura tomada del vector base de la coalicion sin desviacion. Data sintetica. NO es declaracion personal del candidato. Ver dataset/README.md.,https://es.wikipedia.org/wiki/Partido_de_la_Gente_(Chile)
Soto Avendaño,Yenny,De la Gente,5,El Senado debe reducirse de 50 a 43 escanos para racionaliza,5,[INFERIDO POR LISTA: I. Partido de la Gente] Postura tomada del vector base de la coalicion sin desviacion. Data sintetica. NO es declaracion personal del candidato. Ver dataset/README.md.,https://es.wikipedia.org/wiki/Partido_de_la_Gente_(Chile)
Soto Avendaño,Yenny,De la Gente,6,El Senado debe promover el retiro de Chile del Tratado Integ,4,"[INFERIDO POR LISTA: I. Partido de la Gente] Base coalicion=3, candidato=4 (RUIDO +1 deterministico). Refleja variacion intra-partido no verificada. Data sintetica. NO es declaracion personal del candidato. Ver dataset/README.md.",https://es.wikipedia.org/wiki/Partido_de_la_Gente_(Chile)
Soto Avendaño,Yenny,De la Gente,7,El Senado debe aprobar el reconocimiento formal del Estado d,3,[INFERIDO POR LISTA: I. Partido de la Gente] Postura tomada del vector base de la coalicion sin desviacion. Data sintetica. NO es declaracion personal del candidato. Ver dataset/README.md.,https://es.wikipedia.org/wiki/Partido_de_la_Gente_(Chile)
Soto Avendaño,Yenny,De la Gente,8,Chile debe mantenerse dentro del Tratado Interamericano de A,4,[INFERIDO POR LISTA: I. Partido de la Gente] Postura tomada del vector base de la coalicion sin desviacion. Data sintetica. NO es declaracion personal del candidato. Ver dataset/README.md.,https://es.wikipedia.org/wiki/Partido_de_la_Gente_(Chile)
Soto Avendaño,Yenny,De la Gente,9,El Senado debe aprobar la reforma previsional aumentando el ,2,[INFERIDO POR LISTA: I. Partido de la Gente] Postura tomada del vector base de la coalicion sin desviacion. Data sintetica. NO es declaracion personal del candidato. Ver dataset/README.md.,https://es.wikipedia.org/wiki/Partido_de_la_Gente_(Chile)
Soto Avendaño,Yenny,De la Gente,10,"El royalty minero al cobre debe aumentarse por sobre el 4,7%",2,[INFERIDO POR LISTA: I. Partido de la Gente] Postura tomada del vector base de la coalicion sin desviacion. Data sintetica. NO es declaracion personal del candidato. Ver dataset/README.md.,https://es.wikipedia.org/wiki/Partido_de_la_Gente_(Chile)
Soto Avendaño,Yenny,De la Gente,11,"El Senado debe aprobar el fin del sistema de isapres, migran",2,[INFERIDO POR LISTA: I. Partido de la Gente] Postura tomada del vector base de la coalicion sin desviacion. Data sintetica. NO es declaracion personal del candidato. Ver dataset/README.md.,https://es.wikipedia.org/wiki/Partido_de_la_Gente_(Chile)
Soto Avendaño,Yenny,De la Gente,13,El Senado debe declarar por ley las zonas de sacrificio como,1,"[INFERIDO POR LISTA: I. Partido de la Gente] Base coalicion=2, candidato=1 (RUIDO -1 deterministico). Refleja variacion intra-partido no verificada. Data sintetica. NO es declaracion personal del candidato. Ver dataset/README.md.",https://es.wikipedia.org/wiki/Partido_de_la_Gente_(Chile)
Soto Avendaño,Yenny,De la Gente,14,El Senado debe aprobar la modernizacion de la Ley Antiterror,5,[INFERIDO POR LISTA: I. Partido de la Gente] Postura tomada del vector base de la coalicion sin desviacion. Data sintetica. NO es declaracion personal del candidato. Ver dataset/README.md.,https://es.wikipedia.org/wiki/Partido_de_la_Gente_(Chile)
Soto Avendaño,Yenny,De la Gente,15,El Senado debe incluir escanos reservados permanentes para r,2,[INFERIDO POR LISTA: I. Partido de la Gente] Postura tomada del vector base de la coalicion sin desviacion. Data sintetica. NO es declaracion personal del candidato. Ver dataset/README.md.,https://es.wikipedia.org/wiki/Partido_de_la_Gente_(Chile)
Prohens Espinosa,Rafael,Renovación Nacional,1,"El Senado debe mantenerse como camara revisora del Congreso,",4,"[INFERIDO POR LISTA: J. Chile Grande y Unido] Base coalicion=5, candidato=4 (RUIDO -1 deterministico). Refleja variacion intra-partido no verificada. Data sintetica. NO es declaracion personal del candidato. Ver dataset/README.md.",https://es.wikipedia.org/wiki/Chile_Vamos
Prohens Espinosa,Rafael,Renovación Nacional,4,Chile debe restaurar el quorum de dos tercios para reformas ,5,[INFERIDO POR LISTA: J. Chile Grande y Unido] Postura tomada del vector base de la coalicion sin desviacion. Data sintetica. NO es declaracion personal del candidato. Ver dataset/README.md.,https://es.wikipedia.org/wiki/Chile_Vamos
Prohens Espinosa,Rafael,Renovación Nacional,5,El Senado debe reducirse de 50 a 43 escanos para racionaliza,3,"[INFERIDO POR LISTA: J. Chile Grande y Unido] Base coalicion=2, candidato=3 (RUIDO +1 deterministico). Refleja variacion intra-partido no verificada. Data sintetica. NO es declaracion personal del candidato. Ver dataset/README.md.",https://es.wikipedia.org/wiki/Chile_Vamos
Prohens Espinosa,Rafael,Renovación Nacional,6,El Senado debe promover el retiro de Chile del Tratado Integ,2,[INFERIDO POR LISTA: J. Chile Grande y Unido] Postura tomada del vector base de la coalicion sin desviacion. Data sintetica. NO es declaracion personal del candidato. Ver dataset/README.md.,https://es.wikipedia.org/wiki/Chile_Vamos
Prohens Espinosa,Rafael,Renovación Nacional,7,El Senado debe aprobar el reconocimiento formal del Estado d,2,[INFERIDO POR LISTA: J. Chile Grande y Unido] Postura tomada del vector base de la coalicion sin desviacion. Data sintetica. NO es declaracion personal del candidato. Ver dataset/README.md.,https://es.wikipedia.org/wiki/Chile_Vamos
Prohens Espinosa,Rafael,Renovación Nacional,8,Chile debe mantenerse dentro del Tratado Interamericano de A,5,[INFERIDO POR LISTA: J. Chile Grande y Unido] Postura tomada del vector base de la coalicion sin desviacion. Data sintetica. NO es declaracion personal del candidato. Ver dataset/README.md.,https://es.wikipedia.org/wiki/Chile_Vamos
Prohens Espinosa,Rafael,Renovación Nacional,9,El Senado debe aprobar la reforma previsional aumentando el ,1,"[INFERIDO POR LISTA: J. Chile Grande y Unido] Base coalicion=2, candidato=1 (RUIDO -1 deterministico). Refleja variacion intra-partido no verificada. Data sintetica. NO es declaracion personal del candidato. Ver dataset/README.md.",https://es.wikipedia.org/wiki/Chile_Vamos
Prohens Espinosa,Rafael,Renovación Nacional,10,"El royalty minero al cobre debe aumentarse por sobre el 4,7%",2,[INFERIDO POR LISTA: J. Chile Grande y Unido] Postura tomada del vector base de la coalicion sin desviacion. Data sintetica. NO es declaracion personal del candidato. Ver dataset/README.md.,https://es.wikipedia.org/wiki/Chile_Vamos
Prohens Espinosa,Rafael,Renovación Nacional,11,"El Senado debe aprobar el fin del sistema de isapres, migran",1,"[INFERIDO POR LISTA: J. Chile Grande y Unido] Base coalicion=2, candidato=1 (RUIDO -1 deterministico). Refleja variacion intra-partido no verificada. Data sintetica. NO es declaracion personal del candidato. Ver dataset/README.md.",https://es.wikipedia.org/wiki/Chile_Vamos
Prohens Espinosa,Rafael,Renovación Nacional,13,El Senado debe declarar por ley las zonas de sacrificio como,3,"[INFERIDO POR LISTA: J. Chile Grande y Unido] Base coalicion=2, candidato=3 (RUIDO +1 deterministico). Refleja variacion intra-partido no verificada. Data sintetica. NO es declaracion personal del candidato. Ver dataset/README.md.",https://es.wikipedia.org/wiki/Chile_Vamos
Prohens Espinosa,Rafael,Renovación Nacional,14,El Senado debe aprobar la modernizacion de la Ley Antiterror,5,[INFERIDO POR LISTA: J. Chile Grande y Unido] Postura tomada del vector base de la coalicion sin desviacion. Data sintetica. NO es declaracion personal del candidato. Ver dataset/README.md.,https://es.wikipedia.org/wiki/Chile_Vamos
Calderon Bassi,Giovanni,Independiente Evolución Política,1,"El Senado debe mantenerse como camara revisora del Congreso,",5,[INFERIDO POR LISTA: J. Chile Grande y Unido] Postura tomada del vector base de la coalicion sin desviacion. Data sintetica. NO es declaracion personal del candidato. Ver dataset/README.md.,https://es.wikipedia.org/wiki/Chile_Vamos
Calderon Bassi,Giovanni,Independiente Evolución Política,2,El Senado debe endurecer el proceso de aprobacion de nombram,4,"[INFERIDO POR LISTA: J. Chile Grande y Unido] Base coalicion=3, candidato=4 (RUIDO +1 deterministico). Refleja variacion intra-partido no verificada. Data sintetica. NO es declaracion personal del candidato. Ver dataset/README.md.",https://es.wikipedia.org/wiki/Chile_Vamos
Calderon Bassi,Giovanni,Independiente Evolución Política,3,El Senado debe aprobar por ley una limitacion a dos periodos,3,[INFERIDO POR LISTA: J. Chile Grande y Unido] Postura tomada del vector base de la coalicion sin desviacion. Data sintetica. NO es declaracion personal del candidato. Ver dataset/README.md.,https://es.wikipedia.org/wiki/Chile_Vamos
Calderon Bassi,Giovanni,Independiente Evolución Política,4,Chile debe restaurar el quorum de dos tercios para reformas ,5,[INFERIDO POR LISTA: J. Chile Grande y Unido] Postura tomada del vector base de la coalicion sin desviacion. Data sintetica. NO es declaracion personal del candidato. Ver dataset/README.md.,https://es.wikipedia.org/wiki/Chile_Vamos
Calderon Bassi,Giovanni,Independiente Evolución Política,5,El Senado debe reducirse de 50 a 43 escanos para racionaliza,2,[INFERIDO POR LISTA: J. Chile Grande y Unido] Postura tomada del vector base de la coalicion sin desviacion. Data sintetica. NO es declaracion personal del candidato. Ver dataset/README.md.,https://es.wikipedia.org/wiki/Chile_Vamos
Calderon Bassi,Giovanni,Independiente Evolución Política,6,El Senado debe promover el retiro de Chile del Tratado Integ,2,[INFERIDO POR LISTA: J. Chile Grande y Unido] Postura tomada del vector base de la coalicion sin desviacion. Data sintetica. NO es declaracion personal del candidato. Ver dataset/README.md.,https://es.wikipedia.org/wiki/Chile_Vamos
Calderon Bassi,Giovanni,Independiente Evolución Política,7,El Senado debe aprobar el reconocimiento formal del Estado d,2,[INFERIDO POR LISTA: J. Chile Grande y Unido] Postura tomada del vector base de la coalicion sin desviacion. Data sintetica. NO es declaracion personal del candidato. Ver dataset/README.md.,https://es.wikipedia.org/wiki/Chile_Vamos
Calderon Bassi,Giovanni,Independiente Evolución Política,8,Chile debe mantenerse dentro del Tratado Interamericano de A,5,[INFERIDO POR LISTA: J. Chile Grande y Unido] Postura tomada del vector base de la coalicion sin desviacion. Data sintetica. NO es declaracion personal del candidato. Ver dataset/README.md.,https://es.wikipedia.org/wiki/Chile_Vamos
Calderon Bassi,Giovanni,Independiente Evolución Política,9,El Senado debe aprobar la reforma previsional aumentando el ,2,[INFERIDO POR LISTA: J. Chile Grande y Unido] Postura tomada del vector base de la coalicion sin desviacion. Data sintetica. NO es declaracion personal del candidato. Ver dataset/README.md.,https://es.wikipedia.org/wiki/Chile_Vamos
Calderon Bassi,Giovanni,Independiente Evolución Política,10,"El royalty minero al cobre debe aumentarse por sobre el 4,7%",1,"[INFERIDO POR LISTA: J. Chile Grande y Unido] Base coalicion=2, candidato=1 (RUIDO -1 deterministico). Refleja variacion intra-partido no verificada. Data sintetica. NO es declaracion personal del candidato. Ver dataset/README.md.",https://es.wikipedia.org/wiki/Chile_Vamos
Calderon Bassi,Giovanni,Independiente Evolución Política,11,"El Senado debe aprobar el fin del sistema de isapres, migran",3,"[INFERIDO POR LISTA: J. Chile Grande y Unido] Base coalicion=2, candidato=3 (RUIDO +1 deterministico). Refleja variacion intra-partido no verificada. Data sintetica. NO es declaracion personal del candidato. Ver dataset/README.md.",https://es.wikipedia.org/wiki/Chile_Vamos
Calderon Bassi,Giovanni,Independiente Evolución Política,12,El Senado debe aprobar el proyecto de eutanasia activa volun,5,"[INFERIDO POR PARTIDO: Independiente Evolución Política] Base coalicion=4, candidato=5 (RUIDO +1 deterministico). Refleja variacion intra-partido no verificada. Data sintetica. NO es declaracion personal del candidato. Ver dataset/README.md.",https://es.wikipedia.org/wiki/Chile_Vamos
Calderon Bassi,Giovanni,Independiente Evolución Política,13,El Senado debe declarar por ley las zonas de sacrificio como,2,[INFERIDO POR LISTA: J. Chile Grande y Unido] Postura tomada del vector base de la coalicion sin desviacion. Data sintetica. NO es declaracion personal del candidato. Ver dataset/README.md.,https://es.wikipedia.org/wiki/Chile_Vamos
Calderon Bassi,Giovanni,Independiente Evolución Política,14,El Senado debe aprobar la modernizacion de la Ley Antiterror,5,[INFERIDO POR LISTA: J. Chile Grande y Unido] Postura tomada del vector base de la coalicion sin desviacion. Data sintetica. NO es declaracion personal del candidato. Ver dataset/README.md.,https://es.wikipedia.org/wiki/Chile_Vamos
Calderon Bassi,Giovanni,Independiente Evolución Política,15,El Senado debe incluir escanos reservados permanentes para r,3,[INFERIDO POR PARTIDO: Independiente Evolución Política] Postura tomada del vector base de la coalicion sin desviacion. Data sintetica. NO es declaracion personal del candidato. Ver dataset/README.md.,https://es.wikipedia.org/wiki/Chile_Vamos
Ebensperger Orrego,Luz,Unión Demócrata Independiente,1,"El Senado debe mantenerse como camara revisora del Congreso,",5,[INFERIDO POR LISTA: J. Chile Grande y Unido] Postura tomada del vector base de la coalicion sin desviacion. Data sintetica. NO es declaracion personal del candidato. Ver dataset/README.md.,https://es.wikipedia.org/wiki/Chile_Vamos
Ebensperger Orrego,Luz,Unión Demócrata Independiente,2,El Senado debe endurecer el proceso de aprobacion de nombram,3,[INFERIDO POR LISTA: J. Chile Grande y Unido] Postura tomada del vector base de la coalicion sin desviacion. Data sintetica. NO es declaracion personal del candidato. Ver dataset/README.md.,https://es.wikipedia.org/wiki/Chile_Vamos
Ebensperger Orrego,Luz,Unión Demócrata Independiente,3,El Senado debe aprobar por ley una limitacion a dos periodos,3,[INFERIDO POR LISTA: J. Chile Grande y Unido] Postura tomada del vector base de la coalicion sin desviacion. Data sintetica. NO es declaracion personal del candidato. Ver dataset/README.md.,https://es.wikipedia.org/wiki/Chile_Vamos
Ebensperger Orrego,Luz,Unión Demócrata Independiente,4,Chile debe restaurar el quorum de dos tercios para reformas ,5,[INFERIDO POR LISTA: J. Chile Grande y Unido] Postura tomada del vector base de la coalicion sin desviacion. Data sintetica. NO es declaracion personal del candidato. Ver dataset/README.md.,https://es.wikipedia.org/wiki/Chile_Vamos
Ebensperger Orrego,Luz,Unión Demócrata Independiente,5,El Senado debe reducirse de 50 a 43 escanos para racionaliza,1,"[INFERIDO POR LISTA: J. Chile Grande y Unido] Base coalicion=2, candidato=1 (RUIDO -1 deterministico). Refleja variacion intra-partido no verificada. Data sintetica. NO es declaracion personal del candidato. Ver dataset/README.md.",https://es.wikipedia.org/wiki/Chile_Vamos
Ebensperger Orrego,Luz,Unión Demócrata Independiente,6,El Senado debe promover el retiro de Chile del Tratado Integ,2,[INFERIDO POR LISTA: J. Chile Grande y Unido] Postura tomada del vector base de la coalicion sin desviacion. Data sintetica. NO es declaracion personal del candidato. Ver dataset/README.md.,https://es.wikipedia.org/wiki/Chile_Vamos
Ebensperger Orrego,Luz,Unión Demócrata Independiente,7,El Senado debe aprobar el reconocimiento formal del Estado d,3,"[INFERIDO POR LISTA: J. Chile Grande y Unido] Base coalicion=2, candidato=3 (RUIDO +1 deterministico). Refleja variacion intra-partido no verificada. Data sintetica. NO es declaracion personal del candidato. Ver dataset/README.md.",https://es.wikipedia.org/wiki/Chile_Vamos
Ebensperger Orrego,Luz,Unión Demócrata Independiente,8,Chile debe mantenerse dentro del Tratado Interamericano de A,4,"[INFERIDO POR LISTA: J. Chile Grande y Unido] Base coalicion=5, candidato=4 (RUIDO -1 deterministico). Refleja variacion intra-partido no verificada. Data sintetica. NO es declaracion personal del candidato. Ver dataset/README.md.",https://es.wikipedia.org/wiki/Chile_Vamos
Ebensperger Orrego,Luz,Unión Demócrata Independiente,9,El Senado debe aprobar la reforma previsional aumentando el ,3,"[INFERIDO POR LISTA: J. Chile Grande y Unido] Base coalicion=2, candidato=3 (RUIDO +1 deterministico). Refleja variacion intra-partido no verificada. Data sintetica. NO es declaracion personal del candidato. Ver dataset/README.md.",https://es.wikipedia.org/wiki/Chile_Vamos
Ebensperger Orrego,Luz,Unión Demócrata Independiente,10,"El royalty minero al cobre debe aumentarse por sobre el 4,7%",2,[INFERIDO POR LISTA: J. Chile Grande y Unido] Postura tomada del vector base de la coalicion sin desviacion. Data sintetica. NO es declaracion personal del candidato. Ver dataset/README.md.,https://es.wikipedia.org/wiki/Chile_Vamos
Ebensperger Orrego,Luz,Unión Demócrata Independiente,11,"El Senado debe aprobar el fin del sistema de isapres, migran",1,[INFERIDO POR PARTIDO: Unión Demócrata Independiente] Postura tomada del vector base de la coalicion sin desviacion. Data sintetica. NO es declaracion personal del candidato. Ver dataset/README.md.,https://es.wikipedia.org/wiki/Chile_Vamos
Ebensperger Orrego,Luz,Unión Demócrata Independiente,12,El Senado debe aprobar el proyecto de eutanasia activa volun,1,[INFERIDO POR PARTIDO: Unión Demócrata Independiente] Postura tomada del vector base de la coalicion sin desviacion. Data sintetica. NO es declaracion personal del candidato. Ver dataset/README.md.,https://es.wikipedia.org/wiki/Chile_Vamos
Ebensperger Orrego,Luz,Unión Demócrata Independiente,13,El Senado debe declarar por ley las zonas de sacrificio como,2,[INFERIDO POR LISTA: J. Chile Grande y Unido] Postura tomada del vector base de la coalicion sin desviacion. Data sintetica. NO es declaracion personal del candidato. Ver dataset/README.md.,https://es.wikipedia.org/wiki/Chile_Vamos
Ebensperger Orrego,Luz,Unión Demócrata Independiente,14,El Senado debe aprobar la modernizacion de la Ley Antiterror,4,"[INFERIDO POR LISTA: J. Chile Grande y Unido] Base coalicion=5, candidato=4 (RUIDO -1 deterministico). Refleja variacion intra-partido no verificada. Data sintetica. NO es declaracion personal del candidato. Ver dataset/README.md.",https://es.wikipedia.org/wiki/Chile_Vamos
Ebensperger Orrego,Luz,Unión Demócrata Independiente,15,El Senado debe incluir escanos reservados permanentes para r,2,"[INFERIDO POR LISTA: J. Chile Grande y Unido] Base coalicion=1, candidato=2 (RUIDO +1 deterministico). Refleja variacion intra-partido no verificada. Data sintetica. NO es declaracion personal del candidato. Ver dataset/README.md.",https://es.wikipedia.org/wiki/Chile_Vamos
Noman Garrido,Nicolas,Unión Demócrata Independiente,2,El Senado debe endurecer el proceso de aprobacion de nombram,4,"[INFERIDO POR LISTA: J. Chile Grande y Unido] Base coalicion=3, candidato=4 (RUIDO +1 deterministico). Refleja variacion intra-partido no verificada. Data sintetica. NO es declaracion personal del candidato. Ver dataset/README.md.",https://es.wikipedia.org/wiki/Chile_Vamos
Noman Garrido,Nicolas,Unión Demócrata Independiente,3,El Senado debe aprobar por ley una limitacion a dos periodos,2,"[INFERIDO POR LISTA: J. Chile Grande y Unido] Base coalicion=3, candidato=2 (RUIDO -1 deterministico). Refleja variacion intra-partido no verificada. Data sintetica. NO es declaracion personal del candidato. Ver dataset/README.md.",https://es.wikipedia.org/wiki/Chile_Vamos
Noman Garrido,Nicolas,Unión Demócrata Independiente,4,Chile debe restaurar el quorum de dos tercios para reformas ,5,[INFERIDO POR LISTA: J. Chile Grande y Unido] Postura tomada del vector base de la coalicion sin desviacion. Data sintetica. NO es declaracion personal del candidato. Ver dataset/README.md.,https://es.wikipedia.org/wiki/Chile_Vamos
Noman Garrido,Nicolas,Unión Demócrata Independiente,5,El Senado debe reducirse de 50 a 43 escanos para racionaliza,1,"[INFERIDO POR LISTA: J. Chile Grande y Unido] Base coalicion=2, candidato=1 (RUIDO -1 deterministico). Refleja variacion intra-partido no verificada. Data sintetica. NO es declaracion personal del candidato. Ver dataset/README.md.",https://es.wikipedia.org/wiki/Chile_Vamos
Noman Garrido,Nicolas,Unión Demócrata Independiente,6,El Senado debe promover el retiro de Chile del Tratado Integ,2,[INFERIDO POR LISTA: J. Chile Grande y Unido] Postura tomada del vector base de la coalicion sin desviacion. Data sintetica. NO es declaracion personal del candidato. Ver dataset/README.md.,https://es.wikipedia.org/wiki/Chile_Vamos
Noman Garrido,Nicolas,Unión Demócrata Independiente,7,El Senado debe aprobar el reconocimiento formal del Estado d,2,[INFERIDO POR LISTA: J. Chile Grande y Unido] Postura tomada del vector base de la coalicion sin desviacion. Data sintetica. NO es declaracion personal del candidato. Ver dataset/README.md.,https://es.wikipedia.org/wiki/Chile_Vamos
Noman Garrido,Nicolas,Unión Demócrata Independiente,9,El Senado debe aprobar la reforma previsional aumentando el ,2,[INFERIDO POR LISTA: J. Chile Grande y Unido] Postura tomada del vector base de la coalicion sin desviacion. Data sintetica. NO es declaracion personal del candidato. Ver dataset/README.md.,https://es.wikipedia.org/wiki/Chile_Vamos
Noman Garrido,Nicolas,Unión Demócrata Independiente,10,"El royalty minero al cobre debe aumentarse por sobre el 4,7%",2,[INFERIDO POR LISTA: J. Chile Grande y Unido] Postura tomada del vector base de la coalicion sin desviacion. Data sintetica. NO es declaracion personal del candidato. Ver dataset/README.md.,https://es.wikipedia.org/wiki/Chile_Vamos
Noman Garrido,Nicolas,Unión Demócrata Independiente,11,"El Senado debe aprobar el fin del sistema de isapres, migran",1,[INFERIDO POR PARTIDO: Unión Demócrata Independiente] Postura tomada del vector base de la coalicion sin desviacion. Data sintetica. NO es declaracion personal del candidato. Ver dataset/README.md.,https://es.wikipedia.org/wiki/Chile_Vamos
Noman Garrido,Nicolas,Unión Demócrata Independiente,12,El Senado debe aprobar el proyecto de eutanasia activa volun,1,[INFERIDO POR PARTIDO: Unión Demócrata Independiente] Postura tomada del vector base de la coalicion sin desviacion. Data sintetica. NO es declaracion personal del candidato. Ver dataset/README.md.,https://es.wikipedia.org/wiki/Chile_Vamos
Noman Garrido,Nicolas,Unión Demócrata Independiente,13,El Senado debe declarar por ley las zonas de sacrificio como,1,"[INFERIDO POR LISTA: J. Chile Grande y Unido] Base coalicion=2, candidato=1 (RUIDO -1 deterministico). Refleja variacion intra-partido no verificada. Data sintetica. NO es declaracion personal del candidato. Ver dataset/README.md.",https://es.wikipedia.org/wiki/Chile_Vamos
Noman Garrido,Nicolas,Unión Demócrata Independiente,14,El Senado debe aprobar la modernizacion de la Ley Antiterror,4,"[INFERIDO POR LISTA: J. Chile Grande y Unido] Base coalicion=5, candidato=4 (RUIDO -1 deterministico). Refleja variacion intra-partido no verificada. Data sintetica. NO es declaracion personal del candidato. Ver dataset/README.md.",https://es.wikipedia.org/wiki/Chile_Vamos
Durana Semir,Jose Pilo,Unión Demócrata Independiente,1,"El Senado debe mantenerse como camara revisora del Congreso,",5,[INFERIDO POR LISTA: J. Chile Grande y Unido] Postura tomada del vector base de la coalicion sin desviacion. Data sintetica. NO es declaracion personal del candidato. Ver dataset/README.md.,https://es.wikipedia.org/wiki/Chile_Vamos
Durana Semir,Jose Pilo,Unión Demócrata Independiente,2,El Senado debe endurecer el proceso de aprobacion de nombram,3,[INFERIDO POR LISTA: J. Chile Grande y Unido] Postura tomada del vector base de la coalicion sin desviacion. Data sintetica. NO es declaracion personal del candidato. Ver dataset/README.md.,https://es.wikipedia.org/wiki/Chile_Vamos
Durana Semir,Jose Pilo,Unión Demócrata Independiente,3,El Senado debe aprobar por ley una limitacion a dos periodos,3,[INFERIDO POR LISTA: J. Chile Grande y Unido] Postura tomada del vector base de la coalicion sin desviacion. Data sintetica. NO es declaracion personal del candidato. Ver dataset/README.md.,https://es.wikipedia.org/wiki/Chile_Vamos
Durana Semir,Jose Pilo,Unión Demócrata Independiente,7,El Senado debe aprobar el reconocimiento formal del Estado d,2,[INFERIDO POR LISTA: J. Chile Grande y Unido] Postura tomada del vector base de la coalicion sin desviacion. Data sintetica. NO es declaracion personal del candidato. Ver dataset/README.md.,https://es.wikipedia.org/wiki/Chile_Vamos
Durana Semir,Jose Pilo,Unión Demócrata Independiente,8,Chile debe mantenerse dentro del Tratado Interamericano de A,5,[INFERIDO POR LISTA: J. Chile Grande y Unido] Postura tomada del vector base de la coalicion sin desviacion. Data sintetica. NO es declaracion personal del candidato. Ver dataset/README.md.,https://es.wikipedia.org/wiki/Chile_Vamos
Durana Semir,Jose Pilo,Unión Demócrata Independiente,9,El Senado debe aprobar la reforma previsional aumentando el ,2,[INFERIDO POR LISTA: J. Chile Grande y Unido] Postura tomada del vector base de la coalicion sin desviacion. Data sintetica. NO es declaracion personal del candidato. Ver dataset/README.md.,https://es.wikipedia.org/wiki/Chile_Vamos
Durana Semir,Jose Pilo,Unión Demócrata Independiente,10,"El royalty minero al cobre debe aumentarse por sobre el 4,7%",2,[INFERIDO POR LISTA: J. Chile Grande y Unido] Postura tomada del vector base de la coalicion sin desviacion. Data sintetica. NO es declaracion personal del candidato. Ver dataset/README.md.,https://es.wikipedia.org/wiki/Chile_Vamos
Durana Semir,Jose Pilo,Unión Demócrata Independiente,11,"El Senado debe aprobar el fin del sistema de isapres, migran",1,[INFERIDO POR PARTIDO: Unión Demócrata Independiente] Postura tomada del vector base de la coalicion sin desviacion. Data sintetica. NO es declaracion personal del candidato. Ver dataset/README.md.,https://es.wikipedia.org/wiki/Chile_Vamos
Durana Semir,Jose Pilo,Unión Demócrata Independiente,12,El Senado debe aprobar el proyecto de eutanasia activa volun,1,[INFERIDO POR PARTIDO: Unión Demócrata Independiente] Postura tomada del vector base de la coalicion sin desviacion. Data sintetica. NO es declaracion personal del candidato. Ver dataset/README.md.,https://es.wikipedia.org/wiki/Chile_Vamos
Durana Semir,Jose Pilo,Unión Demócrata Independiente,13,El Senado debe declarar por ley las zonas de sacrificio como,1,"[INFERIDO POR LISTA: J. Chile Grande y Unido] Base coalicion=2, candidato=1 (RUIDO -1 deterministico). Refleja variacion intra-partido no verificada. Data sintetica. NO es declaracion personal del candidato. Ver dataset/README.md.",https://es.wikipedia.org/wiki/Chile_Vamos
Durana Semir,Jose Pilo,Unión Demócrata Independiente,14,El Senado debe aprobar la modernizacion de la Ley Antiterror,5,[INFERIDO POR LISTA: J. Chile Grande y Unido] Postura tomada del vector base de la coalicion sin desviacion. Data sintetica. NO es declaracion personal del candidato. Ver dataset/README.md.,https://es.wikipedia.org/wiki/Chile_Vamos
Durana Semir,Jose Pilo,Unión Demócrata Independiente,15,El Senado debe incluir escanos reservados permanentes para r,1,[INFERIDO POR LISTA: J. Chile Grande y Unido] Postura tomada del vector base de la coalicion sin desviacion. Data sintetica. NO es declaracion personal del candidato. Ver dataset/README.md.,https://es.wikipedia.org/wiki/Chile_Vamos
Mena Acosta,Lucrecia,Renovación Nacional,2,El Senado debe endurecer el proceso de aprobacion de nombram,2,"[INFERIDO POR LISTA: J. Chile Grande y Unido] Base coalicion=3, candidato=2 (RUIDO -1 deterministico). Refleja variacion intra-partido no verificada. Data sintetica. NO es declaracion personal del candidato. Ver dataset/README.md.",https://es.wikipedia.org/wiki/Chile_Vamos
Mena Acosta,Lucrecia,Renovación Nacional,3,El Senado debe aprobar por ley una limitacion a dos periodos,2,"[INFERIDO POR LISTA: J. Chile Grande y Unido] Base coalicion=3, candidato=2 (RUIDO -1 deterministico). Refleja variacion intra-partido no verificada. Data sintetica. NO es declaracion personal del candidato. Ver dataset/README.md.",https://es.wikipedia.org/wiki/Chile_Vamos
Mena Acosta,Lucrecia,Renovación Nacional,4,Chile debe restaurar el quorum de dos tercios para reformas ,5,[INFERIDO POR LISTA: J. Chile Grande y Unido] Postura tomada del vector base de la coalicion sin desviacion. Data sintetica. NO es declaracion personal del candidato. Ver dataset/README.md.,https://es.wikipedia.org/wiki/Chile_Vamos
Mena Acosta,Lucrecia,Renovación Nacional,5,El Senado debe reducirse de 50 a 43 escanos para racionaliza,2,[INFERIDO POR LISTA: J. Chile Grande y Unido] Postura tomada del vector base de la coalicion sin desviacion. Data sintetica. NO es declaracion personal del candidato. Ver dataset/README.md.,https://es.wikipedia.org/wiki/Chile_Vamos
Mena Acosta,Lucrecia,Renovación Nacional,6,El Senado debe promover el retiro de Chile del Tratado Integ,2,[INFERIDO POR LISTA: J. Chile Grande y Unido] Postura tomada del vector base de la coalicion sin desviacion. Data sintetica. NO es declaracion personal del candidato. Ver dataset/README.md.,https://es.wikipedia.org/wiki/Chile_Vamos
Mena Acosta,Lucrecia,Renovación Nacional,7,El Senado debe aprobar el reconocimiento formal del Estado d,2,[INFERIDO POR LISTA: J. Chile Grande y Unido] Postura tomada del vector base de la coalicion sin desviacion. Data sintetica. NO es declaracion personal del candidato. Ver dataset/README.md.,https://es.wikipedia.org/wiki/Chile_Vamos
Mena Acosta,Lucrecia,Renovación Nacional,8,Chile debe mantenerse dentro del Tratado Interamericano de A,5,[INFERIDO POR LISTA: J. Chile Grande y Unido] Postura tomada del vector base de la coalicion sin desviacion. Data sintetica. NO es declaracion personal del candidato. Ver dataset/README.md.,https://es.wikipedia.org/wiki/Chile_Vamos
Mena Acosta,Lucrecia,Renovación Nacional,9,El Senado debe aprobar la reforma previsional aumentando el ,2,[INFERIDO POR LISTA: J. Chile Grande y Unido] Postura tomada del vector base de la coalicion sin desviacion. Data sintetica. NO es declaracion personal del candidato. Ver dataset/README.md.,https://es.wikipedia.org/wiki/Chile_Vamos
Mena Acosta,Lucrecia,Renovación Nacional,10,"El royalty minero al cobre debe aumentarse por sobre el 4,7%",2,[INFERIDO POR LISTA: J. Chile Grande y Unido] Postura tomada del vector base de la coalicion sin desviacion. Data sintetica. NO es declaracion personal del candidato. Ver dataset/README.md.,https://es.wikipedia.org/wiki/Chile_Vamos
Mena Acosta,Lucrecia,Renovación Nacional,11,"El Senado debe aprobar el fin del sistema de isapres, migran",2,[INFERIDO POR LISTA: J. Chile Grande y Unido] Postura tomada del vector base de la coalicion sin desviacion. Data sintetica. NO es declaracion personal del candidato. Ver dataset/README.md.,https://es.wikipedia.org/wiki/Chile_Vamos
Mena Acosta,Lucrecia,Renovación Nacional,13,El Senado debe declarar por ley las zonas de sacrificio como,2,[INFERIDO POR LISTA: J. Chile Grande y Unido] Postura tomada del vector base de la coalicion sin desviacion. Data sintetica. NO es declaracion personal del candidato. Ver dataset/README.md.,https://es.wikipedia.org/wiki/Chile_Vamos
Mena Acosta,Lucrecia,Renovación Nacional,14,El Senado debe aprobar la modernizacion de la Ley Antiterror,4,"[INFERIDO POR LISTA: J. Chile Grande y Unido] Base coalicion=5, candidato=4 (RUIDO -1 deterministico). Refleja variacion intra-partido no verificada. Data sintetica. NO es declaracion personal del candidato. Ver dataset/README.md.",https://es.wikipedia.org/wiki/Chile_Vamos
Lee Flores,Enrique,Independiente Demócratas Chile,1,"El Senado debe mantenerse como camara revisora del Congreso,",4,"[INFERIDO POR LISTA: J. Chile Grande y Unido] Base coalicion=5, candidato=4 (RUIDO -1 deterministico). Refleja variacion intra-partido no verificada. Data sintetica. NO es declaracion personal del candidato. Ver dataset/README.md.",https://es.wikipedia.org/wiki/Chile_Vamos
Lee Flores,Enrique,Independiente Demócratas Chile,2,El Senado debe endurecer el proceso de aprobacion de nombram,3,[INFERIDO POR LISTA: J. Chile Grande y Unido] Postura tomada del vector base de la coalicion sin desviacion. Data sintetica. NO es declaracion personal del candidato. Ver dataset/README.md.,https://es.wikipedia.org/wiki/Chile_Vamos
Lee Flores,Enrique,Independiente Demócratas Chile,3,El Senado debe aprobar por ley una limitacion a dos periodos,4,"[INFERIDO POR LISTA: J. Chile Grande y Unido] Base coalicion=3, candidato=4 (RUIDO +1 deterministico). Refleja variacion intra-partido no verificada. Data sintetica. NO es declaracion personal del candidato. Ver dataset/README.md.",https://es.wikipedia.org/wiki/Chile_Vamos
Lee Flores,Enrique,Independiente Demócratas Chile,4,Chile debe restaurar el quorum de dos tercios para reformas ,5,[INFERIDO POR LISTA: J. Chile Grande y Unido] Postura tomada del vector base de la coalicion sin desviacion. Data sintetica. NO es declaracion personal del candidato. Ver dataset/README.md.,https://es.wikipedia.org/wiki/Chile_Vamos
Lee Flores,Enrique,Independiente Demócratas Chile,5,El Senado debe reducirse de 50 a 43 escanos para racionaliza,3,"[INFERIDO POR LISTA: J. Chile Grande y Unido] Base coalicion=2, candidato=3 (RUIDO +1 deterministico). Refleja variacion intra-partido no verificada. Data sintetica. NO es declaracion personal del candidato. Ver dataset/README.md.",https://es.wikipedia.org/wiki/Chile_Vamos
Lee Flores,Enrique,Independiente Demócratas Chile,6,El Senado debe promover el retiro de Chile del Tratado Integ,2,[INFERIDO POR LISTA: J. Chile Grande y Unido] Postura tomada del vector base de la coalicion sin desviacion. Data sintetica. NO es declaracion personal del candidato. Ver dataset/README.md.,https://es.wikipedia.org/wiki/Chile_Vamos
Lee Flores,Enrique,Independiente Demócratas Chile,7,El Senado debe aprobar el reconocimiento formal del Estado d,2,[INFERIDO POR LISTA: J. Chile Grande y Unido] Postura tomada del vector base de la coalicion sin desviacion. Data sintetica. NO es declaracion personal del candidato. Ver dataset/README.md.,https://es.wikipedia.org/wiki/Chile_Vamos
Lee Flores,Enrique,Independiente Demócratas Chile,8,Chile debe mantenerse dentro del Tratado Interamericano de A,4,"[INFERIDO POR LISTA: J. Chile Grande y Unido] Base coalicion=5, candidato=4 (RUIDO -1 deterministico). Refleja variacion intra-partido no verificada. Data sintetica. NO es declaracion personal del candidato. Ver dataset/README.md.",https://es.wikipedia.org/wiki/Chile_Vamos
Lee Flores,Enrique,Independiente Demócratas Chile,9,El Senado debe aprobar la reforma previsional aumentando el ,2,[INFERIDO POR LISTA: J. Chile Grande y Unido] Postura tomada del vector base de la coalicion sin desviacion. Data sintetica. NO es declaracion personal del candidato. Ver dataset/README.md.,https://es.wikipedia.org/wiki/Chile_Vamos
Lee Flores,Enrique,Independiente Demócratas Chile,10,"El royalty minero al cobre debe aumentarse por sobre el 4,7%",3,"[INFERIDO POR LISTA: J. Chile Grande y Unido] Base coalicion=2, candidato=3 (RUIDO +1 deterministico). Refleja variacion intra-partido no verificada. Data sintetica. NO es declaracion personal del candidato. Ver dataset/README.md.",https://es.wikipedia.org/wiki/Chile_Vamos
Lee Flores,Enrique,Independiente Demócratas Chile,11,"El Senado debe aprobar el fin del sistema de isapres, migran",2,[INFERIDO POR LISTA: J. Chile Grande y Unido] Postura tomada del vector base de la coalicion sin desviacion. Data sintetica. NO es declaracion personal del candidato. Ver dataset/README.md.,https://es.wikipedia.org/wiki/Chile_Vamos
Lee Flores,Enrique,Independiente Demócratas Chile,12,El Senado debe aprobar el proyecto de eutanasia activa volun,2,[INFERIDO POR LISTA: J. Chile Grande y Unido] Postura tomada del vector base de la coalicion sin desviacion. Data sintetica. NO es declaracion personal del candidato. Ver dataset/README.md.,https://es.wikipedia.org/wiki/Chile_Vamos
Lee Flores,Enrique,Independiente Demócratas Chile,13,El Senado debe declarar por ley las zonas de sacrificio como,2,[INFERIDO POR LISTA: J. Chile Grande y Unido] Postura tomada del vector base de la coalicion sin desviacion. Data sintetica. NO es declaracion personal del candidato. Ver dataset/README.md.,https://es.wikipedia.org/wiki/Chile_Vamos
Lee Flores,Enrique,Independiente Demócratas Chile,14,El Senado debe aprobar la modernizacion de la Ley Antiterror,5,[INFERIDO POR LISTA: J. Chile Grande y Unido] Postura tomada del vector base de la coalicion sin desviacion. Data sintetica. NO es declaracion personal del candidato. Ver dataset/README.md.,https://es.wikipedia.org/wiki/Chile_Vamos
Lee Flores,Enrique,Independiente Demócratas Chile,15,El Senado debe incluir escanos reservados permanentes para r,1,[INFERIDO POR LISTA: J. Chile Grande y Unido] Postura tomada del vector base de la coalicion sin desviacion. Data sintetica. NO es declaracion personal del candidato. Ver dataset/README.md.,https://es.wikipedia.org/wiki/Chile_Vamos
Zavala Valenzuela,Jorge,Demócratas Chile,1,"El Senado debe mantenerse como camara revisora del Congreso,",5,[INFERIDO POR LISTA: J. Chile Grande y Unido] Postura tomada del vector base de la coalicion sin desviacion. Data sintetica. NO es declaracion personal del candidato. Ver dataset/README.md.,https://es.wikipedia.org/wiki/Chile_Vamos
Zavala Valenzuela,Jorge,Demócratas Chile,2,El Senado debe endurecer el proceso de aprobacion de nombram,3,[INFERIDO POR LISTA: J. Chile Grande y Unido] Postura tomada del vector base de la coalicion sin desviacion. Data sintetica. NO es declaracion personal del candidato. Ver dataset/README.md.,https://es.wikipedia.org/wiki/Chile_Vamos
Zavala Valenzuela,Jorge,Demócratas Chile,3,El Senado debe aprobar por ley una limitacion a dos periodos,3,[INFERIDO POR LISTA: J. Chile Grande y Unido] Postura tomada del vector base de la coalicion sin desviacion. Data sintetica. NO es declaracion personal del candidato. Ver dataset/README.md.,https://es.wikipedia.org/wiki/Chile_Vamos
Zavala Valenzuela,Jorge,Demócratas Chile,4,Chile debe restaurar el quorum de dos tercios para reformas ,5,[INFERIDO POR LISTA: J. Chile Grande y Unido] Postura tomada del vector base de la coalicion sin desviacion. Data sintetica. NO es declaracion personal del candidato. Ver dataset/README.md.,https://es.wikipedia.org/wiki/Chile_Vamos
Zavala Valenzuela,Jorge,Demócratas Chile,5,El Senado debe reducirse de 50 a 43 escanos para racionaliza,2,[INFERIDO POR LISTA: J. Chile Grande y Unido] Postura tomada del vector base de la coalicion sin desviacion. Data sintetica. NO es declaracion personal del candidato. Ver dataset/README.md.,https://es.wikipedia.org/wiki/Chile_Vamos
Zavala Valenzuela,Jorge,Demócratas Chile,6,El Senado debe promover el retiro de Chile del Tratado Integ,2,[INFERIDO POR LISTA: J. Chile Grande y Unido] Postura tomada del vector base de la coalicion sin desviacion. Data sintetica. NO es declaracion personal del candidato. Ver dataset/README.md.,https://es.wikipedia.org/wiki/Chile_Vamos
Zavala Valenzuela,Jorge,Demócratas Chile,7,El Senado debe aprobar el reconocimiento formal del Estado d,2,[INFERIDO POR LISTA: J. Chile Grande y Unido] Postura tomada del vector base de la coalicion sin desviacion. Data sintetica. NO es declaracion personal del candidato. Ver dataset/README.md.,https://es.wikipedia.org/wiki/Chile_Vamos
Zavala Valenzuela,Jorge,Demócratas Chile,8,Chile debe mantenerse dentro del Tratado Interamericano de A,5,[INFERIDO POR LISTA: J. Chile Grande y Unido] Postura tomada del vector base de la coalicion sin desviacion. Data sintetica. NO es declaracion personal del candidato. Ver dataset/README.md.,https://es.wikipedia.org/wiki/Chile_Vamos
Zavala Valenzuela,Jorge,Demócratas Chile,10,"El royalty minero al cobre debe aumentarse por sobre el 4,7%",2,[INFERIDO POR LISTA: J. Chile Grande y Unido] Postura tomada del vector base de la coalicion sin desviacion. Data sintetica. NO es declaracion personal del candidato. Ver dataset/README.md.,https://es.wikipedia.org/wiki/Chile_Vamos
Zavala Valenzuela,Jorge,Demócratas Chile,11,"El Senado debe aprobar el fin del sistema de isapres, migran",3,"[INFERIDO POR LISTA: J. Chile Grande y Unido] Base coalicion=2, candidato=3 (RUIDO +1 deterministico). Refleja variacion intra-partido no verificada. Data sintetica. NO es declaracion personal del candidato. Ver dataset/README.md.",https://es.wikipedia.org/wiki/Chile_Vamos
Zavala Valenzuela,Jorge,Demócratas Chile,12,El Senado debe aprobar el proyecto de eutanasia activa volun,1,"[INFERIDO POR LISTA: J. Chile Grande y Unido] Base coalicion=2, candidato=1 (RUIDO -1 deterministico). Refleja variacion intra-partido no verificada. Data sintetica. NO es declaracion personal del candidato. Ver dataset/README.md.",https://es.wikipedia.org/wiki/Chile_Vamos
Zavala Valenzuela,Jorge,Demócratas Chile,13,El Senado debe declarar por ley las zonas de sacrificio como,3,"[INFERIDO POR LISTA: J. Chile Grande y Unido] Base coalicion=2, candidato=3 (RUIDO +1 deterministico). Refleja variacion intra-partido no verificada. Data sintetica. NO es declaracion personal del candidato. Ver dataset/README.md.",https://es.wikipedia.org/wiki/Chile_Vamos
Zavala Valenzuela,Jorge,Demócratas Chile,14,El Senado debe aprobar la modernizacion de la Ley Antiterror,5,[INFERIDO POR LISTA: J. Chile Grande y Unido] Postura tomada del vector base de la coalicion sin desviacion. Data sintetica. NO es declaracion personal del candidato. Ver dataset/README.md.,https://es.wikipedia.org/wiki/Chile_Vamos
Zavala Valenzuela,Jorge,Demócratas Chile,15,El Senado debe incluir escanos reservados permanentes para r,2,"[INFERIDO POR LISTA: J. Chile Grande y Unido] Base coalicion=1, candidato=2 (RUIDO +1 deterministico). Refleja variacion intra-partido no verificada. Data sintetica. NO es declaracion personal del candidato. Ver dataset/README.md.",https://es.wikipedia.org/wiki/Chile_Vamos
Zapata Velasquez,Sandra,Independiente Renovación Nacional,1,"El Senado debe mantenerse como camara revisora del Congreso,",5,[INFERIDO POR LISTA: J. Chile Grande y Unido] Postura tomada del vector base de la coalicion sin desviacion. Data sintetica. NO es declaracion personal del candidato. Ver dataset/README.md.,https://es.wikipedia.org/wiki/Chile_Vamos
Zapata Velasquez,Sandra,Independiente Renovación Nacional,2,El Senado debe endurecer el proceso de aprobacion de nombram,3,[INFERIDO POR LISTA: J. Chile Grande y Unido] Postura tomada del vector base de la coalicion sin desviacion. Data sintetica. NO es declaracion personal del candidato. Ver dataset/README.md.,https://es.wikipedia.org/wiki/Chile_Vamos
Zapata Velasquez,Sandra,Independiente Renovación Nacional,3,El Senado debe aprobar por ley una limitacion a dos periodos,2,"[INFERIDO POR LISTA: J. Chile Grande y Unido] Base coalicion=3, candidato=2 (RUIDO -1 deterministico). Refleja variacion intra-partido no verificada. Data sintetica. NO es declaracion personal del candidato. Ver dataset/README.md.",https://es.wikipedia.org/wiki/Chile_Vamos
Zapata Velasquez,Sandra,Independiente Renovación Nacional,4,Chile debe restaurar el quorum de dos tercios para reformas ,5,[INFERIDO POR LISTA: J. Chile Grande y Unido] Postura tomada del vector base de la coalicion sin desviacion. Data sintetica. NO es declaracion personal del candidato. Ver dataset/README.md.,https://es.wikipedia.org/wiki/Chile_Vamos
Zapata Velasquez,Sandra,Independiente Renovación Nacional,5,El Senado debe reducirse de 50 a 43 escanos para racionaliza,3,"[INFERIDO POR LISTA: J. Chile Grande y Unido] Base coalicion=2, candidato=3 (RUIDO +1 deterministico). Refleja variacion intra-partido no verificada. Data sintetica. NO es declaracion personal del candidato. Ver dataset/README.md.",https://es.wikipedia.org/wiki/Chile_Vamos
Zapata Velasquez,Sandra,Independiente Renovación Nacional,6,El Senado debe promover el retiro de Chile del Tratado Integ,2,[INFERIDO POR LISTA: J. Chile Grande y Unido] Postura tomada del vector base de la coalicion sin desviacion. Data sintetica. NO es declaracion personal del candidato. Ver dataset/README.md.,https://es.wikipedia.org/wiki/Chile_Vamos
Zapata Velasquez,Sandra,Independiente Renovación Nacional,7,El Senado debe aprobar el reconocimiento formal del Estado d,3,"[INFERIDO POR LISTA: J. Chile Grande y Unido] Base coalicion=2, candidato=3 (RUIDO +1 deterministico). Refleja variacion intra-partido no verificada. Data sintetica. NO es declaracion personal del candidato. Ver dataset/README.md.",https://es.wikipedia.org/wiki/Chile_Vamos
Zapata Velasquez,Sandra,Independiente Renovación Nacional,9,El Senado debe aprobar la reforma previsional aumentando el ,2,[INFERIDO POR LISTA: J. Chile Grande y Unido] Postura tomada del vector base de la coalicion sin desviacion. Data sintetica. NO es declaracion personal del candidato. Ver dataset/README.md.,https://es.wikipedia.org/wiki/Chile_Vamos
Zapata Velasquez,Sandra,Independiente Renovación Nacional,10,"El royalty minero al cobre debe aumentarse por sobre el 4,7%",3,"[INFERIDO POR LISTA: J. Chile Grande y Unido] Base coalicion=2, candidato=3 (RUIDO +1 deterministico). Refleja variacion intra-partido no verificada. Data sintetica. NO es declaracion personal del candidato. Ver dataset/README.md.",https://es.wikipedia.org/wiki/Chile_Vamos
Zapata Velasquez,Sandra,Independiente Renovación Nacional,11,"El Senado debe aprobar el fin del sistema de isapres, migran",3,"[INFERIDO POR LISTA: J. Chile Grande y Unido] Base coalicion=2, candidato=3 (RUIDO +1 deterministico). Refleja variacion intra-partido no verificada. Data sintetica. NO es declaracion personal del candidato. Ver dataset/README.md.",https://es.wikipedia.org/wiki/Chile_Vamos
Zapata Velasquez,Sandra,Independiente Renovación Nacional,12,El Senado debe aprobar el proyecto de eutanasia activa volun,1,"[INFERIDO POR LISTA: J. Chile Grande y Unido] Base coalicion=2, candidato=1 (RUIDO -1 deterministico). Refleja variacion intra-partido no verificada. Data sintetica. NO es declaracion personal del candidato. Ver dataset/README.md.",https://es.wikipedia.org/wiki/Chile_Vamos
Zapata Velasquez,Sandra,Independiente Renovación Nacional,13,El Senado debe declarar por ley las zonas de sacrificio como,2,[INFERIDO POR LISTA: J. Chile Grande y Unido] Postura tomada del vector base de la coalicion sin desviacion. Data sintetica. NO es declaracion personal del candidato. Ver dataset/README.md.,https://es.wikipedia.org/wiki/Chile_Vamos
Zapata Velasquez,Sandra,Independiente Renovación Nacional,14,El Senado debe aprobar la modernizacion de la Ley Antiterror,4,"[INFERIDO POR LISTA: J. Chile Grande y Unido] Base coalicion=5, candidato=4 (RUIDO -1 deterministico). Refleja variacion intra-partido no verificada. Data sintetica. NO es declaracion personal del candidato. Ver dataset/README.md.",https://es.wikipedia.org/wiki/Chile_Vamos
Leal Bizama,Henry,Unión Demócrata Independiente,1,"El Senado debe mantenerse como camara revisora del Congreso,",4,"[INFERIDO POR LISTA: J. Chile Grande y Unido] Base coalicion=5, candidato=4 (RUIDO -1 deterministico). Refleja variacion intra-partido no verificada. Data sintetica. NO es declaracion personal del candidato. Ver dataset/README.md.",https://es.wikipedia.org/wiki/Chile_Vamos
Leal Bizama,Henry,Unión Demócrata Independiente,2,El Senado debe endurecer el proceso de aprobacion de nombram,4,"[INFERIDO POR LISTA: J. Chile Grande y Unido] Base coalicion=3, candidato=4 (RUIDO +1 deterministico). Refleja variacion intra-partido no verificada. Data sintetica. NO es declaracion personal del candidato. Ver dataset/README.md.",https://es.wikipedia.org/wiki/Chile_Vamos
Leal Bizama,Henry,Unión Demócrata Independiente,3,El Senado debe aprobar por ley una limitacion a dos periodos,2,"[INFERIDO POR LISTA: J. Chile Grande y Unido] Base coalicion=3, candidato=2 (RUIDO -1 deterministico). Refleja variacion intra-partido no verificada. Data sintetica. NO es declaracion personal del candidato. Ver dataset/README.md.",https://es.wikipedia.org/wiki/Chile_Vamos
Leal Bizama,Henry,Unión Demócrata Independiente,4,Chile debe restaurar el quorum de dos tercios para reformas ,4,"[INFERIDO POR LISTA: J. Chile Grande y Unido] Base coalicion=5, candidato=4 (RUIDO -1 deterministico). Refleja variacion intra-partido no verificada. Data sintetica. NO es declaracion personal del candidato. Ver dataset/README.md.",https://es.wikipedia.org/wiki/Chile_Vamos
Leal Bizama,Henry,Unión Demócrata Independiente,5,El Senado debe reducirse de 50 a 43 escanos para racionaliza,1,"[INFERIDO POR LISTA: J. Chile Grande y Unido] Base coalicion=2, candidato=1 (RUIDO -1 deterministico). Refleja variacion intra-partido no verificada. Data sintetica. NO es declaracion personal del candidato. Ver dataset/README.md.",https://es.wikipedia.org/wiki/Chile_Vamos
Leal Bizama,Henry,Unión Demócrata Independiente,6,El Senado debe promover el retiro de Chile del Tratado Integ,2,[INFERIDO POR LISTA: J. Chile Grande y Unido] Postura tomada del vector base de la coalicion sin desviacion. Data sintetica. NO es declaracion personal del candidato. Ver dataset/README.md.,https://es.wikipedia.org/wiki/Chile_Vamos
Leal Bizama,Henry,Unión Demócrata Independiente,7,El Senado debe aprobar el reconocimiento formal del Estado d,2,[INFERIDO POR LISTA: J. Chile Grande y Unido] Postura tomada del vector base de la coalicion sin desviacion. Data sintetica. NO es declaracion personal del candidato. Ver dataset/README.md.,https://es.wikipedia.org/wiki/Chile_Vamos
Leal Bizama,Henry,Unión Demócrata Independiente,8,Chile debe mantenerse dentro del Tratado Interamericano de A,5,[INFERIDO POR LISTA: J. Chile Grande y Unido] Postura tomada del vector base de la coalicion sin desviacion. Data sintetica. NO es declaracion personal del candidato. Ver dataset/README.md.,https://es.wikipedia.org/wiki/Chile_Vamos
Leal Bizama,Henry,Unión Demócrata Independiente,9,El Senado debe aprobar la reforma previsional aumentando el ,2,[INFERIDO POR LISTA: J. Chile Grande y Unido] Postura tomada del vector base de la coalicion sin desviacion. Data sintetica. NO es declaracion personal del candidato. Ver dataset/README.md.,https://es.wikipedia.org/wiki/Chile_Vamos
Leal Bizama,Henry,Unión Demócrata Independiente,10,"El royalty minero al cobre debe aumentarse por sobre el 4,7%",2,[INFERIDO POR LISTA: J. Chile Grande y Unido] Postura tomada del vector base de la coalicion sin desviacion. Data sintetica. NO es declaracion personal del candidato. Ver dataset/README.md.,https://es.wikipedia.org/wiki/Chile_Vamos
Leal Bizama,Henry,Unión Demócrata Independiente,11,"El Senado debe aprobar el fin del sistema de isapres, migran",1,[INFERIDO POR PARTIDO: Unión Demócrata Independiente] Postura tomada del vector base de la coalicion sin desviacion. Data sintetica. NO es declaracion personal del candidato. Ver dataset/README.md.,https://es.wikipedia.org/wiki/Chile_Vamos
Leal Bizama,Henry,Unión Demócrata Independiente,12,El Senado debe aprobar el proyecto de eutanasia activa volun,2,"[INFERIDO POR PARTIDO: Unión Demócrata Independiente] Base coalicion=1, candidato=2 (RUIDO +1 deterministico). Refleja variacion intra-partido no verificada. Data sintetica. NO es declaracion personal del candidato. Ver dataset/README.md.",https://es.wikipedia.org/wiki/Chile_Vamos
Leal Bizama,Henry,Unión Demócrata Independiente,13,El Senado debe declarar por ley las zonas de sacrificio como,2,[INFERIDO POR LISTA: J. Chile Grande y Unido] Postura tomada del vector base de la coalicion sin desviacion. Data sintetica. NO es declaracion personal del candidato. Ver dataset/README.md.,https://es.wikipedia.org/wiki/Chile_Vamos
Leal Bizama,Henry,Unión Demócrata Independiente,14,El Senado debe aprobar la modernizacion de la Ley Antiterror,5,[INFERIDO POR LISTA: J. Chile Grande y Unido] Postura tomada del vector base de la coalicion sin desviacion. Data sintetica. NO es declaracion personal del candidato. Ver dataset/README.md.,https://es.wikipedia.org/wiki/Chile_Vamos
Leal Bizama,Henry,Unión Demócrata Independiente,15,El Senado debe incluir escanos reservados permanentes para r,1,[INFERIDO POR LISTA: J. Chile Grande y Unido] Postura tomada del vector base de la coalicion sin desviacion. Data sintetica. NO es declaracion personal del candidato. Ver dataset/README.md.,https://es.wikipedia.org/wiki/Chile_Vamos
Luchsinger Mackay,Jorge Andres,Independiente Unión Demócrata Independiente,1,"El Senado debe mantenerse como camara revisora del Congreso,",5,[INFERIDO POR LISTA: J. Chile Grande y Unido] Postura tomada del vector base de la coalicion sin desviacion. Data sintetica. NO es declaracion personal del candidato. Ver dataset/README.md.,https://es.wikipedia.org/wiki/Chile_Vamos
Luchsinger Mackay,Jorge Andres,Independiente Unión Demócrata Independiente,2,El Senado debe endurecer el proceso de aprobacion de nombram,3,[INFERIDO POR LISTA: J. Chile Grande y Unido] Postura tomada del vector base de la coalicion sin desviacion. Data sintetica. NO es declaracion personal del candidato. Ver dataset/README.md.,https://es.wikipedia.org/wiki/Chile_Vamos
Luchsinger Mackay,Jorge Andres,Independiente Unión Demócrata Independiente,3,El Senado debe aprobar por ley una limitacion a dos periodos,4,"[INFERIDO POR LISTA: J. Chile Grande y Unido] Base coalicion=3, candidato=4 (RUIDO +1 deterministico). Refleja variacion intra-partido no verificada. Data sintetica. NO es declaracion personal del candidato. Ver dataset/README.md.",https://es.wikipedia.org/wiki/Chile_Vamos
Luchsinger Mackay,Jorge Andres,Independiente Unión Demócrata Independiente,4,Chile debe restaurar el quorum de dos tercios para reformas ,5,[INFERIDO POR LISTA: J. Chile Grande y Unido] Postura tomada del vector base de la coalicion sin desviacion. Data sintetica. NO es declaracion personal del candidato. Ver dataset/README.md.,https://es.wikipedia.org/wiki/Chile_Vamos
Luchsinger Mackay,Jorge Andres,Independiente Unión Demócrata Independiente,5,El Senado debe reducirse de 50 a 43 escanos para racionaliza,2,[INFERIDO POR LISTA: J. Chile Grande y Unido] Postura tomada del vector base de la coalicion sin desviacion. Data sintetica. NO es declaracion personal del candidato. Ver dataset/README.md.,https://es.wikipedia.org/wiki/Chile_Vamos
Luchsinger Mackay,Jorge Andres,Independiente Unión Demócrata Independiente,6,El Senado debe promover el retiro de Chile del Tratado Integ,2,[INFERIDO POR LISTA: J. Chile Grande y Unido] Postura tomada del vector base de la coalicion sin desviacion. Data sintetica. NO es declaracion personal del candidato. Ver dataset/README.md.,https://es.wikipedia.org/wiki/Chile_Vamos
Luchsinger Mackay,Jorge Andres,Independiente Unión Demócrata Independiente,7,El Senado debe aprobar el reconocimiento formal del Estado d,3,"[INFERIDO POR LISTA: J. Chile Grande y Unido] Base coalicion=2, candidato=3 (RUIDO +1 deterministico). Refleja variacion intra-partido no verificada. Data sintetica. NO es declaracion personal del candidato. Ver dataset/README.md.",https://es.wikipedia.org/wiki/Chile_Vamos
Luchsinger Mackay,Jorge Andres,Independiente Unión Demócrata Independiente,8,Chile debe mantenerse dentro del Tratado Interamericano de A,5,[INFERIDO POR LISTA: J. Chile Grande y Unido] Postura tomada del vector base de la coalicion sin desviacion. Data sintetica. NO es declaracion personal del candidato. Ver dataset/README.md.,https://es.wikipedia.org/wiki/Chile_Vamos
Luchsinger Mackay,Jorge Andres,Independiente Unión Demócrata Independiente,9,El Senado debe aprobar la reforma previsional aumentando el ,2,[INFERIDO POR LISTA: J. Chile Grande y Unido] Postura tomada del vector base de la coalicion sin desviacion. Data sintetica. NO es declaracion personal del candidato. Ver dataset/README.md.,https://es.wikipedia.org/wiki/Chile_Vamos
Luchsinger Mackay,Jorge Andres,Independiente Unión Demócrata Independiente,10,"El royalty minero al cobre debe aumentarse por sobre el 4,7%",2,[INFERIDO POR LISTA: J. Chile Grande y Unido] Postura tomada del vector base de la coalicion sin desviacion. Data sintetica. NO es declaracion personal del candidato. Ver dataset/README.md.,https://es.wikipedia.org/wiki/Chile_Vamos
Luchsinger Mackay,Jorge Andres,Independiente Unión Demócrata Independiente,12,El Senado debe aprobar el proyecto de eutanasia activa volun,1,[INFERIDO POR PARTIDO: Independiente Unión Demócrata Independiente] Postura tomada del vector base de la coalicion sin desviacion. Data sintetica. NO es declaracion personal del candidato. Ver dataset/README.md.,https://es.wikipedia.org/wiki/Chile_Vamos
Luchsinger Mackay,Jorge Andres,Independiente Unión Demócrata Independiente,13,El Senado debe declarar por ley las zonas de sacrificio como,1,"[INFERIDO POR LISTA: J. Chile Grande y Unido] Base coalicion=2, candidato=1 (RUIDO -1 deterministico). Refleja variacion intra-partido no verificada. Data sintetica. NO es declaracion personal del candidato. Ver dataset/README.md.",https://es.wikipedia.org/wiki/Chile_Vamos
Luchsinger Mackay,Jorge Andres,Independiente Unión Demócrata Independiente,14,El Senado debe aprobar la modernizacion de la Ley Antiterror,5,[INFERIDO POR LISTA: J. Chile Grande y Unido] Postura tomada del vector base de la coalicion sin desviacion. Data sintetica. NO es declaracion personal del candidato. Ver dataset/README.md.,https://es.wikipedia.org/wiki/Chile_Vamos
Luchsinger Mackay,Jorge Andres,Independiente Unión Demócrata Independiente,15,El Senado debe incluir escanos reservados permanentes para r,1,[INFERIDO POR LISTA: J. Chile Grande y Unido] Postura tomada del vector base de la coalicion sin desviacion. Data sintetica. NO es declaracion personal del candidato. Ver dataset/README.md.,https://es.wikipedia.org/wiki/Chile_Vamos
Longton Herrera,Andres,Renovación Nacional,1,"El Senado debe mantenerse como camara revisora del Congreso,",5,[INFERIDO POR LISTA: J. Chile Grande y Unido] Postura tomada del vector base de la coalicion sin desviacion. Data sintetica. NO es declaracion personal del candidato. Ver dataset/README.md.,https://es.wikipedia.org/wiki/Chile_Vamos
Longton Herrera,Andres,Renovación Nacional,2,El Senado debe endurecer el proceso de aprobacion de nombram,3,[INFERIDO POR LISTA: J. Chile Grande y Unido] Postura tomada del vector base de la coalicion sin desviacion. Data sintetica. NO es declaracion personal del candidato. Ver dataset/README.md.,https://es.wikipedia.org/wiki/Chile_Vamos
Longton Herrera,Andres,Renovación Nacional,3,El Senado debe aprobar por ley una limitacion a dos periodos,4,"[INFERIDO POR LISTA: J. Chile Grande y Unido] Base coalicion=3, candidato=4 (RUIDO +1 deterministico). Refleja variacion intra-partido no verificada. Data sintetica. NO es declaracion personal del candidato. Ver dataset/README.md.",https://es.wikipedia.org/wiki/Chile_Vamos
Longton Herrera,Andres,Renovación Nacional,4,Chile debe restaurar el quorum de dos tercios para reformas ,4,"[INFERIDO POR LISTA: J. Chile Grande y Unido] Base coalicion=5, candidato=4 (RUIDO -1 deterministico). Refleja variacion intra-partido no verificada. Data sintetica. NO es declaracion personal del candidato. Ver dataset/README.md.",https://es.wikipedia.org/wiki/Chile_Vamos
Longton Herrera,Andres,Renovación Nacional,5,El Senado debe reducirse de 50 a 43 escanos para racionaliza,3,"[INFERIDO POR LISTA: J. Chile Grande y Unido] Base coalicion=2, candidato=3 (RUIDO +1 deterministico). Refleja variacion intra-partido no verificada. Data sintetica. NO es declaracion personal del candidato. Ver dataset/README.md.",https://es.wikipedia.org/wiki/Chile_Vamos
Longton Herrera,Andres,Renovación Nacional,6,El Senado debe promover el retiro de Chile del Tratado Integ,2,[INFERIDO POR LISTA: J. Chile Grande y Unido] Postura tomada del vector base de la coalicion sin desviacion. Data sintetica. NO es declaracion personal del candidato. Ver dataset/README.md.,https://es.wikipedia.org/wiki/Chile_Vamos
Longton Herrera,Andres,Renovación Nacional,8,Chile debe mantenerse dentro del Tratado Interamericano de A,5,[INFERIDO POR LISTA: J. Chile Grande y Unido] Postura tomada del vector base de la coalicion sin desviacion. Data sintetica. NO es declaracion personal del candidato. Ver dataset/README.md.,https://es.wikipedia.org/wiki/Chile_Vamos
Longton Herrera,Andres,Renovación Nacional,9,El Senado debe aprobar la reforma previsional aumentando el ,2,[INFERIDO POR LISTA: J. Chile Grande y Unido] Postura tomada del vector base de la coalicion sin desviacion. Data sintetica. NO es declaracion personal del candidato. Ver dataset/README.md.,https://es.wikipedia.org/wiki/Chile_Vamos
Longton Herrera,Andres,Renovación Nacional,11,"El Senado debe aprobar el fin del sistema de isapres, migran",3,"[INFERIDO POR LISTA: J. Chile Grande y Unido] Base coalicion=2, candidato=3 (RUIDO +1 deterministico). Refleja variacion intra-partido no verificada. Data sintetica. NO es declaracion personal del candidato. Ver dataset/README.md.",https://es.wikipedia.org/wiki/Chile_Vamos
Longton Herrera,Andres,Renovación Nacional,12,El Senado debe aprobar el proyecto de eutanasia activa volun,2,[INFERIDO POR LISTA: J. Chile Grande y Unido] Postura tomada del vector base de la coalicion sin desviacion. Data sintetica. NO es declaracion personal del candidato. Ver dataset/README.md.,https://es.wikipedia.org/wiki/Chile_Vamos
Longton Herrera,Andres,Renovación Nacional,13,El Senado debe declarar por ley las zonas de sacrificio como,3,"[INFERIDO POR LISTA: J. Chile Grande y Unido] Base coalicion=2, candidato=3 (RUIDO +1 deterministico). Refleja variacion intra-partido no verificada. Data sintetica. NO es declaracion personal del candidato. Ver dataset/README.md.",https://es.wikipedia.org/wiki/Chile_Vamos
Longton Herrera,Andres,Renovación Nacional,14,El Senado debe aprobar la modernizacion de la Ley Antiterror,5,[INFERIDO POR LISTA: J. Chile Grande y Unido] Postura tomada del vector base de la coalicion sin desviacion. Data sintetica. NO es declaracion personal del candidato. Ver dataset/README.md.,https://es.wikipedia.org/wiki/Chile_Vamos
Longton Herrera,Andres,Renovación Nacional,15,El Senado debe incluir escanos reservados permanentes para r,2,"[INFERIDO POR LISTA: J. Chile Grande y Unido] Base coalicion=1, candidato=2 (RUIDO +1 deterministico). Refleja variacion intra-partido no verificada. Data sintetica. NO es declaracion personal del candidato. Ver dataset/README.md.",https://es.wikipedia.org/wiki/Chile_Vamos
Elgueta Fernandez,Carola,Independiente Demócratas Chile,1,"El Senado debe mantenerse como camara revisora del Congreso,",4,"[INFERIDO POR LISTA: J. Chile Grande y Unido] Base coalicion=5, candidato=4 (RUIDO -1 deterministico). Refleja variacion intra-partido no verificada. Data sintetica. NO es declaracion personal del candidato. Ver dataset/README.md.",https://es.wikipedia.org/wiki/Chile_Vamos
Elgueta Fernandez,Carola,Independiente Demócratas Chile,2,El Senado debe endurecer el proceso de aprobacion de nombram,3,[INFERIDO POR LISTA: J. Chile Grande y Unido] Postura tomada del vector base de la coalicion sin desviacion. Data sintetica. NO es declaracion personal del candidato. Ver dataset/README.md.,https://es.wikipedia.org/wiki/Chile_Vamos
Elgueta Fernandez,Carola,Independiente Demócratas Chile,3,El Senado debe aprobar por ley una limitacion a dos periodos,4,"[INFERIDO POR LISTA: J. Chile Grande y Unido] Base coalicion=3, candidato=4 (RUIDO +1 deterministico). Refleja variacion intra-partido no verificada. Data sintetica. NO es declaracion personal del candidato. Ver dataset/README.md.",https://es.wikipedia.org/wiki/Chile_Vamos
Elgueta Fernandez,Carola,Independiente Demócratas Chile,4,Chile debe restaurar el quorum de dos tercios para reformas ,5,[INFERIDO POR LISTA: J. Chile Grande y Unido] Postura tomada del vector base de la coalicion sin desviacion. Data sintetica. NO es declaracion personal del candidato. Ver dataset/README.md.,https://es.wikipedia.org/wiki/Chile_Vamos
Elgueta Fernandez,Carola,Independiente Demócratas Chile,5,El Senado debe reducirse de 50 a 43 escanos para racionaliza,3,"[INFERIDO POR LISTA: J. Chile Grande y Unido] Base coalicion=2, candidato=3 (RUIDO +1 deterministico). Refleja variacion intra-partido no verificada. Data sintetica. NO es declaracion personal del candidato. Ver dataset/README.md.",https://es.wikipedia.org/wiki/Chile_Vamos
Elgueta Fernandez,Carola,Independiente Demócratas Chile,6,El Senado debe promover el retiro de Chile del Tratado Integ,1,"[INFERIDO POR LISTA: J. Chile Grande y Unido] Base coalicion=2, candidato=1 (RUIDO -1 deterministico). Refleja variacion intra-partido no verificada. Data sintetica. NO es declaracion personal del candidato. Ver dataset/README.md.",https://es.wikipedia.org/wiki/Chile_Vamos
Elgueta Fernandez,Carola,Independiente Demócratas Chile,7,El Senado debe aprobar el reconocimiento formal del Estado d,1,"[INFERIDO POR LISTA: J. Chile Grande y Unido] Base coalicion=2, candidato=1 (RUIDO -1 deterministico). Refleja variacion intra-partido no verificada. Data sintetica. NO es declaracion personal del candidato. Ver dataset/README.md.",https://es.wikipedia.org/wiki/Chile_Vamos
Elgueta Fernandez,Carola,Independiente Demócratas Chile,9,El Senado debe aprobar la reforma previsional aumentando el ,2,[INFERIDO POR LISTA: J. Chile Grande y Unido] Postura tomada del vector base de la coalicion sin desviacion. Data sintetica. NO es declaracion personal del candidato. Ver dataset/README.md.,https://es.wikipedia.org/wiki/Chile_Vamos
Elgueta Fernandez,Carola,Independiente Demócratas Chile,10,"El royalty minero al cobre debe aumentarse por sobre el 4,7%",3,"[INFERIDO POR LISTA: J. Chile Grande y Unido] Base coalicion=2, candidato=3 (RUIDO +1 deterministico). Refleja variacion intra-partido no verificada. Data sintetica. NO es declaracion personal del candidato. Ver dataset/README.md.",https://es.wikipedia.org/wiki/Chile_Vamos
Elgueta Fernandez,Carola,Independiente Demócratas Chile,11,"El Senado debe aprobar el fin del sistema de isapres, migran",2,[INFERIDO POR LISTA: J. Chile Grande y Unido] Postura tomada del vector base de la coalicion sin desviacion. Data sintetica. NO es declaracion personal del candidato. Ver dataset/README.md.,https://es.wikipedia.org/wiki/Chile_Vamos
Elgueta Fernandez,Carola,Independiente Demócratas Chile,12,El Senado debe aprobar el proyecto de eutanasia activa volun,1,"[INFERIDO POR LISTA: J. Chile Grande y Unido] Base coalicion=2, candidato=1 (RUIDO -1 deterministico). Refleja variacion intra-partido no verificada. Data sintetica. NO es declaracion personal del candidato. Ver dataset/README.md.",https://es.wikipedia.org/wiki/Chile_Vamos
Elgueta Fernandez,Carola,Independiente Demócratas Chile,13,El Senado debe declarar por ley las zonas de sacrificio como,2,[INFERIDO POR LISTA: J. Chile Grande y Unido] Postura tomada del vector base de la coalicion sin desviacion. Data sintetica. NO es declaracion personal del candidato. Ver dataset/README.md.,https://es.wikipedia.org/wiki/Chile_Vamos
Elgueta Fernandez,Carola,Independiente Demócratas Chile,14,El Senado debe aprobar la modernizacion de la Ley Antiterror,4,"[INFERIDO POR LISTA: J. Chile Grande y Unido] Base coalicion=5, candidato=4 (RUIDO -1 deterministico). Refleja variacion intra-partido no verificada. Data sintetica. NO es declaracion personal del candidato. Ver dataset/README.md.",https://es.wikipedia.org/wiki/Chile_Vamos
Elgueta Fernandez,Carola,Independiente Demócratas Chile,15,El Senado debe incluir escanos reservados permanentes para r,1,[INFERIDO POR LISTA: J. Chile Grande y Unido] Postura tomada del vector base de la coalicion sin desviacion. Data sintetica. NO es declaracion personal del candidato. Ver dataset/README.md.,https://es.wikipedia.org/wiki/Chile_Vamos
Flores Oporto,Camila,Renovación Nacional,2,El Senado debe endurecer el proceso de aprobacion de nombram,3,[INFERIDO POR LISTA: J. Chile Grande y Unido] Postura tomada del vector base de la coalicion sin desviacion. Data sintetica. NO es declaracion personal del candidato. Ver dataset/README.md.,https://es.wikipedia.org/wiki/Chile_Vamos
Flores Oporto,Camila,Renovación Nacional,3,El Senado debe aprobar por ley una limitacion a dos periodos,3,[INFERIDO POR LISTA: J. Chile Grande y Unido] Postura tomada del vector base de la coalicion sin desviacion. Data sintetica. NO es declaracion personal del candidato. Ver dataset/README.md.,https://es.wikipedia.org/wiki/Chile_Vamos
Flores Oporto,Camila,Renovación Nacional,4,Chile debe restaurar el quorum de dos tercios para reformas ,5,[INFERIDO POR LISTA: J. Chile Grande y Unido] Postura tomada del vector base de la coalicion sin desviacion. Data sintetica. NO es declaracion personal del candidato. Ver dataset/README.md.,https://es.wikipedia.org/wiki/Chile_Vamos
Flores Oporto,Camila,Renovación Nacional,5,El Senado debe reducirse de 50 a 43 escanos para racionaliza,2,[INFERIDO POR LISTA: J. Chile Grande y Unido] Postura tomada del vector base de la coalicion sin desviacion. Data sintetica. NO es declaracion personal del candidato. Ver dataset/README.md.,https://es.wikipedia.org/wiki/Chile_Vamos
Flores Oporto,Camila,Renovación Nacional,6,El Senado debe promover el retiro de Chile del Tratado Integ,2,[INFERIDO POR LISTA: J. Chile Grande y Unido] Postura tomada del vector base de la coalicion sin desviacion. Data sintetica. NO es declaracion personal del candidato. Ver dataset/README.md.,https://es.wikipedia.org/wiki/Chile_Vamos
Flores Oporto,Camila,Renovación Nacional,7,El Senado debe aprobar el reconocimiento formal del Estado d,2,[INFERIDO POR LISTA: J. Chile Grande y Unido] Postura tomada del vector base de la coalicion sin desviacion. Data sintetica. NO es declaracion personal del candidato. Ver dataset/README.md.,https://es.wikipedia.org/wiki/Chile_Vamos
Flores Oporto,Camila,Renovación Nacional,8,Chile debe mantenerse dentro del Tratado Interamericano de A,5,[INFERIDO POR LISTA: J. Chile Grande y Unido] Postura tomada del vector base de la coalicion sin desviacion. Data sintetica. NO es declaracion personal del candidato. Ver dataset/README.md.,https://es.wikipedia.org/wiki/Chile_Vamos
Flores Oporto,Camila,Renovación Nacional,9,El Senado debe aprobar la reforma previsional aumentando el ,2,[INFERIDO POR LISTA: J. Chile Grande y Unido] Postura tomada del vector base de la coalicion sin desviacion. Data sintetica. NO es declaracion personal del candidato. Ver dataset/README.md.,https://es.wikipedia.org/wiki/Chile_Vamos
Flores Oporto,Camila,Renovación Nacional,10,"El royalty minero al cobre debe aumentarse por sobre el 4,7%",2,[INFERIDO POR LISTA: J. Chile Grande y Unido] Postura tomada del vector base de la coalicion sin desviacion. Data sintetica. NO es declaracion personal del candidato. Ver dataset/README.md.,https://es.wikipedia.org/wiki/Chile_Vamos
Flores Oporto,Camila,Renovación Nacional,12,El Senado debe aprobar el proyecto de eutanasia activa volun,2,[INFERIDO POR LISTA: J. Chile Grande y Unido] Postura tomada del vector base de la coalicion sin desviacion. Data sintetica. NO es declaracion personal del candidato. Ver dataset/README.md.,https://es.wikipedia.org/wiki/Chile_Vamos
Flores Oporto,Camila,Renovación Nacional,13,El Senado debe declarar por ley las zonas de sacrificio como,3,"[INFERIDO POR LISTA: J. Chile Grande y Unido] Base coalicion=2, candidato=3 (RUIDO +1 deterministico). Refleja variacion intra-partido no verificada. Data sintetica. NO es declaracion personal del candidato. Ver dataset/README.md.",https://es.wikipedia.org/wiki/Chile_Vamos
Flores Oporto,Camila,Renovación Nacional,14,El Senado debe aprobar la modernizacion de la Ley Antiterror,4,"[INFERIDO POR LISTA: J. Chile Grande y Unido] Base coalicion=5, candidato=4 (RUIDO -1 deterministico). Refleja variacion intra-partido no verificada. Data sintetica. NO es declaracion personal del candidato. Ver dataset/README.md.",https://es.wikipedia.org/wiki/Chile_Vamos
Flores Oporto,Camila,Renovación Nacional,15,El Senado debe incluir escanos reservados permanentes para r,2,"[INFERIDO POR LISTA: J. Chile Grande y Unido] Base coalicion=1, candidato=2 (RUIDO +1 deterministico). Refleja variacion intra-partido no verificada. Data sintetica. NO es declaracion personal del candidato. Ver dataset/README.md.",https://es.wikipedia.org/wiki/Chile_Vamos
Lagos Meier,Patricia,Independiente Demócratas Chile,1,"El Senado debe mantenerse como camara revisora del Congreso,",5,[INFERIDO POR LISTA: J. Chile Grande y Unido] Postura tomada del vector base de la coalicion sin desviacion. Data sintetica. NO es declaracion personal del candidato. Ver dataset/README.md.,https://es.wikipedia.org/wiki/Chile_Vamos
Lagos Meier,Patricia,Independiente Demócratas Chile,2,El Senado debe endurecer el proceso de aprobacion de nombram,3,[INFERIDO POR LISTA: J. Chile Grande y Unido] Postura tomada del vector base de la coalicion sin desviacion. Data sintetica. NO es declaracion personal del candidato. Ver dataset/README.md.,https://es.wikipedia.org/wiki/Chile_Vamos
Lagos Meier,Patricia,Independiente Demócratas Chile,3,El Senado debe aprobar por ley una limitacion a dos periodos,4,"[INFERIDO POR LISTA: J. Chile Grande y Unido] Base coalicion=3, candidato=4 (RUIDO +1 deterministico). Refleja variacion intra-partido no verificada. Data sintetica. NO es declaracion personal del candidato. Ver dataset/README.md.",https://es.wikipedia.org/wiki/Chile_Vamos
Lagos Meier,Patricia,Independiente Demócratas Chile,4,Chile debe restaurar el quorum de dos tercios para reformas ,5,[INFERIDO POR LISTA: J. Chile Grande y Unido] Postura tomada del vector base de la coalicion sin desviacion. Data sintetica. NO es declaracion personal del candidato. Ver dataset/README.md.,https://es.wikipedia.org/wiki/Chile_Vamos
Lagos Meier,Patricia,Independiente Demócratas Chile,5,El Senado debe reducirse de 50 a 43 escanos para racionaliza,1,"[INFERIDO POR LISTA: J. Chile Grande y Unido] Base coalicion=2, candidato=1 (RUIDO -1 deterministico). Refleja variacion intra-partido no verificada. Data sintetica. NO es declaracion personal del candidato. Ver dataset/README.md.",https://es.wikipedia.org/wiki/Chile_Vamos
Lagos Meier,Patricia,Independiente Demócratas Chile,6,El Senado debe promover el retiro de Chile del Tratado Integ,1,"[INFERIDO POR LISTA: J. Chile Grande y Unido] Base coalicion=2, candidato=1 (RUIDO -1 deterministico). Refleja variacion intra-partido no verificada. Data sintetica. NO es declaracion personal del candidato. Ver dataset/README.md.",https://es.wikipedia.org/wiki/Chile_Vamos
Lagos Meier,Patricia,Independiente Demócratas Chile,7,El Senado debe aprobar el reconocimiento formal del Estado d,2,[INFERIDO POR LISTA: J. Chile Grande y Unido] Postura tomada del vector base de la coalicion sin desviacion. Data sintetica. NO es declaracion personal del candidato. Ver dataset/README.md.,https://es.wikipedia.org/wiki/Chile_Vamos
Lagos Meier,Patricia,Independiente Demócratas Chile,8,Chile debe mantenerse dentro del Tratado Interamericano de A,5,[INFERIDO POR LISTA: J. Chile Grande y Unido] Postura tomada del vector base de la coalicion sin desviacion. Data sintetica. NO es declaracion personal del candidato. Ver dataset/README.md.,https://es.wikipedia.org/wiki/Chile_Vamos
Lagos Meier,Patricia,Independiente Demócratas Chile,9,El Senado debe aprobar la reforma previsional aumentando el ,2,[INFERIDO POR LISTA: J. Chile Grande y Unido] Postura tomada del vector base de la coalicion sin desviacion. Data sintetica. NO es declaracion personal del candidato. Ver dataset/README.md.,https://es.wikipedia.org/wiki/Chile_Vamos
Lagos Meier,Patricia,Independiente Demócratas Chile,10,"El royalty minero al cobre debe aumentarse por sobre el 4,7%",2,[INFERIDO POR LISTA: J. Chile Grande y Unido] Postura tomada del vector base de la coalicion sin desviacion. Data sintetica. NO es declaracion personal del candidato. Ver dataset/README.md.,https://es.wikipedia.org/wiki/Chile_Vamos
Lagos Meier,Patricia,Independiente Demócratas Chile,11,"El Senado debe aprobar el fin del sistema de isapres, migran",2,[INFERIDO POR LISTA: J. Chile Grande y Unido] Postura tomada del vector base de la coalicion sin desviacion. Data sintetica. NO es declaracion personal del candidato. Ver dataset/README.md.,https://es.wikipedia.org/wiki/Chile_Vamos
Lagos Meier,Patricia,Independiente Demócratas Chile,12,El Senado debe aprobar el proyecto de eutanasia activa volun,1,"[INFERIDO POR LISTA: J. Chile Grande y Unido] Base coalicion=2, candidato=1 (RUIDO -1 deterministico). Refleja variacion intra-partido no verificada. Data sintetica. NO es declaracion personal del candidato. Ver dataset/README.md.",https://es.wikipedia.org/wiki/Chile_Vamos
Lagos Meier,Patricia,Independiente Demócratas Chile,13,El Senado debe declarar por ley las zonas de sacrificio como,2,[INFERIDO POR LISTA: J. Chile Grande y Unido] Postura tomada del vector base de la coalicion sin desviacion. Data sintetica. NO es declaracion personal del candidato. Ver dataset/README.md.,https://es.wikipedia.org/wiki/Chile_Vamos
Lagos Meier,Patricia,Independiente Demócratas Chile,14,El Senado debe aprobar la modernizacion de la Ley Antiterror,5,[INFERIDO POR LISTA: J. Chile Grande y Unido] Postura tomada del vector base de la coalicion sin desviacion. Data sintetica. NO es declaracion personal del candidato. Ver dataset/README.md.,https://es.wikipedia.org/wiki/Chile_Vamos
Lagos Meier,Patricia,Independiente Demócratas Chile,15,El Senado debe incluir escanos reservados permanentes para r,1,[INFERIDO POR LISTA: J. Chile Grande y Unido] Postura tomada del vector base de la coalicion sin desviacion. Data sintetica. NO es declaracion personal del candidato. Ver dataset/README.md.,https://es.wikipedia.org/wiki/Chile_Vamos
Verdessi Belemmi,Daniel,Demócratas Chile,1,"El Senado debe mantenerse como camara revisora del Congreso,",5,[INFERIDO POR LISTA: J. Chile Grande y Unido] Postura tomada del vector base de la coalicion sin desviacion. Data sintetica. NO es declaracion personal del candidato. Ver dataset/README.md.,https://es.wikipedia.org/wiki/Chile_Vamos
Verdessi Belemmi,Daniel,Demócratas Chile,2,El Senado debe endurecer el proceso de aprobacion de nombram,3,[INFERIDO POR LISTA: J. Chile Grande y Unido] Postura tomada del vector base de la coalicion sin desviacion. Data sintetica. NO es declaracion personal del candidato. Ver dataset/README.md.,https://es.wikipedia.org/wiki/Chile_Vamos
Verdessi Belemmi,Daniel,Demócratas Chile,3,El Senado debe aprobar por ley una limitacion a dos periodos,3,[INFERIDO POR LISTA: J. Chile Grande y Unido] Postura tomada del vector base de la coalicion sin desviacion. Data sintetica. NO es declaracion personal del candidato. Ver dataset/README.md.,https://es.wikipedia.org/wiki/Chile_Vamos
Verdessi Belemmi,Daniel,Demócratas Chile,4,Chile debe restaurar el quorum de dos tercios para reformas ,5,[INFERIDO POR LISTA: J. Chile Grande y Unido] Postura tomada del vector base de la coalicion sin desviacion. Data sintetica. NO es declaracion personal del candidato. Ver dataset/README.md.,https://es.wikipedia.org/wiki/Chile_Vamos
Verdessi Belemmi,Daniel,Demócratas Chile,5,El Senado debe reducirse de 50 a 43 escanos para racionaliza,2,[INFERIDO POR LISTA: J. Chile Grande y Unido] Postura tomada del vector base de la coalicion sin desviacion. Data sintetica. NO es declaracion personal del candidato. Ver dataset/README.md.,https://es.wikipedia.org/wiki/Chile_Vamos
Verdessi Belemmi,Daniel,Demócratas Chile,6,El Senado debe promover el retiro de Chile del Tratado Integ,2,[INFERIDO POR LISTA: J. Chile Grande y Unido] Postura tomada del vector base de la coalicion sin desviacion. Data sintetica. NO es declaracion personal del candidato. Ver dataset/README.md.,https://es.wikipedia.org/wiki/Chile_Vamos
Verdessi Belemmi,Daniel,Demócratas Chile,7,El Senado debe aprobar el reconocimiento formal del Estado d,1,"[INFERIDO POR LISTA: J. Chile Grande y Unido] Base coalicion=2, candidato=1 (RUIDO -1 deterministico). Refleja variacion intra-partido no verificada. Data sintetica. NO es declaracion personal del candidato. Ver dataset/README.md.",https://es.wikipedia.org/wiki/Chile_Vamos
Verdessi Belemmi,Daniel,Demócratas Chile,8,Chile debe mantenerse dentro del Tratado Interamericano de A,5,[INFERIDO POR LISTA: J. Chile Grande y Unido] Postura tomada del vector base de la coalicion sin desviacion. Data sintetica. NO es declaracion personal del candidato. Ver dataset/README.md.,https://es.wikipedia.org/wiki/Chile_Vamos
Verdessi Belemmi,Daniel,Demócratas Chile,9,El Senado debe aprobar la reforma previsional aumentando el ,1,"[INFERIDO POR LISTA: J. Chile Grande y Unido] Base coalicion=2, candidato=1 (RUIDO -1 deterministico). Refleja variacion intra-partido no verificada. Data sintetica. NO es declaracion personal del candidato. Ver dataset/README.md.",https://es.wikipedia.org/wiki/Chile_Vamos
Verdessi Belemmi,Daniel,Demócratas Chile,10,"El royalty minero al cobre debe aumentarse por sobre el 4,7%",2,[INFERIDO POR LISTA: J. Chile Grande y Unido] Postura tomada del vector base de la coalicion sin desviacion. Data sintetica. NO es declaracion personal del candidato. Ver dataset/README.md.,https://es.wikipedia.org/wiki/Chile_Vamos
Verdessi Belemmi,Daniel,Demócratas Chile,12,El Senado debe aprobar el proyecto de eutanasia activa volun,2,[INFERIDO POR LISTA: J. Chile Grande y Unido] Postura tomada del vector base de la coalicion sin desviacion. Data sintetica. NO es declaracion personal del candidato. Ver dataset/README.md.,https://es.wikipedia.org/wiki/Chile_Vamos
Verdessi Belemmi,Daniel,Demócratas Chile,13,El Senado debe declarar por ley las zonas de sacrificio como,2,[INFERIDO POR LISTA: J. Chile Grande y Unido] Postura tomada del vector base de la coalicion sin desviacion. Data sintetica. NO es declaracion personal del candidato. Ver dataset/README.md.,https://es.wikipedia.org/wiki/Chile_Vamos
Verdessi Belemmi,Daniel,Demócratas Chile,14,El Senado debe aprobar la modernizacion de la Ley Antiterror,5,[INFERIDO POR LISTA: J. Chile Grande y Unido] Postura tomada del vector base de la coalicion sin desviacion. Data sintetica. NO es declaracion personal del candidato. Ver dataset/README.md.,https://es.wikipedia.org/wiki/Chile_Vamos
Verdessi Belemmi,Daniel,Demócratas Chile,15,El Senado debe incluir escanos reservados permanentes para r,1,[INFERIDO POR LISTA: J. Chile Grande y Unido] Postura tomada del vector base de la coalicion sin desviacion. Data sintetica. NO es declaracion personal del candidato. Ver dataset/README.md.,https://es.wikipedia.org/wiki/Chile_Vamos
Rathgeb Schifferli,Jorge,Renovación Nacional,1,"El Senado debe mantenerse como camara revisora del Congreso,",5,[INFERIDO POR LISTA: J. Chile Grande y Unido] Postura tomada del vector base de la coalicion sin desviacion. Data sintetica. NO es declaracion personal del candidato. Ver dataset/README.md.,https://es.wikipedia.org/wiki/Chile_Vamos
Rathgeb Schifferli,Jorge,Renovación Nacional,2,El Senado debe endurecer el proceso de aprobacion de nombram,4,"[INFERIDO POR LISTA: J. Chile Grande y Unido] Base coalicion=3, candidato=4 (RUIDO +1 deterministico). Refleja variacion intra-partido no verificada. Data sintetica. NO es declaracion personal del candidato. Ver dataset/README.md.",https://es.wikipedia.org/wiki/Chile_Vamos
Rathgeb Schifferli,Jorge,Renovación Nacional,3,El Senado debe aprobar por ley una limitacion a dos periodos,3,[INFERIDO POR LISTA: J. Chile Grande y Unido] Postura tomada del vector base de la coalicion sin desviacion. Data sintetica. NO es declaracion personal del candidato. Ver dataset/README.md.,https://es.wikipedia.org/wiki/Chile_Vamos
Rathgeb Schifferli,Jorge,Renovación Nacional,4,Chile debe restaurar el quorum de dos tercios para reformas ,5,[INFERIDO POR LISTA: J. Chile Grande y Unido] Postura tomada del vector base de la coalicion sin desviacion. Data sintetica. NO es declaracion personal del candidato. Ver dataset/README.md.,https://es.wikipedia.org/wiki/Chile_Vamos
Rathgeb Schifferli,Jorge,Renovación Nacional,5,El Senado debe reducirse de 50 a 43 escanos para racionaliza,2,[INFERIDO POR LISTA: J. Chile Grande y Unido] Postura tomada del vector base de la coalicion sin desviacion. Data sintetica. NO es declaracion personal del candidato. Ver dataset/README.md.,https://es.wikipedia.org/wiki/Chile_Vamos
Rathgeb Schifferli,Jorge,Renovación Nacional,6,El Senado debe promover el retiro de Chile del Tratado Integ,2,[INFERIDO POR LISTA: J. Chile Grande y Unido] Postura tomada del vector base de la coalicion sin desviacion. Data sintetica. NO es declaracion personal del candidato. Ver dataset/README.md.,https://es.wikipedia.org/wiki/Chile_Vamos
Rathgeb Schifferli,Jorge,Renovación Nacional,7,El Senado debe aprobar el reconocimiento formal del Estado d,3,"[INFERIDO POR LISTA: J. Chile Grande y Unido] Base coalicion=2, candidato=3 (RUIDO +1 deterministico). Refleja variacion intra-partido no verificada. Data sintetica. NO es declaracion personal del candidato. Ver dataset/README.md.",https://es.wikipedia.org/wiki/Chile_Vamos
Rathgeb Schifferli,Jorge,Renovación Nacional,8,Chile debe mantenerse dentro del Tratado Interamericano de A,5,[INFERIDO POR LISTA: J. Chile Grande y Unido] Postura tomada del vector base de la coalicion sin desviacion. Data sintetica. NO es declaracion personal del candidato. Ver dataset/README.md.,https://es.wikipedia.org/wiki/Chile_Vamos
Rathgeb Schifferli,Jorge,Renovación Nacional,9,El Senado debe aprobar la reforma previsional aumentando el ,3,"[INFERIDO POR LISTA: J. Chile Grande y Unido] Base coalicion=2, candidato=3 (RUIDO +1 deterministico). Refleja variacion intra-partido no verificada. Data sintetica. NO es declaracion personal del candidato. Ver dataset/README.md.",https://es.wikipedia.org/wiki/Chile_Vamos
Rathgeb Schifferli,Jorge,Renovación Nacional,10,"El royalty minero al cobre debe aumentarse por sobre el 4,7%",2,[INFERIDO POR LISTA: J. Chile Grande y Unido] Postura tomada del vector base de la coalicion sin desviacion. Data sintetica. NO es declaracion personal del candidato. Ver dataset/README.md.,https://es.wikipedia.org/wiki/Chile_Vamos
Rathgeb Schifferli,Jorge,Renovación Nacional,11,"El Senado debe aprobar el fin del sistema de isapres, migran",2,[INFERIDO POR LISTA: J. Chile Grande y Unido] Postura tomada del vector base de la coalicion sin desviacion. Data sintetica. NO es declaracion personal del candidato. Ver dataset/README.md.,https://es.wikipedia.org/wiki/Chile_Vamos
Rathgeb Schifferli,Jorge,Renovación Nacional,12,El Senado debe aprobar el proyecto de eutanasia activa volun,2,[INFERIDO POR LISTA: J. Chile Grande y Unido] Postura tomada del vector base de la coalicion sin desviacion. Data sintetica. NO es declaracion personal del candidato. Ver dataset/README.md.,https://es.wikipedia.org/wiki/Chile_Vamos
Rathgeb Schifferli,Jorge,Renovación Nacional,13,El Senado debe declarar por ley las zonas de sacrificio como,2,[INFERIDO POR LISTA: J. Chile Grande y Unido] Postura tomada del vector base de la coalicion sin desviacion. Data sintetica. NO es declaracion personal del candidato. Ver dataset/README.md.,https://es.wikipedia.org/wiki/Chile_Vamos
Rathgeb Schifferli,Jorge,Renovación Nacional,14,El Senado debe aprobar la modernizacion de la Ley Antiterror,5,[INFERIDO POR LISTA: J. Chile Grande y Unido] Postura tomada del vector base de la coalicion sin desviacion. Data sintetica. NO es declaracion personal del candidato. Ver dataset/README.md.,https://es.wikipedia.org/wiki/Chile_Vamos
Rathgeb Schifferli,Jorge,Renovación Nacional,15,El Senado debe incluir escanos reservados permanentes para r,1,[INFERIDO POR LISTA: J. Chile Grande y Unido] Postura tomada del vector base de la coalicion sin desviacion. Data sintetica. NO es declaracion personal del candidato. Ver dataset/README.md.,https://es.wikipedia.org/wiki/Chile_Vamos
Becker Alvear,Miguel,Renovación Nacional,1,"El Senado debe mantenerse como camara revisora del Congreso,",5,[INFERIDO POR LISTA: J. Chile Grande y Unido] Postura tomada del vector base de la coalicion sin desviacion. Data sintetica. NO es declaracion personal del candidato. Ver dataset/README.md.,https://es.wikipedia.org/wiki/Chile_Vamos
Becker Alvear,Miguel,Renovación Nacional,2,El Senado debe endurecer el proceso de aprobacion de nombram,4,"[INFERIDO POR LISTA: J. Chile Grande y Unido] Base coalicion=3, candidato=4 (RUIDO +1 deterministico). Refleja variacion intra-partido no verificada. Data sintetica. NO es declaracion personal del candidato. Ver dataset/README.md.",https://es.wikipedia.org/wiki/Chile_Vamos
Becker Alvear,Miguel,Renovación Nacional,3,El Senado debe aprobar por ley una limitacion a dos periodos,3,[INFERIDO POR LISTA: J. Chile Grande y Unido] Postura tomada del vector base de la coalicion sin desviacion. Data sintetica. NO es declaracion personal del candidato. Ver dataset/README.md.,https://es.wikipedia.org/wiki/Chile_Vamos
Becker Alvear,Miguel,Renovación Nacional,4,Chile debe restaurar el quorum de dos tercios para reformas ,5,[INFERIDO POR LISTA: J. Chile Grande y Unido] Postura tomada del vector base de la coalicion sin desviacion. Data sintetica. NO es declaracion personal del candidato. Ver dataset/README.md.,https://es.wikipedia.org/wiki/Chile_Vamos
Becker Alvear,Miguel,Renovación Nacional,5,El Senado debe reducirse de 50 a 43 escanos para racionaliza,2,[INFERIDO POR LISTA: J. Chile Grande y Unido] Postura tomada del vector base de la coalicion sin desviacion. Data sintetica. NO es declaracion personal del candidato. Ver dataset/README.md.,https://es.wikipedia.org/wiki/Chile_Vamos
Becker Alvear,Miguel,Renovación Nacional,6,El Senado debe promover el retiro de Chile del Tratado Integ,1,"[INFERIDO POR LISTA: J. Chile Grande y Unido] Base coalicion=2, candidato=1 (RUIDO -1 deterministico). Refleja variacion intra-partido no verificada. Data sintetica. NO es declaracion personal del candidato. Ver dataset/README.md.",https://es.wikipedia.org/wiki/Chile_Vamos
Becker Alvear,Miguel,Renovación Nacional,7,El Senado debe aprobar el reconocimiento formal del Estado d,2,[INFERIDO POR LISTA: J. Chile Grande y Unido] Postura tomada del vector base de la coalicion sin desviacion. Data sintetica. NO es declaracion personal del candidato. Ver dataset/README.md.,https://es.wikipedia.org/wiki/Chile_Vamos
Becker Alvear,Miguel,Renovación Nacional,8,Chile debe mantenerse dentro del Tratado Interamericano de A,5,[INFERIDO POR LISTA: J. Chile Grande y Unido] Postura tomada del vector base de la coalicion sin desviacion. Data sintetica. NO es declaracion personal del candidato. Ver dataset/README.md.,https://es.wikipedia.org/wiki/Chile_Vamos
Becker Alvear,Miguel,Renovación Nacional,10,"El royalty minero al cobre debe aumentarse por sobre el 4,7%",2,[INFERIDO POR LISTA: J. Chile Grande y Unido] Postura tomada del vector base de la coalicion sin desviacion. Data sintetica. NO es declaracion personal del candidato. Ver dataset/README.md.,https://es.wikipedia.org/wiki/Chile_Vamos
Becker Alvear,Miguel,Renovación Nacional,11,"El Senado debe aprobar el fin del sistema de isapres, migran",1,"[INFERIDO POR LISTA: J. Chile Grande y Unido] Base coalicion=2, candidato=1 (RUIDO -1 deterministico). Refleja variacion intra-partido no verificada. Data sintetica. NO es declaracion personal del candidato. Ver dataset/README.md.",https://es.wikipedia.org/wiki/Chile_Vamos
Becker Alvear,Miguel,Renovación Nacional,12,El Senado debe aprobar el proyecto de eutanasia activa volun,1,"[INFERIDO POR LISTA: J. Chile Grande y Unido] Base coalicion=2, candidato=1 (RUIDO -1 deterministico). Refleja variacion intra-partido no verificada. Data sintetica. NO es declaracion personal del candidato. Ver dataset/README.md.",https://es.wikipedia.org/wiki/Chile_Vamos
Becker Alvear,Miguel,Renovación Nacional,14,El Senado debe aprobar la modernizacion de la Ley Antiterror,5,[INFERIDO POR LISTA: J. Chile Grande y Unido] Postura tomada del vector base de la coalicion sin desviacion. Data sintetica. NO es declaracion personal del candidato. Ver dataset/README.md.,https://es.wikipedia.org/wiki/Chile_Vamos
Becker Alvear,Miguel,Renovación Nacional,15,El Senado debe incluir escanos reservados permanentes para r,1,[INFERIDO POR LISTA: J. Chile Grande y Unido] Postura tomada del vector base de la coalicion sin desviacion. Data sintetica. NO es declaracion personal del candidato. Ver dataset/README.md.,https://es.wikipedia.org/wiki/Chile_Vamos
Alessandri Spencer,Monserrat,Demócratas Chile,1,"El Senado debe mantenerse como camara revisora del Congreso,",5,[INFERIDO POR LISTA: J. Chile Grande y Unido] Postura tomada del vector base de la coalicion sin desviacion. Data sintetica. NO es declaracion personal del candidato. Ver dataset/README.md.,https://es.wikipedia.org/wiki/Chile_Vamos
Alessandri Spencer,Monserrat,Demócratas Chile,2,El Senado debe endurecer el proceso de aprobacion de nombram,2,"[INFERIDO POR LISTA: J. Chile Grande y Unido] Base coalicion=3, candidato=2 (RUIDO -1 deterministico). Refleja variacion intra-partido no verificada. Data sintetica. NO es declaracion personal del candidato. Ver dataset/README.md.",https://es.wikipedia.org/wiki/Chile_Vamos
Alessandri Spencer,Monserrat,Demócratas Chile,3,El Senado debe aprobar por ley una limitacion a dos periodos,3,[INFERIDO POR LISTA: J. Chile Grande y Unido] Postura tomada del vector base de la coalicion sin desviacion. Data sintetica. NO es declaracion personal del candidato. Ver dataset/README.md.,https://es.wikipedia.org/wiki/Chile_Vamos
Alessandri Spencer,Monserrat,Demócratas Chile,4,Chile debe restaurar el quorum de dos tercios para reformas ,5,[INFERIDO POR LISTA: J. Chile Grande y Unido] Postura tomada del vector base de la coalicion sin desviacion. Data sintetica. NO es declaracion personal del candidato. Ver dataset/README.md.,https://es.wikipedia.org/wiki/Chile_Vamos
Alessandri Spencer,Monserrat,Demócratas Chile,5,El Senado debe reducirse de 50 a 43 escanos para racionaliza,2,[INFERIDO POR LISTA: J. Chile Grande y Unido] Postura tomada del vector base de la coalicion sin desviacion. Data sintetica. NO es declaracion personal del candidato. Ver dataset/README.md.,https://es.wikipedia.org/wiki/Chile_Vamos
Alessandri Spencer,Monserrat,Demócratas Chile,6,El Senado debe promover el retiro de Chile del Tratado Integ,2,[INFERIDO POR LISTA: J. Chile Grande y Unido] Postura tomada del vector base de la coalicion sin desviacion. Data sintetica. NO es declaracion personal del candidato. Ver dataset/README.md.,https://es.wikipedia.org/wiki/Chile_Vamos
Alessandri Spencer,Monserrat,Demócratas Chile,7,El Senado debe aprobar el reconocimiento formal del Estado d,1,"[INFERIDO POR LISTA: J. Chile Grande y Unido] Base coalicion=2, candidato=1 (RUIDO -1 deterministico). Refleja variacion intra-partido no verificada. Data sintetica. NO es declaracion personal del candidato. Ver dataset/README.md.",https://es.wikipedia.org/wiki/Chile_Vamos
Alessandri Spencer,Monserrat,Demócratas Chile,9,El Senado debe aprobar la reforma previsional aumentando el ,2,[INFERIDO POR LISTA: J. Chile Grande y Unido] Postura tomada del vector base de la coalicion sin desviacion. Data sintetica. NO es declaracion personal del candidato. Ver dataset/README.md.,https://es.wikipedia.org/wiki/Chile_Vamos
Alessandri Spencer,Monserrat,Demócratas Chile,10,"El royalty minero al cobre debe aumentarse por sobre el 4,7%",2,[INFERIDO POR LISTA: J. Chile Grande y Unido] Postura tomada del vector base de la coalicion sin desviacion. Data sintetica. NO es declaracion personal del candidato. Ver dataset/README.md.,https://es.wikipedia.org/wiki/Chile_Vamos
Alessandri Spencer,Monserrat,Demócratas Chile,11,"El Senado debe aprobar el fin del sistema de isapres, migran",2,[INFERIDO POR LISTA: J. Chile Grande y Unido] Postura tomada del vector base de la coalicion sin desviacion. Data sintetica. NO es declaracion personal del candidato. Ver dataset/README.md.,https://es.wikipedia.org/wiki/Chile_Vamos
Alessandri Spencer,Monserrat,Demócratas Chile,13,El Senado debe declarar por ley las zonas de sacrificio como,3,"[INFERIDO POR LISTA: J. Chile Grande y Unido] Base coalicion=2, candidato=3 (RUIDO +1 deterministico). Refleja variacion intra-partido no verificada. Data sintetica. NO es declaracion personal del candidato. Ver dataset/README.md.",https://es.wikipedia.org/wiki/Chile_Vamos
Alessandri Spencer,Monserrat,Demócratas Chile,14,El Senado debe aprobar la modernizacion de la Ley Antiterror,5,[INFERIDO POR LISTA: J. Chile Grande y Unido] Postura tomada del vector base de la coalicion sin desviacion. Data sintetica. NO es declaracion personal del candidato. Ver dataset/README.md.,https://es.wikipedia.org/wiki/Chile_Vamos
Alessandri Spencer,Monserrat,Demócratas Chile,15,El Senado debe incluir escanos reservados permanentes para r,1,[INFERIDO POR LISTA: J. Chile Grande y Unido] Postura tomada del vector base de la coalicion sin desviacion. Data sintetica. NO es declaracion personal del candidato. Ver dataset/README.md.,https://es.wikipedia.org/wiki/Chile_Vamos
Mac-Niven Carlsson,Ian,Independiente Demócratas Chile,2,El Senado debe endurecer el proceso de aprobacion de nombram,3,[INFERIDO POR LISTA: J. Chile Grande y Unido] Postura tomada del vector base de la coalicion sin desviacion. Data sintetica. NO es declaracion personal del candidato. Ver dataset/README.md.,https://es.wikipedia.org/wiki/Chile_Vamos
Mac-Niven Carlsson,Ian,Independiente Demócratas Chile,3,El Senado debe aprobar por ley una limitacion a dos periodos,3,[INFERIDO POR LISTA: J. Chile Grande y Unido] Postura tomada del vector base de la coalicion sin desviacion. Data sintetica. NO es declaracion personal del candidato. Ver dataset/README.md.,https://es.wikipedia.org/wiki/Chile_Vamos
Mac-Niven Carlsson,Ian,Independiente Demócratas Chile,5,El Senado debe reducirse de 50 a 43 escanos para racionaliza,2,[INFERIDO POR LISTA: J. Chile Grande y Unido] Postura tomada del vector base de la coalicion sin desviacion. Data sintetica. NO es declaracion personal del candidato. Ver dataset/README.md.,https://es.wikipedia.org/wiki/Chile_Vamos
Mac-Niven Carlsson,Ian,Independiente Demócratas Chile,8,Chile debe mantenerse dentro del Tratado Interamericano de A,5,[INFERIDO POR LISTA: J. Chile Grande y Unido] Postura tomada del vector base de la coalicion sin desviacion. Data sintetica. NO es declaracion personal del candidato. Ver dataset/README.md.,https://es.wikipedia.org/wiki/Chile_Vamos
Mac-Niven Carlsson,Ian,Independiente Demócratas Chile,9,El Senado debe aprobar la reforma previsional aumentando el ,2,[INFERIDO POR LISTA: J. Chile Grande y Unido] Postura tomada del vector base de la coalicion sin desviacion. Data sintetica. NO es declaracion personal del candidato. Ver dataset/README.md.,https://es.wikipedia.org/wiki/Chile_Vamos
Mac-Niven Carlsson,Ian,Independiente Demócratas Chile,10,"El royalty minero al cobre debe aumentarse por sobre el 4,7%",2,[INFERIDO POR LISTA: J. Chile Grande y Unido] Postura tomada del vector base de la coalicion sin desviacion. Data sintetica. NO es declaracion personal del candidato. Ver dataset/README.md.,https://es.wikipedia.org/wiki/Chile_Vamos
Mac-Niven Carlsson,Ian,Independiente Demócratas Chile,12,El Senado debe aprobar el proyecto de eutanasia activa volun,3,"[INFERIDO POR LISTA: J. Chile Grande y Unido] Base coalicion=2, candidato=3 (RUIDO +1 deterministico). Refleja variacion intra-partido no verificada. Data sintetica. NO es declaracion personal del candidato. Ver dataset/README.md.",https://es.wikipedia.org/wiki/Chile_Vamos
Mac-Niven Carlsson,Ian,Independiente Demócratas Chile,14,El Senado debe aprobar la modernizacion de la Ley Antiterror,5,[INFERIDO POR LISTA: J. Chile Grande y Unido] Postura tomada del vector base de la coalicion sin desviacion. Data sintetica. NO es declaracion personal del candidato. Ver dataset/README.md.,https://es.wikipedia.org/wiki/Chile_Vamos
Mac-Niven Carlsson,Ian,Independiente Demócratas Chile,15,El Senado debe incluir escanos reservados permanentes para r,1,[INFERIDO POR LISTA: J. Chile Grande y Unido] Postura tomada del vector base de la coalicion sin desviacion. Data sintetica. NO es declaracion personal del candidato. Ver dataset/README.md.,https://es.wikipedia.org/wiki/Chile_Vamos
Santelices Cañas,Maria Paz,Independiente Unión Demócrata Independiente,1,"El Senado debe mantenerse como camara revisora del Congreso,",5,[INFERIDO POR LISTA: J. Chile Grande y Unido] Postura tomada del vector base de la coalicion sin desviacion. Data sintetica. NO es declaracion personal del candidato. Ver dataset/README.md.,https://es.wikipedia.org/wiki/Chile_Vamos
Santelices Cañas,Maria Paz,Independiente Unión Demócrata Independiente,2,El Senado debe endurecer el proceso de aprobacion de nombram,4,"[INFERIDO POR LISTA: J. Chile Grande y Unido] Base coalicion=3, candidato=4 (RUIDO +1 deterministico). Refleja variacion intra-partido no verificada. Data sintetica. NO es declaracion personal del candidato. Ver dataset/README.md.",https://es.wikipedia.org/wiki/Chile_Vamos
Santelices Cañas,Maria Paz,Independiente Unión Demócrata Independiente,3,El Senado debe aprobar por ley una limitacion a dos periodos,3,[INFERIDO POR LISTA: J. Chile Grande y Unido] Postura tomada del vector base de la coalicion sin desviacion. Data sintetica. NO es declaracion personal del candidato. Ver dataset/README.md.,https://es.wikipedia.org/wiki/Chile_Vamos
Santelices Cañas,Maria Paz,Independiente Unión Demócrata Independiente,4,Chile debe restaurar el quorum de dos tercios para reformas ,5,[INFERIDO POR LISTA: J. Chile Grande y Unido] Postura tomada del vector base de la coalicion sin desviacion. Data sintetica. NO es declaracion personal del candidato. Ver dataset/README.md.,https://es.wikipedia.org/wiki/Chile_Vamos
Santelices Cañas,Maria Paz,Independiente Unión Demócrata Independiente,5,El Senado debe reducirse de 50 a 43 escanos para racionaliza,2,[INFERIDO POR LISTA: J. Chile Grande y Unido] Postura tomada del vector base de la coalicion sin desviacion. Data sintetica. NO es declaracion personal del candidato. Ver dataset/README.md.,https://es.wikipedia.org/wiki/Chile_Vamos
Santelices Cañas,Maria Paz,Independiente Unión Demócrata Independiente,6,El Senado debe promover el retiro de Chile del Tratado Integ,2,[INFERIDO POR LISTA: J. Chile Grande y Unido] Postura tomada del vector base de la coalicion sin desviacion. Data sintetica. NO es declaracion personal del candidato. Ver dataset/README.md.,https://es.wikipedia.org/wiki/Chile_Vamos
Santelices Cañas,Maria Paz,Independiente Unión Demócrata Independiente,7,El Senado debe aprobar el reconocimiento formal del Estado d,2,[INFERIDO POR LISTA: J. Chile Grande y Unido] Postura tomada del vector base de la coalicion sin desviacion. Data sintetica. NO es declaracion personal del candidato. Ver dataset/README.md.,https://es.wikipedia.org/wiki/Chile_Vamos
Santelices Cañas,Maria Paz,Independiente Unión Demócrata Independiente,8,Chile debe mantenerse dentro del Tratado Interamericano de A,5,[INFERIDO POR LISTA: J. Chile Grande y Unido] Postura tomada del vector base de la coalicion sin desviacion. Data sintetica. NO es declaracion personal del candidato. Ver dataset/README.md.,https://es.wikipedia.org/wiki/Chile_Vamos
Santelices Cañas,Maria Paz,Independiente Unión Demócrata Independiente,9,El Senado debe aprobar la reforma previsional aumentando el ,2,[INFERIDO POR LISTA: J. Chile Grande y Unido] Postura tomada del vector base de la coalicion sin desviacion. Data sintetica. NO es declaracion personal del candidato. Ver dataset/README.md.,https://es.wikipedia.org/wiki/Chile_Vamos
Santelices Cañas,Maria Paz,Independiente Unión Demócrata Independiente,10,"El royalty minero al cobre debe aumentarse por sobre el 4,7%",2,[INFERIDO POR LISTA: J. Chile Grande y Unido] Postura tomada del vector base de la coalicion sin desviacion. Data sintetica. NO es declaracion personal del candidato. Ver dataset/README.md.,https://es.wikipedia.org/wiki/Chile_Vamos
Santelices Cañas,Maria Paz,Independiente Unión Demócrata Independiente,11,"El Senado debe aprobar el fin del sistema de isapres, migran",1,[INFERIDO POR PARTIDO: Independiente Unión Demócrata Independiente] Postura tomada del vector base de la coalicion sin desviacion. Data sintetica. NO es declaracion personal del candidato. Ver dataset/README.md.,https://es.wikipedia.org/wiki/Chile_Vamos
Santelices Cañas,Maria Paz,Independiente Unión Demócrata Independiente,12,El Senado debe aprobar el proyecto de eutanasia activa volun,1,[INFERIDO POR PARTIDO: Independiente Unión Demócrata Independiente] Postura tomada del vector base de la coalicion sin desviacion. Data sintetica. NO es declaracion personal del candidato. Ver dataset/README.md.,https://es.wikipedia.org/wiki/Chile_Vamos
Santelices Cañas,Maria Paz,Independiente Unión Demócrata Independiente,13,El Senado debe declarar por ley las zonas de sacrificio como,1,"[INFERIDO POR LISTA: J. Chile Grande y Unido] Base coalicion=2, candidato=1 (RUIDO -1 deterministico). Refleja variacion intra-partido no verificada. Data sintetica. NO es declaracion personal del candidato. Ver dataset/README.md.",https://es.wikipedia.org/wiki/Chile_Vamos
Santelices Cañas,Maria Paz,Independiente Unión Demócrata Independiente,15,El Senado debe incluir escanos reservados permanentes para r,1,[INFERIDO POR LISTA: J. Chile Grande y Unido] Postura tomada del vector base de la coalicion sin desviacion. Data sintetica. NO es declaracion personal del candidato. Ver dataset/README.md.,https://es.wikipedia.org/wiki/Chile_Vamos
Rey Martinez,Hugo,Renovación Nacional,1,"El Senado debe mantenerse como camara revisora del Congreso,",5,[INFERIDO POR LISTA: J. Chile Grande y Unido] Postura tomada del vector base de la coalicion sin desviacion. Data sintetica. NO es declaracion personal del candidato. Ver dataset/README.md.,https://es.wikipedia.org/wiki/Chile_Vamos
Rey Martinez,Hugo,Renovación Nacional,2,El Senado debe endurecer el proceso de aprobacion de nombram,2,"[INFERIDO POR LISTA: J. Chile Grande y Unido] Base coalicion=3, candidato=2 (RUIDO -1 deterministico). Refleja variacion intra-partido no verificada. Data sintetica. NO es declaracion personal del candidato. Ver dataset/README.md.",https://es.wikipedia.org/wiki/Chile_Vamos
Rey Martinez,Hugo,Renovación Nacional,3,El Senado debe aprobar por ley una limitacion a dos periodos,2,"[INFERIDO POR LISTA: J. Chile Grande y Unido] Base coalicion=3, candidato=2 (RUIDO -1 deterministico). Refleja variacion intra-partido no verificada. Data sintetica. NO es declaracion personal del candidato. Ver dataset/README.md.",https://es.wikipedia.org/wiki/Chile_Vamos
Rey Martinez,Hugo,Renovación Nacional,4,Chile debe restaurar el quorum de dos tercios para reformas ,5,[INFERIDO POR LISTA: J. Chile Grande y Unido] Postura tomada del vector base de la coalicion sin desviacion. Data sintetica. NO es declaracion personal del candidato. Ver dataset/README.md.,https://es.wikipedia.org/wiki/Chile_Vamos
Rey Martinez,Hugo,Renovación Nacional,5,El Senado debe reducirse de 50 a 43 escanos para racionaliza,1,"[INFERIDO POR LISTA: J. Chile Grande y Unido] Base coalicion=2, candidato=1 (RUIDO -1 deterministico). Refleja variacion intra-partido no verificada. Data sintetica. NO es declaracion personal del candidato. Ver dataset/README.md.",https://es.wikipedia.org/wiki/Chile_Vamos
Rey Martinez,Hugo,Renovación Nacional,6,El Senado debe promover el retiro de Chile del Tratado Integ,2,[INFERIDO POR LISTA: J. Chile Grande y Unido] Postura tomada del vector base de la coalicion sin desviacion. Data sintetica. NO es declaracion personal del candidato. Ver dataset/README.md.,https://es.wikipedia.org/wiki/Chile_Vamos
Rey Martinez,Hugo,Renovación Nacional,7,El Senado debe aprobar el reconocimiento formal del Estado d,2,[INFERIDO POR LISTA: J. Chile Grande y Unido] Postura tomada del vector base de la coalicion sin desviacion. Data sintetica. NO es declaracion personal del candidato. Ver dataset/README.md.,https://es.wikipedia.org/wiki/Chile_Vamos
Rey Martinez,Hugo,Renovación Nacional,8,Chile debe mantenerse dentro del Tratado Interamericano de A,5,[INFERIDO POR LISTA: J. Chile Grande y Unido] Postura tomada del vector base de la coalicion sin desviacion. Data sintetica. NO es declaracion personal del candidato. Ver dataset/README.md.,https://es.wikipedia.org/wiki/Chile_Vamos
Rey Martinez,Hugo,Renovación Nacional,9,El Senado debe aprobar la reforma previsional aumentando el ,2,[INFERIDO POR LISTA: J. Chile Grande y Unido] Postura tomada del vector base de la coalicion sin desviacion. Data sintetica. NO es declaracion personal del candidato. Ver dataset/README.md.,https://es.wikipedia.org/wiki/Chile_Vamos
Rey Martinez,Hugo,Renovación Nacional,10,"El royalty minero al cobre debe aumentarse por sobre el 4,7%",2,[INFERIDO POR LISTA: J. Chile Grande y Unido] Postura tomada del vector base de la coalicion sin desviacion. Data sintetica. NO es declaracion personal del candidato. Ver dataset/README.md.,https://es.wikipedia.org/wiki/Chile_Vamos
Rey Martinez,Hugo,Renovación Nacional,12,El Senado debe aprobar el proyecto de eutanasia activa volun,1,"[INFERIDO POR LISTA: J. Chile Grande y Unido] Base coalicion=2, candidato=1 (RUIDO -1 deterministico). Refleja variacion intra-partido no verificada. Data sintetica. NO es declaracion personal del candidato. Ver dataset/README.md.",https://es.wikipedia.org/wiki/Chile_Vamos
Rey Martinez,Hugo,Renovación Nacional,13,El Senado debe declarar por ley las zonas de sacrificio como,2,[INFERIDO POR LISTA: J. Chile Grande y Unido] Postura tomada del vector base de la coalicion sin desviacion. Data sintetica. NO es declaracion personal del candidato. Ver dataset/README.md.,https://es.wikipedia.org/wiki/Chile_Vamos
Rey Martinez,Hugo,Renovación Nacional,14,El Senado debe aprobar la modernizacion de la Ley Antiterror,5,[INFERIDO POR LISTA: J. Chile Grande y Unido] Postura tomada del vector base de la coalicion sin desviacion. Data sintetica. NO es declaracion personal del candidato. Ver dataset/README.md.,https://es.wikipedia.org/wiki/Chile_Vamos
Rey Martinez,Hugo,Renovación Nacional,15,El Senado debe incluir escanos reservados permanentes para r,1,[INFERIDO POR LISTA: J. Chile Grande y Unido] Postura tomada del vector base de la coalicion sin desviacion. Data sintetica. NO es declaracion personal del candidato. Ver dataset/README.md.,https://es.wikipedia.org/wiki/Chile_Vamos
Hoffmann Opazo,Maria Jose,Unión Demócrata Independiente,1,"El Senado debe mantenerse como camara revisora del Congreso,",5,[INFERIDO POR LISTA: J. Chile Grande y Unido] Postura tomada del vector base de la coalicion sin desviacion. Data sintetica. NO es declaracion personal del candidato. Ver dataset/README.md.,https://es.wikipedia.org/wiki/Chile_Vamos
Hoffmann Opazo,Maria Jose,Unión Demócrata Independiente,2,El Senado debe endurecer el proceso de aprobacion de nombram,3,[INFERIDO POR LISTA: J. Chile Grande y Unido] Postura tomada del vector base de la coalicion sin desviacion. Data sintetica. NO es declaracion personal del candidato. Ver dataset/README.md.,https://es.wikipedia.org/wiki/Chile_Vamos
Hoffmann Opazo,Maria Jose,Unión Demócrata Independiente,3,El Senado debe aprobar por ley una limitacion a dos periodos,3,[INFERIDO POR LISTA: J. Chile Grande y Unido] Postura tomada del vector base de la coalicion sin desviacion. Data sintetica. NO es declaracion personal del candidato. Ver dataset/README.md.,https://es.wikipedia.org/wiki/Chile_Vamos
Hoffmann Opazo,Maria Jose,Unión Demócrata Independiente,4,Chile debe restaurar el quorum de dos tercios para reformas ,5,[INFERIDO POR LISTA: J. Chile Grande y Unido] Postura tomada del vector base de la coalicion sin desviacion. Data sintetica. NO es declaracion personal del candidato. Ver dataset/README.md.,https://es.wikipedia.org/wiki/Chile_Vamos
Hoffmann Opazo,Maria Jose,Unión Demócrata Independiente,5,El Senado debe reducirse de 50 a 43 escanos para racionaliza,2,[INFERIDO POR LISTA: J. Chile Grande y Unido] Postura tomada del vector base de la coalicion sin desviacion. Data sintetica. NO es declaracion personal del candidato. Ver dataset/README.md.,https://es.wikipedia.org/wiki/Chile_Vamos
Hoffmann Opazo,Maria Jose,Unión Demócrata Independiente,6,El Senado debe promover el retiro de Chile del Tratado Integ,1,"[INFERIDO POR LISTA: J. Chile Grande y Unido] Base coalicion=2, candidato=1 (RUIDO -1 deterministico). Refleja variacion intra-partido no verificada. Data sintetica. NO es declaracion personal del candidato. Ver dataset/README.md.",https://es.wikipedia.org/wiki/Chile_Vamos
Hoffmann Opazo,Maria Jose,Unión Demócrata Independiente,7,El Senado debe aprobar el reconocimiento formal del Estado d,2,[INFERIDO POR LISTA: J. Chile Grande y Unido] Postura tomada del vector base de la coalicion sin desviacion. Data sintetica. NO es declaracion personal del candidato. Ver dataset/README.md.,https://es.wikipedia.org/wiki/Chile_Vamos
Hoffmann Opazo,Maria Jose,Unión Demócrata Independiente,8,Chile debe mantenerse dentro del Tratado Interamericano de A,5,[INFERIDO POR LISTA: J. Chile Grande y Unido] Postura tomada del vector base de la coalicion sin desviacion. Data sintetica. NO es declaracion personal del candidato. Ver dataset/README.md.,https://es.wikipedia.org/wiki/Chile_Vamos
Hoffmann Opazo,Maria Jose,Unión Demócrata Independiente,10,"El royalty minero al cobre debe aumentarse por sobre el 4,7%",1,"[INFERIDO POR LISTA: J. Chile Grande y Unido] Base coalicion=2, candidato=1 (RUIDO -1 deterministico). Refleja variacion intra-partido no verificada. Data sintetica. NO es declaracion personal del candidato. Ver dataset/README.md.",https://es.wikipedia.org/wiki/Chile_Vamos
Hoffmann Opazo,Maria Jose,Unión Demócrata Independiente,11,"El Senado debe aprobar el fin del sistema de isapres, migran",1,[INFERIDO POR PARTIDO: Unión Demócrata Independiente] Postura tomada del vector base de la coalicion sin desviacion. Data sintetica. NO es declaracion personal del candidato. Ver dataset/README.md.,https://es.wikipedia.org/wiki/Chile_Vamos
Hoffmann Opazo,Maria Jose,Unión Demócrata Independiente,12,El Senado debe aprobar el proyecto de eutanasia activa volun,1,[INFERIDO POR PARTIDO: Unión Demócrata Independiente] Postura tomada del vector base de la coalicion sin desviacion. Data sintetica. NO es declaracion personal del candidato. Ver dataset/README.md.,https://es.wikipedia.org/wiki/Chile_Vamos
Hoffmann Opazo,Maria Jose,Unión Demócrata Independiente,13,El Senado debe declarar por ley las zonas de sacrificio como,3,"[INFERIDO POR LISTA: J. Chile Grande y Unido] Base coalicion=2, candidato=3 (RUIDO +1 deterministico). Refleja variacion intra-partido no verificada. Data sintetica. NO es declaracion personal del candidato. Ver dataset/README.md.",https://es.wikipedia.org/wiki/Chile_Vamos
Hoffmann Opazo,Maria Jose,Unión Demócrata Independiente,14,El Senado debe aprobar la modernizacion de la Ley Antiterror,5,[INFERIDO POR LISTA: J. Chile Grande y Unido] Postura tomada del vector base de la coalicion sin desviacion. Data sintetica. NO es declaracion personal del candidato. Ver dataset/README.md.,https://es.wikipedia.org/wiki/Chile_Vamos
Hoffmann Opazo,Maria Jose,Unión Demócrata Independiente,15,El Senado debe incluir escanos reservados permanentes para r,1,[INFERIDO POR LISTA: J. Chile Grande y Unido] Postura tomada del vector base de la coalicion sin desviacion. Data sintetica. NO es declaracion personal del candidato. Ver dataset/README.md.,https://es.wikipedia.org/wiki/Chile_Vamos
Balladares Letelier,Andrea,Renovación Nacional,1,"El Senado debe mantenerse como camara revisora del Congreso,",5,[INFERIDO POR LISTA: J. Chile Grande y Unido] Postura tomada del vector base de la coalicion sin desviacion. Data sintetica. NO es declaracion personal del candidato. Ver dataset/README.md.,https://es.wikipedia.org/wiki/Chile_Vamos
Balladares Letelier,Andrea,Renovación Nacional,2,El Senado debe endurecer el proceso de aprobacion de nombram,3,[INFERIDO POR LISTA: J. Chile Grande y Unido] Postura tomada del vector base de la coalicion sin desviacion. Data sintetica. NO es declaracion personal del candidato. Ver dataset/README.md.,https://es.wikipedia.org/wiki/Chile_Vamos
Balladares Letelier,Andrea,Renovación Nacional,3,El Senado debe aprobar por ley una limitacion a dos periodos,3,[INFERIDO POR LISTA: J. Chile Grande y Unido] Postura tomada del vector base de la coalicion sin desviacion. Data sintetica. NO es declaracion personal del candidato. Ver dataset/README.md.,https://es.wikipedia.org/wiki/Chile_Vamos
Balladares Letelier,Andrea,Renovación Nacional,4,Chile debe restaurar el quorum de dos tercios para reformas ,5,[INFERIDO POR LISTA: J. Chile Grande y Unido] Postura tomada del vector base de la coalicion sin desviacion. Data sintetica. NO es declaracion personal del candidato. Ver dataset/README.md.,https://es.wikipedia.org/wiki/Chile_Vamos
Balladares Letelier,Andrea,Renovación Nacional,5,El Senado debe reducirse de 50 a 43 escanos para racionaliza,1,"[INFERIDO POR LISTA: J. Chile Grande y Unido] Base coalicion=2, candidato=1 (RUIDO -1 deterministico). Refleja variacion intra-partido no verificada. Data sintetica. NO es declaracion personal del candidato. Ver dataset/README.md.",https://es.wikipedia.org/wiki/Chile_Vamos
Balladares Letelier,Andrea,Renovación Nacional,6,El Senado debe promover el retiro de Chile del Tratado Integ,3,"[INFERIDO POR LISTA: J. Chile Grande y Unido] Base coalicion=2, candidato=3 (RUIDO +1 deterministico). Refleja variacion intra-partido no verificada. Data sintetica. NO es declaracion personal del candidato. Ver dataset/README.md.",https://es.wikipedia.org/wiki/Chile_Vamos
Balladares Letelier,Andrea,Renovación Nacional,7,El Senado debe aprobar el reconocimiento formal del Estado d,2,[INFERIDO POR LISTA: J. Chile Grande y Unido] Postura tomada del vector base de la coalicion sin desviacion. Data sintetica. NO es declaracion personal del candidato. Ver dataset/README.md.,https://es.wikipedia.org/wiki/Chile_Vamos
Balladares Letelier,Andrea,Renovación Nacional,9,El Senado debe aprobar la reforma previsional aumentando el ,2,[INFERIDO POR LISTA: J. Chile Grande y Unido] Postura tomada del vector base de la coalicion sin desviacion. Data sintetica. NO es declaracion personal del candidato. Ver dataset/README.md.,https://es.wikipedia.org/wiki/Chile_Vamos
Balladares Letelier,Andrea,Renovación Nacional,10,"El royalty minero al cobre debe aumentarse por sobre el 4,7%",2,[INFERIDO POR LISTA: J. Chile Grande y Unido] Postura tomada del vector base de la coalicion sin desviacion. Data sintetica. NO es declaracion personal del candidato. Ver dataset/README.md.,https://es.wikipedia.org/wiki/Chile_Vamos
Balladares Letelier,Andrea,Renovación Nacional,11,"El Senado debe aprobar el fin del sistema de isapres, migran",3,"[INFERIDO POR LISTA: J. Chile Grande y Unido] Base coalicion=2, candidato=3 (RUIDO +1 deterministico). Refleja variacion intra-partido no verificada. Data sintetica. NO es declaracion personal del candidato. Ver dataset/README.md.",https://es.wikipedia.org/wiki/Chile_Vamos
Balladares Letelier,Andrea,Renovación Nacional,12,El Senado debe aprobar el proyecto de eutanasia activa volun,3,"[INFERIDO POR LISTA: J. Chile Grande y Unido] Base coalicion=2, candidato=3 (RUIDO +1 deterministico). Refleja variacion intra-partido no verificada. Data sintetica. NO es declaracion personal del candidato. Ver dataset/README.md.",https://es.wikipedia.org/wiki/Chile_Vamos
Balladares Letelier,Andrea,Renovación Nacional,13,El Senado debe declarar por ley las zonas de sacrificio como,2,[INFERIDO POR LISTA: J. Chile Grande y Unido] Postura tomada del vector base de la coalicion sin desviacion. Data sintetica. NO es declaracion personal del candidato. Ver dataset/README.md.,https://es.wikipedia.org/wiki/Chile_Vamos
Balladares Letelier,Andrea,Renovación Nacional,14,El Senado debe aprobar la modernizacion de la Ley Antiterror,5,[INFERIDO POR LISTA: J. Chile Grande y Unido] Postura tomada del vector base de la coalicion sin desviacion. Data sintetica. NO es declaracion personal del candidato. Ver dataset/README.md.,https://es.wikipedia.org/wiki/Chile_Vamos
Balladares Letelier,Andrea,Renovación Nacional,15,El Senado debe incluir escanos reservados permanentes para r,1,[INFERIDO POR LISTA: J. Chile Grande y Unido] Postura tomada del vector base de la coalicion sin desviacion. Data sintetica. NO es declaracion personal del candidato. Ver dataset/README.md.,https://es.wikipedia.org/wiki/Chile_Vamos
Labra Besserer,Patricia,Independiente Unión Demócrata Independiente,1,"El Senado debe mantenerse como camara revisora del Congreso,",5,[INFERIDO POR LISTA: J. Chile Grande y Unido] Postura tomada del vector base de la coalicion sin desviacion. Data sintetica. NO es declaracion personal del candidato. Ver dataset/README.md.,https://es.wikipedia.org/wiki/Chile_Vamos
Labra Besserer,Patricia,Independiente Unión Demócrata Independiente,2,El Senado debe endurecer el proceso de aprobacion de nombram,3,[INFERIDO POR LISTA: J. Chile Grande y Unido] Postura tomada del vector base de la coalicion sin desviacion. Data sintetica. NO es declaracion personal del candidato. Ver dataset/README.md.,https://es.wikipedia.org/wiki/Chile_Vamos
Labra Besserer,Patricia,Independiente Unión Demócrata Independiente,3,El Senado debe aprobar por ley una limitacion a dos periodos,3,[INFERIDO POR LISTA: J. Chile Grande y Unido] Postura tomada del vector base de la coalicion sin desviacion. Data sintetica. NO es declaracion personal del candidato. Ver dataset/README.md.,https://es.wikipedia.org/wiki/Chile_Vamos
Labra Besserer,Patricia,Independiente Unión Demócrata Independiente,4,Chile debe restaurar el quorum de dos tercios para reformas ,5,[INFERIDO POR LISTA: J. Chile Grande y Unido] Postura tomada del vector base de la coalicion sin desviacion. Data sintetica. NO es declaracion personal del candidato. Ver dataset/README.md.,https://es.wikipedia.org/wiki/Chile_Vamos
Labra Besserer,Patricia,Independiente Unión Demócrata Independiente,5,El Senado debe reducirse de 50 a 43 escanos para racionaliza,2,[INFERIDO POR LISTA: J. Chile Grande y Unido] Postura tomada del vector base de la coalicion sin desviacion. Data sintetica. NO es declaracion personal del candidato. Ver dataset/README.md.,https://es.wikipedia.org/wiki/Chile_Vamos
Labra Besserer,Patricia,Independiente Unión Demócrata Independiente,6,El Senado debe promover el retiro de Chile del Tratado Integ,2,[INFERIDO POR LISTA: J. Chile Grande y Unido] Postura tomada del vector base de la coalicion sin desviacion. Data sintetica. NO es declaracion personal del candidato. Ver dataset/README.md.,https://es.wikipedia.org/wiki/Chile_Vamos
Labra Besserer,Patricia,Independiente Unión Demócrata Independiente,7,El Senado debe aprobar el reconocimiento formal del Estado d,2,[INFERIDO POR LISTA: J. Chile Grande y Unido] Postura tomada del vector base de la coalicion sin desviacion. Data sintetica. NO es declaracion personal del candidato. Ver dataset/README.md.,https://es.wikipedia.org/wiki/Chile_Vamos
Labra Besserer,Patricia,Independiente Unión Demócrata Independiente,8,Chile debe mantenerse dentro del Tratado Interamericano de A,5,[INFERIDO POR LISTA: J. Chile Grande y Unido] Postura tomada del vector base de la coalicion sin desviacion. Data sintetica. NO es declaracion personal del candidato. Ver dataset/README.md.,https://es.wikipedia.org/wiki/Chile_Vamos
Labra Besserer,Patricia,Independiente Unión Demócrata Independiente,9,El Senado debe aprobar la reforma previsional aumentando el ,2,[INFERIDO POR LISTA: J. Chile Grande y Unido] Postura tomada del vector base de la coalicion sin desviacion. Data sintetica. NO es declaracion personal del candidato. Ver dataset/README.md.,https://es.wikipedia.org/wiki/Chile_Vamos
Labra Besserer,Patricia,Independiente Unión Demócrata Independiente,10,"El royalty minero al cobre debe aumentarse por sobre el 4,7%",3,"[INFERIDO POR LISTA: J. Chile Grande y Unido] Base coalicion=2, candidato=3 (RUIDO +1 deterministico). Refleja variacion intra-partido no verificada. Data sintetica. NO es declaracion personal del candidato. Ver dataset/README.md.",https://es.wikipedia.org/wiki/Chile_Vamos
Labra Besserer,Patricia,Independiente Unión Demócrata Independiente,11,"El Senado debe aprobar el fin del sistema de isapres, migran",2,"[INFERIDO POR PARTIDO: Independiente Unión Demócrata Independiente] Base coalicion=1, candidato=2 (RUIDO +1 deterministico). Refleja variacion intra-partido no verificada. Data sintetica. NO es declaracion personal del candidato. Ver dataset/README.md.",https://es.wikipedia.org/wiki/Chile_Vamos
Labra Besserer,Patricia,Independiente Unión Demócrata Independiente,12,El Senado debe aprobar el proyecto de eutanasia activa volun,1,[INFERIDO POR PARTIDO: Independiente Unión Demócrata Independiente] Postura tomada del vector base de la coalicion sin desviacion. Data sintetica. NO es declaracion personal del candidato. Ver dataset/README.md.,https://es.wikipedia.org/wiki/Chile_Vamos
Labra Besserer,Patricia,Independiente Unión Demócrata Independiente,14,El Senado debe aprobar la modernizacion de la Ley Antiterror,4,"[INFERIDO POR LISTA: J. Chile Grande y Unido] Base coalicion=5, candidato=4 (RUIDO -1 deterministico). Refleja variacion intra-partido no verificada. Data sintetica. NO es declaracion personal del candidato. Ver dataset/README.md.",https://es.wikipedia.org/wiki/Chile_Vamos
Labra Besserer,Patricia,Independiente Unión Demócrata Independiente,15,El Senado debe incluir escanos reservados permanentes para r,1,[INFERIDO POR LISTA: J. Chile Grande y Unido] Postura tomada del vector base de la coalicion sin desviacion. Data sintetica. NO es declaracion personal del candidato. Ver dataset/README.md.,https://es.wikipedia.org/wiki/Chile_Vamos
Coloma Alamos,Juan Antonio,Unión Demócrata Independiente,1,"El Senado debe mantenerse como camara revisora del Congreso,",5,[INFERIDO POR LISTA: J. Chile Grande y Unido] Postura tomada del vector base de la coalicion sin desviacion. Data sintetica. NO es declaracion personal del candidato. Ver dataset/README.md.,https://es.wikipedia.org/wiki/Chile_Vamos
Coloma Alamos,Juan Antonio,Unión Demócrata Independiente,2,El Senado debe endurecer el proceso de aprobacion de nombram,3,[INFERIDO POR LISTA: J. Chile Grande y Unido] Postura tomada del vector base de la coalicion sin desviacion. Data sintetica. NO es declaracion personal del candidato. Ver dataset/README.md.,https://es.wikipedia.org/wiki/Chile_Vamos
Coloma Alamos,Juan Antonio,Unión Demócrata Independiente,4,Chile debe restaurar el quorum de dos tercios para reformas ,5,[INFERIDO POR LISTA: J. Chile Grande y Unido] Postura tomada del vector base de la coalicion sin desviacion. Data sintetica. NO es declaracion personal del candidato. Ver dataset/README.md.,https://es.wikipedia.org/wiki/Chile_Vamos
Coloma Alamos,Juan Antonio,Unión Demócrata Independiente,6,El Senado debe promover el retiro de Chile del Tratado Integ,2,[INFERIDO POR LISTA: J. Chile Grande y Unido] Postura tomada del vector base de la coalicion sin desviacion. Data sintetica. NO es declaracion personal del candidato. Ver dataset/README.md.,https://es.wikipedia.org/wiki/Chile_Vamos
Coloma Alamos,Juan Antonio,Unión Demócrata Independiente,8,Chile debe mantenerse dentro del Tratado Interamericano de A,5,[INFERIDO POR LISTA: J. Chile Grande y Unido] Postura tomada del vector base de la coalicion sin desviacion. Data sintetica. NO es declaracion personal del candidato. Ver dataset/README.md.,https://es.wikipedia.org/wiki/Chile_Vamos
Coloma Alamos,Juan Antonio,Unión Demócrata Independiente,9,El Senado debe aprobar la reforma previsional aumentando el ,2,[INFERIDO POR LISTA: J. Chile Grande y Unido] Postura tomada del vector base de la coalicion sin desviacion. Data sintetica. NO es declaracion personal del candidato. Ver dataset/README.md.,https://es.wikipedia.org/wiki/Chile_Vamos
Coloma Alamos,Juan Antonio,Unión Demócrata Independiente,10,"El royalty minero al cobre debe aumentarse por sobre el 4,7%",2,[INFERIDO POR LISTA: J. Chile Grande y Unido] Postura tomada del vector base de la coalicion sin desviacion. Data sintetica. NO es declaracion personal del candidato. Ver dataset/README.md.,https://es.wikipedia.org/wiki/Chile_Vamos
Coloma Alamos,Juan Antonio,Unión Demócrata Independiente,11,"El Senado debe aprobar el fin del sistema de isapres, migran",2,"[INFERIDO POR PARTIDO: Unión Demócrata Independiente] Base coalicion=1, candidato=2 (RUIDO +1 deterministico). Refleja variacion intra-partido no verificada. Data sintetica. NO es declaracion personal del candidato. Ver dataset/README.md.",https://es.wikipedia.org/wiki/Chile_Vamos
Coloma Alamos,Juan Antonio,Unión Demócrata Independiente,12,El Senado debe aprobar el proyecto de eutanasia activa volun,1,[INFERIDO POR PARTIDO: Unión Demócrata Independiente] Postura tomada del vector base de la coalicion sin desviacion. Data sintetica. NO es declaracion personal del candidato. Ver dataset/README.md.,https://es.wikipedia.org/wiki/Chile_Vamos
Coloma Alamos,Juan Antonio,Unión Demócrata Independiente,13,El Senado debe declarar por ley las zonas de sacrificio como,3,"[INFERIDO POR LISTA: J. Chile Grande y Unido] Base coalicion=2, candidato=3 (RUIDO +1 deterministico). Refleja variacion intra-partido no verificada. Data sintetica. NO es declaracion personal del candidato. Ver dataset/README.md.",https://es.wikipedia.org/wiki/Chile_Vamos
Coloma Alamos,Juan Antonio,Unión Demócrata Independiente,14,El Senado debe aprobar la modernizacion de la Ley Antiterror,5,[INFERIDO POR LISTA: J. Chile Grande y Unido] Postura tomada del vector base de la coalicion sin desviacion. Data sintetica. NO es declaracion personal del candidato. Ver dataset/README.md.,https://es.wikipedia.org/wiki/Chile_Vamos
Coloma Alamos,Juan Antonio,Unión Demócrata Independiente,15,El Senado debe incluir escanos reservados permanentes para r,2,"[INFERIDO POR LISTA: J. Chile Grande y Unido] Base coalicion=1, candidato=2 (RUIDO +1 deterministico). Refleja variacion intra-partido no verificada. Data sintetica. NO es declaracion personal del candidato. Ver dataset/README.md.",https://es.wikipedia.org/wiki/Chile_Vamos
Anabalon Jeldres,Manuel,Independiente Social Cristiano,1,"El Senado debe mantenerse como camara revisora del Congreso,",5,[INFERIDO POR LISTA: K. Cambio por Chile] Postura tomada del vector base de la coalicion sin desviacion. Data sintetica. NO es declaracion personal del candidato. Ver dataset/README.md.,https://es.wikipedia.org/wiki/Partido_Republicano_de_Chile
Anabalon Jeldres,Manuel,Independiente Social Cristiano,2,El Senado debe endurecer el proceso de aprobacion de nombram,3,[INFERIDO POR LISTA: K. Cambio por Chile] Postura tomada del vector base de la coalicion sin desviacion. Data sintetica. NO es declaracion personal del candidato. Ver dataset/README.md.,https://es.wikipedia.org/wiki/Partido_Republicano_de_Chile
Anabalon Jeldres,Manuel,Independiente Social Cristiano,3,El Senado debe aprobar por ley una limitacion a dos periodos,4,[INFERIDO POR LISTA: K. Cambio por Chile] Postura tomada del vector base de la coalicion sin desviacion. Data sintetica. NO es declaracion personal del candidato. Ver dataset/README.md.,https://es.wikipedia.org/wiki/Partido_Republicano_de_Chile
Anabalon Jeldres,Manuel,Independiente Social Cristiano,4,Chile debe restaurar el quorum de dos tercios para reformas ,5,[INFERIDO POR LISTA: K. Cambio por Chile] Postura tomada del vector base de la coalicion sin desviacion. Data sintetica. NO es declaracion personal del candidato. Ver dataset/README.md.,https://es.wikipedia.org/wiki/Partido_Republicano_de_Chile
Anabalon Jeldres,Manuel,Independiente Social Cristiano,5,El Senado debe reducirse de 50 a 43 escanos para racionaliza,4,[INFERIDO POR LISTA: K. Cambio por Chile] Postura tomada del vector base de la coalicion sin desviacion. Data sintetica. NO es declaracion personal del candidato. Ver dataset/README.md.,https://es.wikipedia.org/wiki/Partido_Republicano_de_Chile
Anabalon Jeldres,Manuel,Independiente Social Cristiano,6,El Senado debe promover el retiro de Chile del Tratado Integ,1,[INFERIDO POR LISTA: K. Cambio por Chile] Postura tomada del vector base de la coalicion sin desviacion. Data sintetica. NO es declaracion personal del candidato. Ver dataset/README.md.,https://es.wikipedia.org/wiki/Partido_Republicano_de_Chile
Anabalon Jeldres,Manuel,Independiente Social Cristiano,8,Chile debe mantenerse dentro del Tratado Interamericano de A,4,"[INFERIDO POR LISTA: K. Cambio por Chile] Base coalicion=5, candidato=4 (RUIDO -1 deterministico). Refleja variacion intra-partido no verificada. Data sintetica. NO es declaracion personal del candidato. Ver dataset/README.md.",https://es.wikipedia.org/wiki/Partido_Republicano_de_Chile
Anabalon Jeldres,Manuel,Independiente Social Cristiano,9,El Senado debe aprobar la reforma previsional aumentando el ,2,"[INFERIDO POR LISTA: K. Cambio por Chile] Base coalicion=1, candidato=2 (RUIDO +1 deterministico). Refleja variacion intra-partido no verificada. Data sintetica. NO es declaracion personal del candidato. Ver dataset/README.md.",https://es.wikipedia.org/wiki/Partido_Republicano_de_Chile
Anabalon Jeldres,Manuel,Independiente Social Cristiano,10,"El royalty minero al cobre debe aumentarse por sobre el 4,7%",1,[INFERIDO POR LISTA: K. Cambio por Chile] Postura tomada del vector base de la coalicion sin desviacion. Data sintetica. NO es declaracion personal del candidato. Ver dataset/README.md.,https://es.wikipedia.org/wiki/Partido_Republicano_de_Chile
Anabalon Jeldres,Manuel,Independiente Social Cristiano,11,"El Senado debe aprobar el fin del sistema de isapres, migran",1,[INFERIDO POR LISTA: K. Cambio por Chile] Postura tomada del vector base de la coalicion sin desviacion. Data sintetica. NO es declaracion personal del candidato. Ver dataset/README.md.,https://es.wikipedia.org/wiki/Partido_Republicano_de_Chile
Anabalon Jeldres,Manuel,Independiente Social Cristiano,13,El Senado debe declarar por ley las zonas de sacrificio como,2,"[INFERIDO POR LISTA: K. Cambio por Chile] Base coalicion=1, candidato=2 (RUIDO +1 deterministico). Refleja variacion intra-partido no verificada. Data sintetica. NO es declaracion personal del candidato. Ver dataset/README.md.",https://es.wikipedia.org/wiki/Partido_Republicano_de_Chile
Anabalon Jeldres,Manuel,Independiente Social Cristiano,14,El Senado debe aprobar la modernizacion de la Ley Antiterror,5,[INFERIDO POR LISTA: K. Cambio por Chile] Postura tomada del vector base de la coalicion sin desviacion. Data sintetica. NO es declaracion personal del candidato. Ver dataset/README.md.,https://es.wikipedia.org/wiki/Partido_Republicano_de_Chile
Anabalon Jeldres,Manuel,Independiente Social Cristiano,15,El Senado debe incluir escanos reservados permanentes para r,2,"[INFERIDO POR LISTA: K. Cambio por Chile] Base coalicion=1, candidato=2 (RUIDO +1 deterministico). Refleja variacion intra-partido no verificada. Data sintetica. NO es declaracion personal del candidato. Ver dataset/README.md.",https://es.wikipedia.org/wiki/Partido_Republicano_de_Chile
Oyarzun Eihhorst,Belen,Republicano de Chile,1,"El Senado debe mantenerse como camara revisora del Congreso,",5,[INFERIDO POR LISTA: K. Cambio por Chile] Postura tomada del vector base de la coalicion sin desviacion. Data sintetica. NO es declaracion personal del candidato. Ver dataset/README.md.,https://es.wikipedia.org/wiki/Partido_Republicano_de_Chile
Oyarzun Eihhorst,Belen,Republicano de Chile,2,El Senado debe endurecer el proceso de aprobacion de nombram,3,[INFERIDO POR LISTA: K. Cambio por Chile] Postura tomada del vector base de la coalicion sin desviacion. Data sintetica. NO es declaracion personal del candidato. Ver dataset/README.md.,https://es.wikipedia.org/wiki/Partido_Republicano_de_Chile
Oyarzun Eihhorst,Belen,Republicano de Chile,4,Chile debe restaurar el quorum de dos tercios para reformas ,5,[INFERIDO POR LISTA: K. Cambio por Chile] Postura tomada del vector base de la coalicion sin desviacion. Data sintetica. NO es declaracion personal del candidato. Ver dataset/README.md.,https://es.wikipedia.org/wiki/Partido_Republicano_de_Chile
Oyarzun Eihhorst,Belen,Republicano de Chile,5,El Senado debe reducirse de 50 a 43 escanos para racionaliza,5,"[INFERIDO POR LISTA: K. Cambio por Chile] Base coalicion=4, candidato=5 (RUIDO +1 deterministico). Refleja variacion intra-partido no verificada. Data sintetica. NO es declaracion personal del candidato. Ver dataset/README.md.",https://es.wikipedia.org/wiki/Partido_Republicano_de_Chile
Oyarzun Eihhorst,Belen,Republicano de Chile,6,El Senado debe promover el retiro de Chile del Tratado Integ,2,"[INFERIDO POR LISTA: K. Cambio por Chile] Base coalicion=1, candidato=2 (RUIDO +1 deterministico). Refleja variacion intra-partido no verificada. Data sintetica. NO es declaracion personal del candidato. Ver dataset/README.md.",https://es.wikipedia.org/wiki/Partido_Republicano_de_Chile
Oyarzun Eihhorst,Belen,Republicano de Chile,7,El Senado debe aprobar el reconocimiento formal del Estado d,2,"[INFERIDO POR LISTA: K. Cambio por Chile] Base coalicion=1, candidato=2 (RUIDO +1 deterministico). Refleja variacion intra-partido no verificada. Data sintetica. NO es declaracion personal del candidato. Ver dataset/README.md.",https://es.wikipedia.org/wiki/Partido_Republicano_de_Chile
Oyarzun Eihhorst,Belen,Republicano de Chile,8,Chile debe mantenerse dentro del Tratado Interamericano de A,5,[INFERIDO POR LISTA: K. Cambio por Chile] Postura tomada del vector base de la coalicion sin desviacion. Data sintetica. NO es declaracion personal del candidato. Ver dataset/README.md.,https://es.wikipedia.org/wiki/Partido_Republicano_de_Chile
Oyarzun Eihhorst,Belen,Republicano de Chile,10,"El royalty minero al cobre debe aumentarse por sobre el 4,7%",1,[INFERIDO POR LISTA: K. Cambio por Chile] Postura tomada del vector base de la coalicion sin desviacion. Data sintetica. NO es declaracion personal del candidato. Ver dataset/README.md.,https://es.wikipedia.org/wiki/Partido_Republicano_de_Chile
Oyarzun Eihhorst,Belen,Republicano de Chile,11,"El Senado debe aprobar el fin del sistema de isapres, migran",1,[INFERIDO POR LISTA: K. Cambio por Chile] Postura tomada del vector base de la coalicion sin desviacion. Data sintetica. NO es declaracion personal del candidato. Ver dataset/README.md.,https://es.wikipedia.org/wiki/Partido_Republicano_de_Chile
Oyarzun Eihhorst,Belen,Republicano de Chile,12,El Senado debe aprobar el proyecto de eutanasia activa volun,1,[INFERIDO POR LISTA: K. Cambio por Chile] Postura tomada del vector base de la coalicion sin desviacion. Data sintetica. NO es declaracion personal del candidato. Ver dataset/README.md.,https://es.wikipedia.org/wiki/Partido_Republicano_de_Chile
Oyarzun Eihhorst,Belen,Republicano de Chile,13,El Senado debe declarar por ley las zonas de sacrificio como,1,[INFERIDO POR LISTA: K. Cambio por Chile] Postura tomada del vector base de la coalicion sin desviacion. Data sintetica. NO es declaracion personal del candidato. Ver dataset/README.md.,https://es.wikipedia.org/wiki/Partido_Republicano_de_Chile
Oyarzun Eihhorst,Belen,Republicano de Chile,14,El Senado debe aprobar la modernizacion de la Ley Antiterror,5,[INFERIDO POR LISTA: K. Cambio por Chile] Postura tomada del vector base de la coalicion sin desviacion. Data sintetica. NO es declaracion personal del candidato. Ver dataset/README.md.,https://es.wikipedia.org/wiki/Partido_Republicano_de_Chile
Oyarzun Eihhorst,Belen,Republicano de Chile,15,El Senado debe incluir escanos reservados permanentes para r,1,[INFERIDO POR LISTA: K. Cambio por Chile] Postura tomada del vector base de la coalicion sin desviacion. Data sintetica. NO es declaracion personal del candidato. Ver dataset/README.md.,https://es.wikipedia.org/wiki/Partido_Republicano_de_Chile
Henriquez Raglianti,Felipe,Independiente Nacional Libertario,1,"El Senado debe mantenerse como camara revisora del Congreso,",5,[INFERIDO POR LISTA: K. Cambio por Chile] Postura tomada del vector base de la coalicion sin desviacion. Data sintetica. NO es declaracion personal del candidato. Ver dataset/README.md.,https://es.wikipedia.org/wiki/Partido_Republicano_de_Chile
Henriquez Raglianti,Felipe,Independiente Nacional Libertario,2,El Senado debe endurecer el proceso de aprobacion de nombram,3,[INFERIDO POR LISTA: K. Cambio por Chile] Postura tomada del vector base de la coalicion sin desviacion. Data sintetica. NO es declaracion personal del candidato. Ver dataset/README.md.,https://es.wikipedia.org/wiki/Partido_Republicano_de_Chile
Henriquez Raglianti,Felipe,Independiente Nacional Libertario,3,El Senado debe aprobar por ley una limitacion a dos periodos,5,"[INFERIDO POR LISTA: K. Cambio por Chile] Base coalicion=4, candidato=5 (RUIDO +1 deterministico). Refleja variacion intra-partido no verificada. Data sintetica. NO es declaracion personal del candidato. Ver dataset/README.md.",https://es.wikipedia.org/wiki/Partido_Republicano_de_Chile
Henriquez Raglianti,Felipe,Independiente Nacional Libertario,4,Chile debe restaurar el quorum de dos tercios para reformas ,5,[INFERIDO POR LISTA: K. Cambio por Chile] Postura tomada del vector base de la coalicion sin desviacion. Data sintetica. NO es declaracion personal del candidato. Ver dataset/README.md.,https://es.wikipedia.org/wiki/Partido_Republicano_de_Chile
Henriquez Raglianti,Felipe,Independiente Nacional Libertario,5,El Senado debe reducirse de 50 a 43 escanos para racionaliza,4,[INFERIDO POR LISTA: K. Cambio por Chile] Postura tomada del vector base de la coalicion sin desviacion. Data sintetica. NO es declaracion personal del candidato. Ver dataset/README.md.,https://es.wikipedia.org/wiki/Partido_Republicano_de_Chile
Henriquez Raglianti,Felipe,Independiente Nacional Libertario,6,El Senado debe promover el retiro de Chile del Tratado Integ,1,[INFERIDO POR LISTA: K. Cambio por Chile] Postura tomada del vector base de la coalicion sin desviacion. Data sintetica. NO es declaracion personal del candidato. Ver dataset/README.md.,https://es.wikipedia.org/wiki/Partido_Republicano_de_Chile
Henriquez Raglianti,Felipe,Independiente Nacional Libertario,7,El Senado debe aprobar el reconocimiento formal del Estado d,2,"[INFERIDO POR LISTA: K. Cambio por Chile] Base coalicion=1, candidato=2 (RUIDO +1 deterministico). Refleja variacion intra-partido no verificada. Data sintetica. NO es declaracion personal del candidato. Ver dataset/README.md.",https://es.wikipedia.org/wiki/Partido_Republicano_de_Chile
Henriquez Raglianti,Felipe,Independiente Nacional Libertario,8,Chile debe mantenerse dentro del Tratado Interamericano de A,5,[INFERIDO POR LISTA: K. Cambio por Chile] Postura tomada del vector base de la coalicion sin desviacion. Data sintetica. NO es declaracion personal del candidato. Ver dataset/README.md.,https://es.wikipedia.org/wiki/Partido_Republicano_de_Chile
Henriquez Raglianti,Felipe,Independiente Nacional Libertario,10,"El royalty minero al cobre debe aumentarse por sobre el 4,7%",1,[INFERIDO POR LISTA: K. Cambio por Chile] Postura tomada del vector base de la coalicion sin desviacion. Data sintetica. NO es declaracion personal del candidato. Ver dataset/README.md.,https://es.wikipedia.org/wiki/Partido_Republicano_de_Chile
Henriquez Raglianti,Felipe,Independiente Nacional Libertario,11,"El Senado debe aprobar el fin del sistema de isapres, migran",2,"[INFERIDO POR LISTA: K. Cambio por Chile] Base coalicion=1, candidato=2 (RUIDO +1 deterministico). Refleja variacion intra-partido no verificada. Data sintetica. NO es declaracion personal del candidato. Ver dataset/README.md.",https://es.wikipedia.org/wiki/Partido_Republicano_de_Chile
Henriquez Raglianti,Felipe,Independiente Nacional Libertario,12,El Senado debe aprobar el proyecto de eutanasia activa volun,1,[INFERIDO POR LISTA: K. Cambio por Chile] Postura tomada del vector base de la coalicion sin desviacion. Data sintetica. NO es declaracion personal del candidato. Ver dataset/README.md.,https://es.wikipedia.org/wiki/Partido_Republicano_de_Chile
Henriquez Raglianti,Felipe,Independiente Nacional Libertario,13,El Senado debe declarar por ley las zonas de sacrificio como,2,"[INFERIDO POR LISTA: K. Cambio por Chile] Base coalicion=1, candidato=2 (RUIDO +1 deterministico). Refleja variacion intra-partido no verificada. Data sintetica. NO es declaracion personal del candidato. Ver dataset/README.md.",https://es.wikipedia.org/wiki/Partido_Republicano_de_Chile
Henriquez Raglianti,Felipe,Independiente Nacional Libertario,14,El Senado debe aprobar la modernizacion de la Ley Antiterror,4,"[INFERIDO POR LISTA: K. Cambio por Chile] Base coalicion=5, candidato=4 (RUIDO -1 deterministico). Refleja variacion intra-partido no verificada. Data sintetica. NO es declaracion personal del candidato. Ver dataset/README.md.",https://es.wikipedia.org/wiki/Partido_Republicano_de_Chile
Cid Versalovic,Sofia,Republicano de Chile,1,"El Senado debe mantenerse como camara revisora del Congreso,",5,[INFERIDO POR LISTA: K. Cambio por Chile] Postura tomada del vector base de la coalicion sin desviacion. Data sintetica. NO es declaracion personal del candidato. Ver dataset/README.md.,https://es.wikipedia.org/wiki/Partido_Republicano_de_Chile
Cid Versalovic,Sofia,Republicano de Chile,2,El Senado debe endurecer el proceso de aprobacion de nombram,3,[INFERIDO POR LISTA: K. Cambio por Chile] Postura tomada del vector base de la coalicion sin desviacion. Data sintetica. NO es declaracion personal del candidato. Ver dataset/README.md.,https://es.wikipedia.org/wiki/Partido_Republicano_de_Chile
Cid Versalovic,Sofia,Republicano de Chile,3,El Senado debe aprobar por ley una limitacion a dos periodos,4,[INFERIDO POR LISTA: K. Cambio por Chile] Postura tomada del vector base de la coalicion sin desviacion. Data sintetica. NO es declaracion personal del candidato. Ver dataset/README.md.,https://es.wikipedia.org/wiki/Partido_Republicano_de_Chile
Cid Versalovic,Sofia,Republicano de Chile,4,Chile debe restaurar el quorum de dos tercios para reformas ,5,[INFERIDO POR LISTA: K. Cambio por Chile] Postura tomada del vector base de la coalicion sin desviacion. Data sintetica. NO es declaracion personal del candidato. Ver dataset/README.md.,https://es.wikipedia.org/wiki/Partido_Republicano_de_Chile
Cid Versalovic,Sofia,Republicano de Chile,5,El Senado debe reducirse de 50 a 43 escanos para racionaliza,4,[INFERIDO POR LISTA: K. Cambio por Chile] Postura tomada del vector base de la coalicion sin desviacion. Data sintetica. NO es declaracion personal del candidato. Ver dataset/README.md.,https://es.wikipedia.org/wiki/Partido_Republicano_de_Chile
Cid Versalovic,Sofia,Republicano de Chile,6,El Senado debe promover el retiro de Chile del Tratado Integ,1,[INFERIDO POR LISTA: K. Cambio por Chile] Postura tomada del vector base de la coalicion sin desviacion. Data sintetica. NO es declaracion personal del candidato. Ver dataset/README.md.,https://es.wikipedia.org/wiki/Partido_Republicano_de_Chile
Cid Versalovic,Sofia,Republicano de Chile,7,El Senado debe aprobar el reconocimiento formal del Estado d,1,[INFERIDO POR LISTA: K. Cambio por Chile] Postura tomada del vector base de la coalicion sin desviacion. Data sintetica. NO es declaracion personal del candidato. Ver dataset/README.md.,https://es.wikipedia.org/wiki/Partido_Republicano_de_Chile
Cid Versalovic,Sofia,Republicano de Chile,8,Chile debe mantenerse dentro del Tratado Interamericano de A,5,[INFERIDO POR LISTA: K. Cambio por Chile] Postura tomada del vector base de la coalicion sin desviacion. Data sintetica. NO es declaracion personal del candidato. Ver dataset/README.md.,https://es.wikipedia.org/wiki/Partido_Republicano_de_Chile
Cid Versalovic,Sofia,Republicano de Chile,9,El Senado debe aprobar la reforma previsional aumentando el ,1,[INFERIDO POR LISTA: K. Cambio por Chile] Postura tomada del vector base de la coalicion sin desviacion. Data sintetica. NO es declaracion personal del candidato. Ver dataset/README.md.,https://es.wikipedia.org/wiki/Partido_Republicano_de_Chile
Cid Versalovic,Sofia,Republicano de Chile,10,"El royalty minero al cobre debe aumentarse por sobre el 4,7%",1,[INFERIDO POR LISTA: K. Cambio por Chile] Postura tomada del vector base de la coalicion sin desviacion. Data sintetica. NO es declaracion personal del candidato. Ver dataset/README.md.,https://es.wikipedia.org/wiki/Partido_Republicano_de_Chile
Cid Versalovic,Sofia,Republicano de Chile,11,"El Senado debe aprobar el fin del sistema de isapres, migran",1,[INFERIDO POR LISTA: K. Cambio por Chile] Postura tomada del vector base de la coalicion sin desviacion. Data sintetica. NO es declaracion personal del candidato. Ver dataset/README.md.,https://es.wikipedia.org/wiki/Partido_Republicano_de_Chile
Cid Versalovic,Sofia,Republicano de Chile,12,El Senado debe aprobar el proyecto de eutanasia activa volun,1,[INFERIDO POR LISTA: K. Cambio por Chile] Postura tomada del vector base de la coalicion sin desviacion. Data sintetica. NO es declaracion personal del candidato. Ver dataset/README.md.,https://es.wikipedia.org/wiki/Partido_Republicano_de_Chile
Cid Versalovic,Sofia,Republicano de Chile,13,El Senado debe declarar por ley las zonas de sacrificio como,2,"[INFERIDO POR LISTA: K. Cambio por Chile] Base coalicion=1, candidato=2 (RUIDO +1 deterministico). Refleja variacion intra-partido no verificada. Data sintetica. NO es declaracion personal del candidato. Ver dataset/README.md.",https://es.wikipedia.org/wiki/Partido_Republicano_de_Chile
Cid Versalovic,Sofia,Republicano de Chile,14,El Senado debe aprobar la modernizacion de la Ley Antiterror,5,[INFERIDO POR LISTA: K. Cambio por Chile] Postura tomada del vector base de la coalicion sin desviacion. Data sintetica. NO es declaracion personal del candidato. Ver dataset/README.md.,https://es.wikipedia.org/wiki/Partido_Republicano_de_Chile
Carabantes Ahumada,Ulises,Republicano de Chile,1,"El Senado debe mantenerse como camara revisora del Congreso,",5,[INFERIDO POR LISTA: K. Cambio por Chile] Postura tomada del vector base de la coalicion sin desviacion. Data sintetica. NO es declaracion personal del candidato. Ver dataset/README.md.,https://es.wikipedia.org/wiki/Partido_Republicano_de_Chile
Carabantes Ahumada,Ulises,Republicano de Chile,2,El Senado debe endurecer el proceso de aprobacion de nombram,3,[INFERIDO POR LISTA: K. Cambio por Chile] Postura tomada del vector base de la coalicion sin desviacion. Data sintetica. NO es declaracion personal del candidato. Ver dataset/README.md.,https://es.wikipedia.org/wiki/Partido_Republicano_de_Chile
Carabantes Ahumada,Ulises,Republicano de Chile,3,El Senado debe aprobar por ley una limitacion a dos periodos,4,[INFERIDO POR LISTA: K. Cambio por Chile] Postura tomada del vector base de la coalicion sin desviacion. Data sintetica. NO es declaracion personal del candidato. Ver dataset/README.md.,https://es.wikipedia.org/wiki/Partido_Republicano_de_Chile
Carabantes Ahumada,Ulises,Republicano de Chile,4,Chile debe restaurar el quorum de dos tercios para reformas ,4,"[INFERIDO POR LISTA: K. Cambio por Chile] Base coalicion=5, candidato=4 (RUIDO -1 deterministico). Refleja variacion intra-partido no verificada. Data sintetica. NO es declaracion personal del candidato. Ver dataset/README.md.",https://es.wikipedia.org/wiki/Partido_Republicano_de_Chile
Carabantes Ahumada,Ulises,Republicano de Chile,6,El Senado debe promover el retiro de Chile del Tratado Integ,2,"[INFERIDO POR LISTA: K. Cambio por Chile] Base coalicion=1, candidato=2 (RUIDO +1 deterministico). Refleja variacion intra-partido no verificada. Data sintetica. NO es declaracion personal del candidato. Ver dataset/README.md.",https://es.wikipedia.org/wiki/Partido_Republicano_de_Chile
Carabantes Ahumada,Ulises,Republicano de Chile,7,El Senado debe aprobar el reconocimiento formal del Estado d,2,"[INFERIDO POR LISTA: K. Cambio por Chile] Base coalicion=1, candidato=2 (RUIDO +1 deterministico). Refleja variacion intra-partido no verificada. Data sintetica. NO es declaracion personal del candidato. Ver dataset/README.md.",https://es.wikipedia.org/wiki/Partido_Republicano_de_Chile
Carabantes Ahumada,Ulises,Republicano de Chile,8,Chile debe mantenerse dentro del Tratado Interamericano de A,5,[INFERIDO POR LISTA: K. Cambio por Chile] Postura tomada del vector base de la coalicion sin desviacion. Data sintetica. NO es declaracion personal del candidato. Ver dataset/README.md.,https://es.wikipedia.org/wiki/Partido_Republicano_de_Chile
Carabantes Ahumada,Ulises,Republicano de Chile,9,El Senado debe aprobar la reforma previsional aumentando el ,1,[INFERIDO POR LISTA: K. Cambio por Chile] Postura tomada del vector base de la coalicion sin desviacion. Data sintetica. NO es declaracion personal del candidato. Ver dataset/README.md.,https://es.wikipedia.org/wiki/Partido_Republicano_de_Chile
Carabantes Ahumada,Ulises,Republicano de Chile,10,"El royalty minero al cobre debe aumentarse por sobre el 4,7%",1,[INFERIDO POR LISTA: K. Cambio por Chile] Postura tomada del vector base de la coalicion sin desviacion. Data sintetica. NO es declaracion personal del candidato. Ver dataset/README.md.,https://es.wikipedia.org/wiki/Partido_Republicano_de_Chile
Carabantes Ahumada,Ulises,Republicano de Chile,12,El Senado debe aprobar el proyecto de eutanasia activa volun,1,[INFERIDO POR LISTA: K. Cambio por Chile] Postura tomada del vector base de la coalicion sin desviacion. Data sintetica. NO es declaracion personal del candidato. Ver dataset/README.md.,https://es.wikipedia.org/wiki/Partido_Republicano_de_Chile
Carabantes Ahumada,Ulises,Republicano de Chile,13,El Senado debe declarar por ley las zonas de sacrificio como,1,[INFERIDO POR LISTA: K. Cambio por Chile] Postura tomada del vector base de la coalicion sin desviacion. Data sintetica. NO es declaracion personal del candidato. Ver dataset/README.md.,https://es.wikipedia.org/wiki/Partido_Republicano_de_Chile
Carabantes Ahumada,Ulises,Republicano de Chile,14,El Senado debe aprobar la modernizacion de la Ley Antiterror,5,[INFERIDO POR LISTA: K. Cambio por Chile] Postura tomada del vector base de la coalicion sin desviacion. Data sintetica. NO es declaracion personal del candidato. Ver dataset/README.md.,https://es.wikipedia.org/wiki/Partido_Republicano_de_Chile
Carabantes Ahumada,Ulises,Republicano de Chile,15,El Senado debe incluir escanos reservados permanentes para r,1,[INFERIDO POR LISTA: K. Cambio por Chile] Postura tomada del vector base de la coalicion sin desviacion. Data sintetica. NO es declaracion personal del candidato. Ver dataset/README.md.,https://es.wikipedia.org/wiki/Partido_Republicano_de_Chile
Canto Urrelo,Milka Del,Independiente Social Cristiano,1,"El Senado debe mantenerse como camara revisora del Congreso,",4,"[INFERIDO POR LISTA: K. Cambio por Chile] Base coalicion=5, candidato=4 (RUIDO -1 deterministico). Refleja variacion intra-partido no verificada. Data sintetica. NO es declaracion personal del candidato. Ver dataset/README.md.",https://es.wikipedia.org/wiki/Partido_Republicano_de_Chile
Canto Urrelo,Milka Del,Independiente Social Cristiano,2,El Senado debe endurecer el proceso de aprobacion de nombram,3,[INFERIDO POR LISTA: K. Cambio por Chile] Postura tomada del vector base de la coalicion sin desviacion. Data sintetica. NO es declaracion personal del candidato. Ver dataset/README.md.,https://es.wikipedia.org/wiki/Partido_Republicano_de_Chile
Canto Urrelo,Milka Del,Independiente Social Cristiano,3,El Senado debe aprobar por ley una limitacion a dos periodos,4,[INFERIDO POR LISTA: K. Cambio por Chile] Postura tomada del vector base de la coalicion sin desviacion. Data sintetica. NO es declaracion personal del candidato. Ver dataset/README.md.,https://es.wikipedia.org/wiki/Partido_Republicano_de_Chile
Canto Urrelo,Milka Del,Independiente Social Cristiano,4,Chile debe restaurar el quorum de dos tercios para reformas ,5,[INFERIDO POR LISTA: K. Cambio por Chile] Postura tomada del vector base de la coalicion sin desviacion. Data sintetica. NO es declaracion personal del candidato. Ver dataset/README.md.,https://es.wikipedia.org/wiki/Partido_Republicano_de_Chile
Canto Urrelo,Milka Del,Independiente Social Cristiano,5,El Senado debe reducirse de 50 a 43 escanos para racionaliza,4,[INFERIDO POR LISTA: K. Cambio por Chile] Postura tomada del vector base de la coalicion sin desviacion. Data sintetica. NO es declaracion personal del candidato. Ver dataset/README.md.,https://es.wikipedia.org/wiki/Partido_Republicano_de_Chile
Canto Urrelo,Milka Del,Independiente Social Cristiano,6,El Senado debe promover el retiro de Chile del Tratado Integ,2,"[INFERIDO POR LISTA: K. Cambio por Chile] Base coalicion=1, candidato=2 (RUIDO +1 deterministico). Refleja variacion intra-partido no verificada. Data sintetica. NO es declaracion personal del candidato. Ver dataset/README.md.",https://es.wikipedia.org/wiki/Partido_Republicano_de_Chile
Canto Urrelo,Milka Del,Independiente Social Cristiano,8,Chile debe mantenerse dentro del Tratado Interamericano de A,5,[INFERIDO POR LISTA: K. Cambio por Chile] Postura tomada del vector base de la coalicion sin desviacion. Data sintetica. NO es declaracion personal del candidato. Ver dataset/README.md.,https://es.wikipedia.org/wiki/Partido_Republicano_de_Chile
Canto Urrelo,Milka Del,Independiente Social Cristiano,9,El Senado debe aprobar la reforma previsional aumentando el ,1,[INFERIDO POR LISTA: K. Cambio por Chile] Postura tomada del vector base de la coalicion sin desviacion. Data sintetica. NO es declaracion personal del candidato. Ver dataset/README.md.,https://es.wikipedia.org/wiki/Partido_Republicano_de_Chile
Canto Urrelo,Milka Del,Independiente Social Cristiano,10,"El royalty minero al cobre debe aumentarse por sobre el 4,7%",1,[INFERIDO POR LISTA: K. Cambio por Chile] Postura tomada del vector base de la coalicion sin desviacion. Data sintetica. NO es declaracion personal del candidato. Ver dataset/README.md.,https://es.wikipedia.org/wiki/Partido_Republicano_de_Chile
Canto Urrelo,Milka Del,Independiente Social Cristiano,12,El Senado debe aprobar el proyecto de eutanasia activa volun,1,[INFERIDO POR LISTA: K. Cambio por Chile] Postura tomada del vector base de la coalicion sin desviacion. Data sintetica. NO es declaracion personal del candidato. Ver dataset/README.md.,https://es.wikipedia.org/wiki/Partido_Republicano_de_Chile
Canto Urrelo,Milka Del,Independiente Social Cristiano,13,El Senado debe declarar por ley las zonas de sacrificio como,1,[INFERIDO POR LISTA: K. Cambio por Chile] Postura tomada del vector base de la coalicion sin desviacion. Data sintetica. NO es declaracion personal del candidato. Ver dataset/README.md.,https://es.wikipedia.org/wiki/Partido_Republicano_de_Chile
Canto Urrelo,Milka Del,Independiente Social Cristiano,15,El Senado debe incluir escanos reservados permanentes para r,1,[INFERIDO POR LISTA: K. Cambio por Chile] Postura tomada del vector base de la coalicion sin desviacion. Data sintetica. NO es declaracion personal del candidato. Ver dataset/README.md.,https://es.wikipedia.org/wiki/Partido_Republicano_de_Chile
Trisotti Martinez,Renzo,Republicano de Chile,1,"El Senado debe mantenerse como camara revisora del Congreso,",5,[INFERIDO POR LISTA: K. Cambio por Chile] Postura tomada del vector base de la coalicion sin desviacion. Data sintetica. NO es declaracion personal del candidato. Ver dataset/README.md.,https://es.wikipedia.org/wiki/Partido_Republicano_de_Chile
Trisotti Martinez,Renzo,Republicano de Chile,2,El Senado debe endurecer el proceso de aprobacion de nombram,3,[INFERIDO POR LISTA: K. Cambio por Chile] Postura tomada del vector base de la coalicion sin desviacion. Data sintetica. NO es declaracion personal del candidato. Ver dataset/README.md.,https://es.wikipedia.org/wiki/Partido_Republicano_de_Chile
Trisotti Martinez,Renzo,Republicano de Chile,3,El Senado debe aprobar por ley una limitacion a dos periodos,5,"[INFERIDO POR LISTA: K. Cambio por Chile] Base coalicion=4, candidato=5 (RUIDO +1 deterministico). Refleja variacion intra-partido no verificada. Data sintetica. NO es declaracion personal del candidato. Ver dataset/README.md.",https://es.wikipedia.org/wiki/Partido_Republicano_de_Chile
Trisotti Martinez,Renzo,Republicano de Chile,4,Chile debe restaurar el quorum de dos tercios para reformas ,5,[INFERIDO POR LISTA: K. Cambio por Chile] Postura tomada del vector base de la coalicion sin desviacion. Data sintetica. NO es declaracion personal del candidato. Ver dataset/README.md.,https://es.wikipedia.org/wiki/Partido_Republicano_de_Chile
Trisotti Martinez,Renzo,Republicano de Chile,6,El Senado debe promover el retiro de Chile del Tratado Integ,1,[INFERIDO POR LISTA: K. Cambio por Chile] Postura tomada del vector base de la coalicion sin desviacion. Data sintetica. NO es declaracion personal del candidato. Ver dataset/README.md.,https://es.wikipedia.org/wiki/Partido_Republicano_de_Chile
Trisotti Martinez,Renzo,Republicano de Chile,7,El Senado debe aprobar el reconocimiento formal del Estado d,1,[INFERIDO POR LISTA: K. Cambio por Chile] Postura tomada del vector base de la coalicion sin desviacion. Data sintetica. NO es declaracion personal del candidato. Ver dataset/README.md.,https://es.wikipedia.org/wiki/Partido_Republicano_de_Chile
Trisotti Martinez,Renzo,Republicano de Chile,8,Chile debe mantenerse dentro del Tratado Interamericano de A,5,[INFERIDO POR LISTA: K. Cambio por Chile] Postura tomada del vector base de la coalicion sin desviacion. Data sintetica. NO es declaracion personal del candidato. Ver dataset/README.md.,https://es.wikipedia.org/wiki/Partido_Republicano_de_Chile
Trisotti Martinez,Renzo,Republicano de Chile,9,El Senado debe aprobar la reforma previsional aumentando el ,1,[INFERIDO POR LISTA: K. Cambio por Chile] Postura tomada del vector base de la coalicion sin desviacion. Data sintetica. NO es declaracion personal del candidato. Ver dataset/README.md.,https://es.wikipedia.org/wiki/Partido_Republicano_de_Chile
Trisotti Martinez,Renzo,Republicano de Chile,10,"El royalty minero al cobre debe aumentarse por sobre el 4,7%",2,"[INFERIDO POR LISTA: K. Cambio por Chile] Base coalicion=1, candidato=2 (RUIDO +1 deterministico). Refleja variacion intra-partido no verificada. Data sintetica. NO es declaracion personal del candidato. Ver dataset/README.md.",https://es.wikipedia.org/wiki/Partido_Republicano_de_Chile
Trisotti Martinez,Renzo,Republicano de Chile,11,"El Senado debe aprobar el fin del sistema de isapres, migran",1,[INFERIDO POR LISTA: K. Cambio por Chile] Postura tomada del vector base de la coalicion sin desviacion. Data sintetica. NO es declaracion personal del candidato. Ver dataset/README.md.,https://es.wikipedia.org/wiki/Partido_Republicano_de_Chile
Trisotti Martinez,Renzo,Republicano de Chile,12,El Senado debe aprobar el proyecto de eutanasia activa volun,1,[INFERIDO POR LISTA: K. Cambio por Chile] Postura tomada del vector base de la coalicion sin desviacion. Data sintetica. NO es declaracion personal del candidato. Ver dataset/README.md.,https://es.wikipedia.org/wiki/Partido_Republicano_de_Chile
Trisotti Martinez,Renzo,Republicano de Chile,13,El Senado debe declarar por ley las zonas de sacrificio como,1,[INFERIDO POR LISTA: K. Cambio por Chile] Postura tomada del vector base de la coalicion sin desviacion. Data sintetica. NO es declaracion personal del candidato. Ver dataset/README.md.,https://es.wikipedia.org/wiki/Partido_Republicano_de_Chile
Trisotti Martinez,Renzo,Republicano de Chile,14,El Senado debe aprobar la modernizacion de la Ley Antiterror,5,[INFERIDO POR LISTA: K. Cambio por Chile] Postura tomada del vector base de la coalicion sin desviacion. Data sintetica. NO es declaracion personal del candidato. Ver dataset/README.md.,https://es.wikipedia.org/wiki/Partido_Republicano_de_Chile
Trisotti Martinez,Renzo,Republicano de Chile,15,El Senado debe incluir escanos reservados permanentes para r,1,[INFERIDO POR LISTA: K. Cambio por Chile] Postura tomada del vector base de la coalicion sin desviacion. Data sintetica. NO es declaracion personal del candidato. Ver dataset/README.md.,https://es.wikipedia.org/wiki/Partido_Republicano_de_Chile
Mamani Lovera,Irene,Nacional Libertario,1,"El Senado debe mantenerse como camara revisora del Congreso,",5,[INFERIDO POR LISTA: K. Cambio por Chile] Postura tomada del vector base de la coalicion sin desviacion. Data sintetica. NO es declaracion personal del candidato. Ver dataset/README.md.,https://es.wikipedia.org/wiki/Partido_Republicano_de_Chile
Mamani Lovera,Irene,Nacional Libertario,2,El Senado debe endurecer el proceso de aprobacion de nombram,3,[INFERIDO POR LISTA: K. Cambio por Chile] Postura tomada del vector base de la coalicion sin desviacion. Data sintetica. NO es declaracion personal del candidato. Ver dataset/README.md.,https://es.wikipedia.org/wiki/Partido_Republicano_de_Chile
Mamani Lovera,Irene,Nacional Libertario,4,Chile debe restaurar el quorum de dos tercios para reformas ,5,[INFERIDO POR LISTA: K. Cambio por Chile] Postura tomada del vector base de la coalicion sin desviacion. Data sintetica. NO es declaracion personal del candidato. Ver dataset/README.md.,https://es.wikipedia.org/wiki/Partido_Republicano_de_Chile
Mamani Lovera,Irene,Nacional Libertario,5,El Senado debe reducirse de 50 a 43 escanos para racionaliza,3,"[INFERIDO POR LISTA: K. Cambio por Chile] Base coalicion=4, candidato=3 (RUIDO -1 deterministico). Refleja variacion intra-partido no verificada. Data sintetica. NO es declaracion personal del candidato. Ver dataset/README.md.",https://es.wikipedia.org/wiki/Partido_Republicano_de_Chile
Mamani Lovera,Irene,Nacional Libertario,6,El Senado debe promover el retiro de Chile del Tratado Integ,1,[INFERIDO POR LISTA: K. Cambio por Chile] Postura tomada del vector base de la coalicion sin desviacion. Data sintetica. NO es declaracion personal del candidato. Ver dataset/README.md.,https://es.wikipedia.org/wiki/Partido_Republicano_de_Chile
Mamani Lovera,Irene,Nacional Libertario,7,El Senado debe aprobar el reconocimiento formal del Estado d,1,[INFERIDO POR LISTA: K. Cambio por Chile] Postura tomada del vector base de la coalicion sin desviacion. Data sintetica. NO es declaracion personal del candidato. Ver dataset/README.md.,https://es.wikipedia.org/wiki/Partido_Republicano_de_Chile
Mamani Lovera,Irene,Nacional Libertario,8,Chile debe mantenerse dentro del Tratado Interamericano de A,5,[INFERIDO POR LISTA: K. Cambio por Chile] Postura tomada del vector base de la coalicion sin desviacion. Data sintetica. NO es declaracion personal del candidato. Ver dataset/README.md.,https://es.wikipedia.org/wiki/Partido_Republicano_de_Chile
Mamani Lovera,Irene,Nacional Libertario,9,El Senado debe aprobar la reforma previsional aumentando el ,1,[INFERIDO POR LISTA: K. Cambio por Chile] Postura tomada del vector base de la coalicion sin desviacion. Data sintetica. NO es declaracion personal del candidato. Ver dataset/README.md.,https://es.wikipedia.org/wiki/Partido_Republicano_de_Chile
Mamani Lovera,Irene,Nacional Libertario,10,"El royalty minero al cobre debe aumentarse por sobre el 4,7%",2,"[INFERIDO POR LISTA: K. Cambio por Chile] Base coalicion=1, candidato=2 (RUIDO +1 deterministico). Refleja variacion intra-partido no verificada. Data sintetica. NO es declaracion personal del candidato. Ver dataset/README.md.",https://es.wikipedia.org/wiki/Partido_Republicano_de_Chile
Mamani Lovera,Irene,Nacional Libertario,11,"El Senado debe aprobar el fin del sistema de isapres, migran",2,"[INFERIDO POR LISTA: K. Cambio por Chile] Base coalicion=1, candidato=2 (RUIDO +1 deterministico). Refleja variacion intra-partido no verificada. Data sintetica. NO es declaracion personal del candidato. Ver dataset/README.md.",https://es.wikipedia.org/wiki/Partido_Republicano_de_Chile
Mamani Lovera,Irene,Nacional Libertario,12,El Senado debe aprobar el proyecto de eutanasia activa volun,1,[INFERIDO POR LISTA: K. Cambio por Chile] Postura tomada del vector base de la coalicion sin desviacion. Data sintetica. NO es declaracion personal del candidato. Ver dataset/README.md.,https://es.wikipedia.org/wiki/Partido_Republicano_de_Chile
Mamani Lovera,Irene,Nacional Libertario,13,El Senado debe declarar por ley las zonas de sacrificio como,1,[INFERIDO POR LISTA: K. Cambio por Chile] Postura tomada del vector base de la coalicion sin desviacion. Data sintetica. NO es declaracion personal del candidato. Ver dataset/README.md.,https://es.wikipedia.org/wiki/Partido_Republicano_de_Chile
Mamani Lovera,Irene,Nacional Libertario,14,El Senado debe aprobar la modernizacion de la Ley Antiterror,5,[INFERIDO POR LISTA: K. Cambio por Chile] Postura tomada del vector base de la coalicion sin desviacion. Data sintetica. NO es declaracion personal del candidato. Ver dataset/README.md.,https://es.wikipedia.org/wiki/Partido_Republicano_de_Chile
Mamani Lovera,Irene,Nacional Libertario,15,El Senado debe incluir escanos reservados permanentes para r,2,"[INFERIDO POR LISTA: K. Cambio por Chile] Base coalicion=1, candidato=2 (RUIDO +1 deterministico). Refleja variacion intra-partido no verificada. Data sintetica. NO es declaracion personal del candidato. Ver dataset/README.md.",https://es.wikipedia.org/wiki/Partido_Republicano_de_Chile
Heyne Bolados,Karen,Republicano de Chile,1,"El Senado debe mantenerse como camara revisora del Congreso,",4,"[INFERIDO POR LISTA: K. Cambio por Chile] Base coalicion=5, candidato=4 (RUIDO -1 deterministico). Refleja variacion intra-partido no verificada. Data sintetica. NO es declaracion personal del candidato. Ver dataset/README.md.",https://es.wikipedia.org/wiki/Partido_Republicano_de_Chile
Heyne Bolados,Karen,Republicano de Chile,2,El Senado debe endurecer el proceso de aprobacion de nombram,3,[INFERIDO POR LISTA: K. Cambio por Chile] Postura tomada del vector base de la coalicion sin desviacion. Data sintetica. NO es declaracion personal del candidato. Ver dataset/README.md.,https://es.wikipedia.org/wiki/Partido_Republicano_de_Chile
Heyne Bolados,Karen,Republicano de Chile,3,El Senado debe aprobar por ley una limitacion a dos periodos,4,[INFERIDO POR LISTA: K. Cambio por Chile] Postura tomada del vector base de la coalicion sin desviacion. Data sintetica. NO es declaracion personal del candidato. Ver dataset/README.md.,https://es.wikipedia.org/wiki/Partido_Republicano_de_Chile
Heyne Bolados,Karen,Republicano de Chile,4,Chile debe restaurar el quorum de dos tercios para reformas ,4,"[INFERIDO POR LISTA: K. Cambio por Chile] Base coalicion=5, candidato=4 (RUIDO -1 deterministico). Refleja variacion intra-partido no verificada. Data sintetica. NO es declaracion personal del candidato. Ver dataset/README.md.",https://es.wikipedia.org/wiki/Partido_Republicano_de_Chile
Heyne Bolados,Karen,Republicano de Chile,5,El Senado debe reducirse de 50 a 43 escanos para racionaliza,4,[INFERIDO POR LISTA: K. Cambio por Chile] Postura tomada del vector base de la coalicion sin desviacion. Data sintetica. NO es declaracion personal del candidato. Ver dataset/README.md.,https://es.wikipedia.org/wiki/Partido_Republicano_de_Chile
Heyne Bolados,Karen,Republicano de Chile,6,El Senado debe promover el retiro de Chile del Tratado Integ,1,[INFERIDO POR LISTA: K. Cambio por Chile] Postura tomada del vector base de la coalicion sin desviacion. Data sintetica. NO es declaracion personal del candidato. Ver dataset/README.md.,https://es.wikipedia.org/wiki/Partido_Republicano_de_Chile
Heyne Bolados,Karen,Republicano de Chile,7,El Senado debe aprobar el reconocimiento formal del Estado d,1,[INFERIDO POR LISTA: K. Cambio por Chile] Postura tomada del vector base de la coalicion sin desviacion. Data sintetica. NO es declaracion personal del candidato. Ver dataset/README.md.,https://es.wikipedia.org/wiki/Partido_Republicano_de_Chile
Heyne Bolados,Karen,Republicano de Chile,8,Chile debe mantenerse dentro del Tratado Interamericano de A,5,[INFERIDO POR LISTA: K. Cambio por Chile] Postura tomada del vector base de la coalicion sin desviacion. Data sintetica. NO es declaracion personal del candidato. Ver dataset/README.md.,https://es.wikipedia.org/wiki/Partido_Republicano_de_Chile
Heyne Bolados,Karen,Republicano de Chile,9,El Senado debe aprobar la reforma previsional aumentando el ,1,[INFERIDO POR LISTA: K. Cambio por Chile] Postura tomada del vector base de la coalicion sin desviacion. Data sintetica. NO es declaracion personal del candidato. Ver dataset/README.md.,https://es.wikipedia.org/wiki/Partido_Republicano_de_Chile
Heyne Bolados,Karen,Republicano de Chile,10,"El royalty minero al cobre debe aumentarse por sobre el 4,7%",1,[INFERIDO POR LISTA: K. Cambio por Chile] Postura tomada del vector base de la coalicion sin desviacion. Data sintetica. NO es declaracion personal del candidato. Ver dataset/README.md.,https://es.wikipedia.org/wiki/Partido_Republicano_de_Chile
Heyne Bolados,Karen,Republicano de Chile,11,"El Senado debe aprobar el fin del sistema de isapres, migran",1,[INFERIDO POR LISTA: K. Cambio por Chile] Postura tomada del vector base de la coalicion sin desviacion. Data sintetica. NO es declaracion personal del candidato. Ver dataset/README.md.,https://es.wikipedia.org/wiki/Partido_Republicano_de_Chile
Heyne Bolados,Karen,Republicano de Chile,12,El Senado debe aprobar el proyecto de eutanasia activa volun,1,[INFERIDO POR LISTA: K. Cambio por Chile] Postura tomada del vector base de la coalicion sin desviacion. Data sintetica. NO es declaracion personal del candidato. Ver dataset/README.md.,https://es.wikipedia.org/wiki/Partido_Republicano_de_Chile
Heyne Bolados,Karen,Republicano de Chile,13,El Senado debe declarar por ley las zonas de sacrificio como,2,"[INFERIDO POR LISTA: K. Cambio por Chile] Base coalicion=1, candidato=2 (RUIDO +1 deterministico). Refleja variacion intra-partido no verificada. Data sintetica. NO es declaracion personal del candidato. Ver dataset/README.md.",https://es.wikipedia.org/wiki/Partido_Republicano_de_Chile
Heyne Bolados,Karen,Republicano de Chile,14,El Senado debe aprobar la modernizacion de la Ley Antiterror,5,[INFERIDO POR LISTA: K. Cambio por Chile] Postura tomada del vector base de la coalicion sin desviacion. Data sintetica. NO es declaracion personal del candidato. Ver dataset/README.md.,https://es.wikipedia.org/wiki/Partido_Republicano_de_Chile
Heyne Bolados,Karen,Republicano de Chile,15,El Senado debe incluir escanos reservados permanentes para r,2,"[INFERIDO POR LISTA: K. Cambio por Chile] Base coalicion=1, candidato=2 (RUIDO +1 deterministico). Refleja variacion intra-partido no verificada. Data sintetica. NO es declaracion personal del candidato. Ver dataset/README.md.",https://es.wikipedia.org/wiki/Partido_Republicano_de_Chile
Jimenez Dinamarca,Solange,Social Cristiano,1,"El Senado debe mantenerse como camara revisora del Congreso,",5,[INFERIDO POR LISTA: K. Cambio por Chile] Postura tomada del vector base de la coalicion sin desviacion. Data sintetica. NO es declaracion personal del candidato. Ver dataset/README.md.,https://es.wikipedia.org/wiki/Partido_Republicano_de_Chile
Jimenez Dinamarca,Solange,Social Cristiano,2,El Senado debe endurecer el proceso de aprobacion de nombram,3,[INFERIDO POR LISTA: K. Cambio por Chile] Postura tomada del vector base de la coalicion sin desviacion. Data sintetica. NO es declaracion personal del candidato. Ver dataset/README.md.,https://es.wikipedia.org/wiki/Partido_Republicano_de_Chile
Jimenez Dinamarca,Solange,Social Cristiano,3,El Senado debe aprobar por ley una limitacion a dos periodos,4,[INFERIDO POR LISTA: K. Cambio por Chile] Postura tomada del vector base de la coalicion sin desviacion. Data sintetica. NO es declaracion personal del candidato. Ver dataset/README.md.,https://es.wikipedia.org/wiki/Partido_Republicano_de_Chile
Jimenez Dinamarca,Solange,Social Cristiano,4,Chile debe restaurar el quorum de dos tercios para reformas ,5,[INFERIDO POR LISTA: K. Cambio por Chile] Postura tomada del vector base de la coalicion sin desviacion. Data sintetica. NO es declaracion personal del candidato. Ver dataset/README.md.,https://es.wikipedia.org/wiki/Partido_Republicano_de_Chile
Jimenez Dinamarca,Solange,Social Cristiano,5,El Senado debe reducirse de 50 a 43 escanos para racionaliza,3,"[INFERIDO POR LISTA: K. Cambio por Chile] Base coalicion=4, candidato=3 (RUIDO -1 deterministico). Refleja variacion intra-partido no verificada. Data sintetica. NO es declaracion personal del candidato. Ver dataset/README.md.",https://es.wikipedia.org/wiki/Partido_Republicano_de_Chile
Jimenez Dinamarca,Solange,Social Cristiano,6,El Senado debe promover el retiro de Chile del Tratado Integ,1,[INFERIDO POR LISTA: K. Cambio por Chile] Postura tomada del vector base de la coalicion sin desviacion. Data sintetica. NO es declaracion personal del candidato. Ver dataset/README.md.,https://es.wikipedia.org/wiki/Partido_Republicano_de_Chile
Jimenez Dinamarca,Solange,Social Cristiano,7,El Senado debe aprobar el reconocimiento formal del Estado d,2,"[INFERIDO POR LISTA: K. Cambio por Chile] Base coalicion=1, candidato=2 (RUIDO +1 deterministico). Refleja variacion intra-partido no verificada. Data sintetica. NO es declaracion personal del candidato. Ver dataset/README.md.",https://es.wikipedia.org/wiki/Partido_Republicano_de_Chile
Jimenez Dinamarca,Solange,Social Cristiano,8,Chile debe mantenerse dentro del Tratado Interamericano de A,4,"[INFERIDO POR LISTA: K. Cambio por Chile] Base coalicion=5, candidato=4 (RUIDO -1 deterministico). Refleja variacion intra-partido no verificada. Data sintetica. NO es declaracion personal del candidato. Ver dataset/README.md.",https://es.wikipedia.org/wiki/Partido_Republicano_de_Chile
Jimenez Dinamarca,Solange,Social Cristiano,10,"El royalty minero al cobre debe aumentarse por sobre el 4,7%",2,"[INFERIDO POR LISTA: K. Cambio por Chile] Base coalicion=1, candidato=2 (RUIDO +1 deterministico). Refleja variacion intra-partido no verificada. Data sintetica. NO es declaracion personal del candidato. Ver dataset/README.md.",https://es.wikipedia.org/wiki/Partido_Republicano_de_Chile
Jimenez Dinamarca,Solange,Social Cristiano,11,"El Senado debe aprobar el fin del sistema de isapres, migran",1,[INFERIDO POR LISTA: K. Cambio por Chile] Postura tomada del vector base de la coalicion sin desviacion. Data sintetica. NO es declaracion personal del candidato. Ver dataset/README.md.,https://es.wikipedia.org/wiki/Partido_Republicano_de_Chile
Jimenez Dinamarca,Solange,Social Cristiano,12,El Senado debe aprobar el proyecto de eutanasia activa volun,1,[INFERIDO POR LISTA: K. Cambio por Chile] Postura tomada del vector base de la coalicion sin desviacion. Data sintetica. NO es declaracion personal del candidato. Ver dataset/README.md.,https://es.wikipedia.org/wiki/Partido_Republicano_de_Chile
Jimenez Dinamarca,Solange,Social Cristiano,13,El Senado debe declarar por ley las zonas de sacrificio como,1,[INFERIDO POR LISTA: K. Cambio por Chile] Postura tomada del vector base de la coalicion sin desviacion. Data sintetica. NO es declaracion personal del candidato. Ver dataset/README.md.,https://es.wikipedia.org/wiki/Partido_Republicano_de_Chile
Jimenez Dinamarca,Solange,Social Cristiano,14,El Senado debe aprobar la modernizacion de la Ley Antiterror,5,[INFERIDO POR LISTA: K. Cambio por Chile] Postura tomada del vector base de la coalicion sin desviacion. Data sintetica. NO es declaracion personal del candidato. Ver dataset/README.md.,https://es.wikipedia.org/wiki/Partido_Republicano_de_Chile
Jimenez Dinamarca,Solange,Social Cristiano,15,El Senado debe incluir escanos reservados permanentes para r,1,[INFERIDO POR LISTA: K. Cambio por Chile] Postura tomada del vector base de la coalicion sin desviacion. Data sintetica. NO es declaracion personal del candidato. Ver dataset/README.md.,https://es.wikipedia.org/wiki/Partido_Republicano_de_Chile
Barents-Von Hohenhagen,Vanessa Kaiser,Nacional Libertario,1,"El Senado debe mantenerse como camara revisora del Congreso,",5,[INFERIDO POR LISTA: K. Cambio por Chile] Postura tomada del vector base de la coalicion sin desviacion. Data sintetica. NO es declaracion personal del candidato. Ver dataset/README.md.,https://es.wikipedia.org/wiki/Partido_Republicano_de_Chile
Barents-Von Hohenhagen,Vanessa Kaiser,Nacional Libertario,2,El Senado debe endurecer el proceso de aprobacion de nombram,3,[INFERIDO POR LISTA: K. Cambio por Chile] Postura tomada del vector base de la coalicion sin desviacion. Data sintetica. NO es declaracion personal del candidato. Ver dataset/README.md.,https://es.wikipedia.org/wiki/Partido_Republicano_de_Chile
Barents-Von Hohenhagen,Vanessa Kaiser,Nacional Libertario,3,El Senado debe aprobar por ley una limitacion a dos periodos,3,"[INFERIDO POR LISTA: K. Cambio por Chile] Base coalicion=4, candidato=3 (RUIDO -1 deterministico). Refleja variacion intra-partido no verificada. Data sintetica. NO es declaracion personal del candidato. Ver dataset/README.md.",https://es.wikipedia.org/wiki/Partido_Republicano_de_Chile
Barents-Von Hohenhagen,Vanessa Kaiser,Nacional Libertario,4,Chile debe restaurar el quorum de dos tercios para reformas ,4,"[INFERIDO POR LISTA: K. Cambio por Chile] Base coalicion=5, candidato=4 (RUIDO -1 deterministico). Refleja variacion intra-partido no verificada. Data sintetica. NO es declaracion personal del candidato. Ver dataset/README.md.",https://es.wikipedia.org/wiki/Partido_Republicano_de_Chile
Barents-Von Hohenhagen,Vanessa Kaiser,Nacional Libertario,5,El Senado debe reducirse de 50 a 43 escanos para racionaliza,5,"[INFERIDO POR LISTA: K. Cambio por Chile] Base coalicion=4, candidato=5 (RUIDO +1 deterministico). Refleja variacion intra-partido no verificada. Data sintetica. NO es declaracion personal del candidato. Ver dataset/README.md.",https://es.wikipedia.org/wiki/Partido_Republicano_de_Chile
Barents-Von Hohenhagen,Vanessa Kaiser,Nacional Libertario,6,El Senado debe promover el retiro de Chile del Tratado Integ,1,[INFERIDO POR LISTA: K. Cambio por Chile] Postura tomada del vector base de la coalicion sin desviacion. Data sintetica. NO es declaracion personal del candidato. Ver dataset/README.md.,https://es.wikipedia.org/wiki/Partido_Republicano_de_Chile
Barents-Von Hohenhagen,Vanessa Kaiser,Nacional Libertario,7,El Senado debe aprobar el reconocimiento formal del Estado d,1,[INFERIDO POR LISTA: K. Cambio por Chile] Postura tomada del vector base de la coalicion sin desviacion. Data sintetica. NO es declaracion personal del candidato. Ver dataset/README.md.,https://es.wikipedia.org/wiki/Partido_Republicano_de_Chile
Barents-Von Hohenhagen,Vanessa Kaiser,Nacional Libertario,8,Chile debe mantenerse dentro del Tratado Interamericano de A,5,[INFERIDO POR LISTA: K. Cambio por Chile] Postura tomada del vector base de la coalicion sin desviacion. Data sintetica. NO es declaracion personal del candidato. Ver dataset/README.md.,https://es.wikipedia.org/wiki/Partido_Republicano_de_Chile
Barents-Von Hohenhagen,Vanessa Kaiser,Nacional Libertario,9,El Senado debe aprobar la reforma previsional aumentando el ,2,"[INFERIDO POR LISTA: K. Cambio por Chile] Base coalicion=1, candidato=2 (RUIDO +1 deterministico). Refleja variacion intra-partido no verificada. Data sintetica. NO es declaracion personal del candidato. Ver dataset/README.md.",https://es.wikipedia.org/wiki/Partido_Republicano_de_Chile
Barents-Von Hohenhagen,Vanessa Kaiser,Nacional Libertario,10,"El royalty minero al cobre debe aumentarse por sobre el 4,7%",1,[INFERIDO POR LISTA: K. Cambio por Chile] Postura tomada del vector base de la coalicion sin desviacion. Data sintetica. NO es declaracion personal del candidato. Ver dataset/README.md.,https://es.wikipedia.org/wiki/Partido_Republicano_de_Chile
Barents-Von Hohenhagen,Vanessa Kaiser,Nacional Libertario,11,"El Senado debe aprobar el fin del sistema de isapres, migran",1,[INFERIDO POR LISTA: K. Cambio por Chile] Postura tomada del vector base de la coalicion sin desviacion. Data sintetica. NO es declaracion personal del candidato. Ver dataset/README.md.,https://es.wikipedia.org/wiki/Partido_Republicano_de_Chile
Barents-Von Hohenhagen,Vanessa Kaiser,Nacional Libertario,12,El Senado debe aprobar el proyecto de eutanasia activa volun,1,[INFERIDO POR LISTA: K. Cambio por Chile] Postura tomada del vector base de la coalicion sin desviacion. Data sintetica. NO es declaracion personal del candidato. Ver dataset/README.md.,https://es.wikipedia.org/wiki/Partido_Republicano_de_Chile
Barents-Von Hohenhagen,Vanessa Kaiser,Nacional Libertario,13,El Senado debe declarar por ley las zonas de sacrificio como,1,[INFERIDO POR LISTA: K. Cambio por Chile] Postura tomada del vector base de la coalicion sin desviacion. Data sintetica. NO es declaracion personal del candidato. Ver dataset/README.md.,https://es.wikipedia.org/wiki/Partido_Republicano_de_Chile
Barents-Von Hohenhagen,Vanessa Kaiser,Nacional Libertario,14,El Senado debe aprobar la modernizacion de la Ley Antiterror,5,[INFERIDO POR LISTA: K. Cambio por Chile] Postura tomada del vector base de la coalicion sin desviacion. Data sintetica. NO es declaracion personal del candidato. Ver dataset/README.md.,https://es.wikipedia.org/wiki/Partido_Republicano_de_Chile
Barents-Von Hohenhagen,Vanessa Kaiser,Nacional Libertario,15,El Senado debe incluir escanos reservados permanentes para r,1,[INFERIDO POR LISTA: K. Cambio por Chile] Postura tomada del vector base de la coalicion sin desviacion. Data sintetica. NO es declaracion personal del candidato. Ver dataset/README.md.,https://es.wikipedia.org/wiki/Partido_Republicano_de_Chile
Vargas Zurita,Cesar,Nacional Libertario,1,"El Senado debe mantenerse como camara revisora del Congreso,",5,[INFERIDO POR LISTA: K. Cambio por Chile] Postura tomada del vector base de la coalicion sin desviacion. Data sintetica. NO es declaracion personal del candidato. Ver dataset/README.md.,https://es.wikipedia.org/wiki/Partido_Republicano_de_Chile
Vargas Zurita,Cesar,Nacional Libertario,2,El Senado debe endurecer el proceso de aprobacion de nombram,2,"[INFERIDO POR LISTA: K. Cambio por Chile] Base coalicion=3, candidato=2 (RUIDO -1 deterministico). Refleja variacion intra-partido no verificada. Data sintetica. NO es declaracion personal del candidato. Ver dataset/README.md.",https://es.wikipedia.org/wiki/Partido_Republicano_de_Chile
Vargas Zurita,Cesar,Nacional Libertario,3,El Senado debe aprobar por ley una limitacion a dos periodos,4,[INFERIDO POR LISTA: K. Cambio por Chile] Postura tomada del vector base de la coalicion sin desviacion. Data sintetica. NO es declaracion personal del candidato. Ver dataset/README.md.,https://es.wikipedia.org/wiki/Partido_Republicano_de_Chile
Vargas Zurita,Cesar,Nacional Libertario,4,Chile debe restaurar el quorum de dos tercios para reformas ,5,[INFERIDO POR LISTA: K. Cambio por Chile] Postura tomada del vector base de la coalicion sin desviacion. Data sintetica. NO es declaracion personal del candidato. Ver dataset/README.md.,https://es.wikipedia.org/wiki/Partido_Republicano_de_Chile
Vargas Zurita,Cesar,Nacional Libertario,5,El Senado debe reducirse de 50 a 43 escanos para racionaliza,3,"[INFERIDO POR LISTA: K. Cambio por Chile] Base coalicion=4, candidato=3 (RUIDO -1 deterministico). Refleja variacion intra-partido no verificada. Data sintetica. NO es declaracion personal del candidato. Ver dataset/README.md.",https://es.wikipedia.org/wiki/Partido_Republicano_de_Chile
Vargas Zurita,Cesar,Nacional Libertario,6,El Senado debe promover el retiro de Chile del Tratado Integ,2,"[INFERIDO POR LISTA: K. Cambio por Chile] Base coalicion=1, candidato=2 (RUIDO +1 deterministico). Refleja variacion intra-partido no verificada. Data sintetica. NO es declaracion personal del candidato. Ver dataset/README.md.",https://es.wikipedia.org/wiki/Partido_Republicano_de_Chile
Vargas Zurita,Cesar,Nacional Libertario,7,El Senado debe aprobar el reconocimiento formal del Estado d,2,"[INFERIDO POR LISTA: K. Cambio por Chile] Base coalicion=1, candidato=2 (RUIDO +1 deterministico). Refleja variacion intra-partido no verificada. Data sintetica. NO es declaracion personal del candidato. Ver dataset/README.md.",https://es.wikipedia.org/wiki/Partido_Republicano_de_Chile
Vargas Zurita,Cesar,Nacional Libertario,8,Chile debe mantenerse dentro del Tratado Interamericano de A,5,[INFERIDO POR LISTA: K. Cambio por Chile] Postura tomada del vector base de la coalicion sin desviacion. Data sintetica. NO es declaracion personal del candidato. Ver dataset/README.md.,https://es.wikipedia.org/wiki/Partido_Republicano_de_Chile
Vargas Zurita,Cesar,Nacional Libertario,9,El Senado debe aprobar la reforma previsional aumentando el ,1,[INFERIDO POR LISTA: K. Cambio por Chile] Postura tomada del vector base de la coalicion sin desviacion. Data sintetica. NO es declaracion personal del candidato. Ver dataset/README.md.,https://es.wikipedia.org/wiki/Partido_Republicano_de_Chile
Vargas Zurita,Cesar,Nacional Libertario,10,"El royalty minero al cobre debe aumentarse por sobre el 4,7%",1,[INFERIDO POR LISTA: K. Cambio por Chile] Postura tomada del vector base de la coalicion sin desviacion. Data sintetica. NO es declaracion personal del candidato. Ver dataset/README.md.,https://es.wikipedia.org/wiki/Partido_Republicano_de_Chile
Vargas Zurita,Cesar,Nacional Libertario,11,"El Senado debe aprobar el fin del sistema de isapres, migran",1,[INFERIDO POR LISTA: K. Cambio por Chile] Postura tomada del vector base de la coalicion sin desviacion. Data sintetica. NO es declaracion personal del candidato. Ver dataset/README.md.,https://es.wikipedia.org/wiki/Partido_Republicano_de_Chile
Vargas Zurita,Cesar,Nacional Libertario,12,El Senado debe aprobar el proyecto de eutanasia activa volun,1,[INFERIDO POR LISTA: K. Cambio por Chile] Postura tomada del vector base de la coalicion sin desviacion. Data sintetica. NO es declaracion personal del candidato. Ver dataset/README.md.,https://es.wikipedia.org/wiki/Partido_Republicano_de_Chile
Vargas Zurita,Cesar,Nacional Libertario,13,El Senado debe declarar por ley las zonas de sacrificio como,1,[INFERIDO POR LISTA: K. Cambio por Chile] Postura tomada del vector base de la coalicion sin desviacion. Data sintetica. NO es declaracion personal del candidato. Ver dataset/README.md.,https://es.wikipedia.org/wiki/Partido_Republicano_de_Chile
Vargas Zurita,Cesar,Nacional Libertario,14,El Senado debe aprobar la modernizacion de la Ley Antiterror,5,[INFERIDO POR LISTA: K. Cambio por Chile] Postura tomada del vector base de la coalicion sin desviacion. Data sintetica. NO es declaracion personal del candidato. Ver dataset/README.md.,https://es.wikipedia.org/wiki/Partido_Republicano_de_Chile
Vargas Zurita,Cesar,Nacional Libertario,15,El Senado debe incluir escanos reservados permanentes para r,1,[INFERIDO POR LISTA: K. Cambio por Chile] Postura tomada del vector base de la coalicion sin desviacion. Data sintetica. NO es declaracion personal del candidato. Ver dataset/README.md.,https://es.wikipedia.org/wiki/Partido_Republicano_de_Chile
Arzumendi Cifuentes,Anita De,Social Cristiano,2,El Senado debe endurecer el proceso de aprobacion de nombram,4,"[INFERIDO POR LISTA: K. Cambio por Chile] Base coalicion=3, candidato=4 (RUIDO +1 deterministico). Refleja variacion intra-partido no verificada. Data sintetica. NO es declaracion personal del candidato. Ver dataset/README.md.",https://es.wikipedia.org/wiki/Partido_Republicano_de_Chile
Arzumendi Cifuentes,Anita De,Social Cristiano,3,El Senado debe aprobar por ley una limitacion a dos periodos,4,[INFERIDO POR LISTA: K. Cambio por Chile] Postura tomada del vector base de la coalicion sin desviacion. Data sintetica. NO es declaracion personal del candidato. Ver dataset/README.md.,https://es.wikipedia.org/wiki/Partido_Republicano_de_Chile
Arzumendi Cifuentes,Anita De,Social Cristiano,5,El Senado debe reducirse de 50 a 43 escanos para racionaliza,3,"[INFERIDO POR LISTA: K. Cambio por Chile] Base coalicion=4, candidato=3 (RUIDO -1 deterministico). Refleja variacion intra-partido no verificada. Data sintetica. NO es declaracion personal del candidato. Ver dataset/README.md.",https://es.wikipedia.org/wiki/Partido_Republicano_de_Chile
Arzumendi Cifuentes,Anita De,Social Cristiano,6,El Senado debe promover el retiro de Chile del Tratado Integ,2,"[INFERIDO POR LISTA: K. Cambio por Chile] Base coalicion=1, candidato=2 (RUIDO +1 deterministico). Refleja variacion intra-partido no verificada. Data sintetica. NO es declaracion personal del candidato. Ver dataset/README.md.",https://es.wikipedia.org/wiki/Partido_Republicano_de_Chile
Arzumendi Cifuentes,Anita De,Social Cristiano,7,El Senado debe aprobar el reconocimiento formal del Estado d,2,"[INFERIDO POR LISTA: K. Cambio por Chile] Base coalicion=1, candidato=2 (RUIDO +1 deterministico). Refleja variacion intra-partido no verificada. Data sintetica. NO es declaracion personal del candidato. Ver dataset/README.md.",https://es.wikipedia.org/wiki/Partido_Republicano_de_Chile
Arzumendi Cifuentes,Anita De,Social Cristiano,8,Chile debe mantenerse dentro del Tratado Interamericano de A,5,[INFERIDO POR LISTA: K. Cambio por Chile] Postura tomada del vector base de la coalicion sin desviacion. Data sintetica. NO es declaracion personal del candidato. Ver dataset/README.md.,https://es.wikipedia.org/wiki/Partido_Republicano_de_Chile
Arzumendi Cifuentes,Anita De,Social Cristiano,9,El Senado debe aprobar la reforma previsional aumentando el ,2,"[INFERIDO POR LISTA: K. Cambio por Chile] Base coalicion=1, candidato=2 (RUIDO +1 deterministico). Refleja variacion intra-partido no verificada. Data sintetica. NO es declaracion personal del candidato. Ver dataset/README.md.",https://es.wikipedia.org/wiki/Partido_Republicano_de_Chile
Arzumendi Cifuentes,Anita De,Social Cristiano,10,"El royalty minero al cobre debe aumentarse por sobre el 4,7%",1,[INFERIDO POR LISTA: K. Cambio por Chile] Postura tomada del vector base de la coalicion sin desviacion. Data sintetica. NO es declaracion personal del candidato. Ver dataset/README.md.,https://es.wikipedia.org/wiki/Partido_Republicano_de_Chile
Arzumendi Cifuentes,Anita De,Social Cristiano,11,"El Senado debe aprobar el fin del sistema de isapres, migran",1,[INFERIDO POR LISTA: K. Cambio por Chile] Postura tomada del vector base de la coalicion sin desviacion. Data sintetica. NO es declaracion personal del candidato. Ver dataset/README.md.,https://es.wikipedia.org/wiki/Partido_Republicano_de_Chile
Arzumendi Cifuentes,Anita De,Social Cristiano,12,El Senado debe aprobar el proyecto de eutanasia activa volun,1,[INFERIDO POR LISTA: K. Cambio por Chile] Postura tomada del vector base de la coalicion sin desviacion. Data sintetica. NO es declaracion personal del candidato. Ver dataset/README.md.,https://es.wikipedia.org/wiki/Partido_Republicano_de_Chile
Arzumendi Cifuentes,Anita De,Social Cristiano,13,El Senado debe declarar por ley las zonas de sacrificio como,1,[INFERIDO POR LISTA: K. Cambio por Chile] Postura tomada del vector base de la coalicion sin desviacion. Data sintetica. NO es declaracion personal del candidato. Ver dataset/README.md.,https://es.wikipedia.org/wiki/Partido_Republicano_de_Chile
Arzumendi Cifuentes,Anita De,Social Cristiano,14,El Senado debe aprobar la modernizacion de la Ley Antiterror,5,[INFERIDO POR LISTA: K. Cambio por Chile] Postura tomada del vector base de la coalicion sin desviacion. Data sintetica. NO es declaracion personal del candidato. Ver dataset/README.md.,https://es.wikipedia.org/wiki/Partido_Republicano_de_Chile
Squella Ovalle,Arturo,Republicano de Chile,1,"El Senado debe mantenerse como camara revisora del Congreso,",5,[INFERIDO POR LISTA: K. Cambio por Chile] Postura tomada del vector base de la coalicion sin desviacion. Data sintetica. NO es declaracion personal del candidato. Ver dataset/README.md.,https://es.wikipedia.org/wiki/Partido_Republicano_de_Chile
Squella Ovalle,Arturo,Republicano de Chile,2,El Senado debe endurecer el proceso de aprobacion de nombram,3,[INFERIDO POR LISTA: K. Cambio por Chile] Postura tomada del vector base de la coalicion sin desviacion. Data sintetica. NO es declaracion personal del candidato. Ver dataset/README.md.,https://es.wikipedia.org/wiki/Partido_Republicano_de_Chile
Squella Ovalle,Arturo,Republicano de Chile,3,El Senado debe aprobar por ley una limitacion a dos periodos,4,[INFERIDO POR LISTA: K. Cambio por Chile] Postura tomada del vector base de la coalicion sin desviacion. Data sintetica. NO es declaracion personal del candidato. Ver dataset/README.md.,https://es.wikipedia.org/wiki/Partido_Republicano_de_Chile
Squella Ovalle,Arturo,Republicano de Chile,4,Chile debe restaurar el quorum de dos tercios para reformas ,4,"[INFERIDO POR LISTA: K. Cambio por Chile] Base coalicion=5, candidato=4 (RUIDO -1 deterministico). Refleja variacion intra-partido no verificada. Data sintetica. NO es declaracion personal del candidato. Ver dataset/README.md.",https://es.wikipedia.org/wiki/Partido_Republicano_de_Chile
Squella Ovalle,Arturo,Republicano de Chile,5,El Senado debe reducirse de 50 a 43 escanos para racionaliza,4,[INFERIDO POR LISTA: K. Cambio por Chile] Postura tomada del vector base de la coalicion sin desviacion. Data sintetica. NO es declaracion personal del candidato. Ver dataset/README.md.,https://es.wikipedia.org/wiki/Partido_Republicano_de_Chile
Squella Ovalle,Arturo,Republicano de Chile,6,El Senado debe promover el retiro de Chile del Tratado Integ,2,"[INFERIDO POR LISTA: K. Cambio por Chile] Base coalicion=1, candidato=2 (RUIDO +1 deterministico). Refleja variacion intra-partido no verificada. Data sintetica. NO es declaracion personal del candidato. Ver dataset/README.md.",https://es.wikipedia.org/wiki/Partido_Republicano_de_Chile
Squella Ovalle,Arturo,Republicano de Chile,7,El Senado debe aprobar el reconocimiento formal del Estado d,1,[INFERIDO POR LISTA: K. Cambio por Chile] Postura tomada del vector base de la coalicion sin desviacion. Data sintetica. NO es declaracion personal del candidato. Ver dataset/README.md.,https://es.wikipedia.org/wiki/Partido_Republicano_de_Chile
Squella Ovalle,Arturo,Republicano de Chile,8,Chile debe mantenerse dentro del Tratado Interamericano de A,4,"[INFERIDO POR LISTA: K. Cambio por Chile] Base coalicion=5, candidato=4 (RUIDO -1 deterministico). Refleja variacion intra-partido no verificada. Data sintetica. NO es declaracion personal del candidato. Ver dataset/README.md.",https://es.wikipedia.org/wiki/Partido_Republicano_de_Chile
Squella Ovalle,Arturo,Republicano de Chile,9,El Senado debe aprobar la reforma previsional aumentando el ,2,"[INFERIDO POR LISTA: K. Cambio por Chile] Base coalicion=1, candidato=2 (RUIDO +1 deterministico). Refleja variacion intra-partido no verificada. Data sintetica. NO es declaracion personal del candidato. Ver dataset/README.md.",https://es.wikipedia.org/wiki/Partido_Republicano_de_Chile
Squella Ovalle,Arturo,Republicano de Chile,10,"El royalty minero al cobre debe aumentarse por sobre el 4,7%",2,"[INFERIDO POR LISTA: K. Cambio por Chile] Base coalicion=1, candidato=2 (RUIDO +1 deterministico). Refleja variacion intra-partido no verificada. Data sintetica. NO es declaracion personal del candidato. Ver dataset/README.md.",https://es.wikipedia.org/wiki/Partido_Republicano_de_Chile
Squella Ovalle,Arturo,Republicano de Chile,11,"El Senado debe aprobar el fin del sistema de isapres, migran",1,[INFERIDO POR LISTA: K. Cambio por Chile] Postura tomada del vector base de la coalicion sin desviacion. Data sintetica. NO es declaracion personal del candidato. Ver dataset/README.md.,https://es.wikipedia.org/wiki/Partido_Republicano_de_Chile
Squella Ovalle,Arturo,Republicano de Chile,12,El Senado debe aprobar el proyecto de eutanasia activa volun,2,"[INFERIDO POR LISTA: K. Cambio por Chile] Base coalicion=1, candidato=2 (RUIDO +1 deterministico). Refleja variacion intra-partido no verificada. Data sintetica. NO es declaracion personal del candidato. Ver dataset/README.md.",https://es.wikipedia.org/wiki/Partido_Republicano_de_Chile
Squella Ovalle,Arturo,Republicano de Chile,13,El Senado debe declarar por ley las zonas de sacrificio como,1,[INFERIDO POR LISTA: K. Cambio por Chile] Postura tomada del vector base de la coalicion sin desviacion. Data sintetica. NO es declaracion personal del candidato. Ver dataset/README.md.,https://es.wikipedia.org/wiki/Partido_Republicano_de_Chile
Squella Ovalle,Arturo,Republicano de Chile,15,El Senado debe incluir escanos reservados permanentes para r,1,[INFERIDO POR LISTA: K. Cambio por Chile] Postura tomada del vector base de la coalicion sin desviacion. Data sintetica. NO es declaracion personal del candidato. Ver dataset/README.md.,https://es.wikipedia.org/wiki/Partido_Republicano_de_Chile
Soto Valenzuela,Alberto,Independiente Republicano de Chile,1,"El Senado debe mantenerse como camara revisora del Congreso,",5,[INFERIDO POR LISTA: K. Cambio por Chile] Postura tomada del vector base de la coalicion sin desviacion. Data sintetica. NO es declaracion personal del candidato. Ver dataset/README.md.,https://es.wikipedia.org/wiki/Partido_Republicano_de_Chile
Soto Valenzuela,Alberto,Independiente Republicano de Chile,2,El Senado debe endurecer el proceso de aprobacion de nombram,2,"[INFERIDO POR LISTA: K. Cambio por Chile] Base coalicion=3, candidato=2 (RUIDO -1 deterministico). Refleja variacion intra-partido no verificada. Data sintetica. NO es declaracion personal del candidato. Ver dataset/README.md.",https://es.wikipedia.org/wiki/Partido_Republicano_de_Chile
Soto Valenzuela,Alberto,Independiente Republicano de Chile,3,El Senado debe aprobar por ley una limitacion a dos periodos,5,"[INFERIDO POR LISTA: K. Cambio por Chile] Base coalicion=4, candidato=5 (RUIDO +1 deterministico). Refleja variacion intra-partido no verificada. Data sintetica. NO es declaracion personal del candidato. Ver dataset/README.md.",https://es.wikipedia.org/wiki/Partido_Republicano_de_Chile
Soto Valenzuela,Alberto,Independiente Republicano de Chile,4,Chile debe restaurar el quorum de dos tercios para reformas ,5,[INFERIDO POR LISTA: K. Cambio por Chile] Postura tomada del vector base de la coalicion sin desviacion. Data sintetica. NO es declaracion personal del candidato. Ver dataset/README.md.,https://es.wikipedia.org/wiki/Partido_Republicano_de_Chile
Soto Valenzuela,Alberto,Independiente Republicano de Chile,5,El Senado debe reducirse de 50 a 43 escanos para racionaliza,4,[INFERIDO POR LISTA: K. Cambio por Chile] Postura tomada del vector base de la coalicion sin desviacion. Data sintetica. NO es declaracion personal del candidato. Ver dataset/README.md.,https://es.wikipedia.org/wiki/Partido_Republicano_de_Chile
Soto Valenzuela,Alberto,Independiente Republicano de Chile,6,El Senado debe promover el retiro de Chile del Tratado Integ,2,"[INFERIDO POR LISTA: K. Cambio por Chile] Base coalicion=1, candidato=2 (RUIDO +1 deterministico). Refleja variacion intra-partido no verificada. Data sintetica. NO es declaracion personal del candidato. Ver dataset/README.md.",https://es.wikipedia.org/wiki/Partido_Republicano_de_Chile
Soto Valenzuela,Alberto,Independiente Republicano de Chile,7,El Senado debe aprobar el reconocimiento formal del Estado d,2,"[INFERIDO POR LISTA: K. Cambio por Chile] Base coalicion=1, candidato=2 (RUIDO +1 deterministico). Refleja variacion intra-partido no verificada. Data sintetica. NO es declaracion personal del candidato. Ver dataset/README.md.",https://es.wikipedia.org/wiki/Partido_Republicano_de_Chile
Soto Valenzuela,Alberto,Independiente Republicano de Chile,8,Chile debe mantenerse dentro del Tratado Interamericano de A,5,[INFERIDO POR LISTA: K. Cambio por Chile] Postura tomada del vector base de la coalicion sin desviacion. Data sintetica. NO es declaracion personal del candidato. Ver dataset/README.md.,https://es.wikipedia.org/wiki/Partido_Republicano_de_Chile
Soto Valenzuela,Alberto,Independiente Republicano de Chile,9,El Senado debe aprobar la reforma previsional aumentando el ,1,[INFERIDO POR LISTA: K. Cambio por Chile] Postura tomada del vector base de la coalicion sin desviacion. Data sintetica. NO es declaracion personal del candidato. Ver dataset/README.md.,https://es.wikipedia.org/wiki/Partido_Republicano_de_Chile
Soto Valenzuela,Alberto,Independiente Republicano de Chile,10,"El royalty minero al cobre debe aumentarse por sobre el 4,7%",2,"[INFERIDO POR LISTA: K. Cambio por Chile] Base coalicion=1, candidato=2 (RUIDO +1 deterministico). Refleja variacion intra-partido no verificada. Data sintetica. NO es declaracion personal del candidato. Ver dataset/README.md.",https://es.wikipedia.org/wiki/Partido_Republicano_de_Chile
Soto Valenzuela,Alberto,Independiente Republicano de Chile,11,"El Senado debe aprobar el fin del sistema de isapres, migran",2,"[INFERIDO POR LISTA: K. Cambio por Chile] Base coalicion=1, candidato=2 (RUIDO +1 deterministico). Refleja variacion intra-partido no verificada. Data sintetica. NO es declaracion personal del candidato. Ver dataset/README.md.",https://es.wikipedia.org/wiki/Partido_Republicano_de_Chile
Soto Valenzuela,Alberto,Independiente Republicano de Chile,12,El Senado debe aprobar el proyecto de eutanasia activa volun,1,[INFERIDO POR LISTA: K. Cambio por Chile] Postura tomada del vector base de la coalicion sin desviacion. Data sintetica. NO es declaracion personal del candidato. Ver dataset/README.md.,https://es.wikipedia.org/wiki/Partido_Republicano_de_Chile
Soto Valenzuela,Alberto,Independiente Republicano de Chile,13,El Senado debe declarar por ley las zonas de sacrificio como,2,"[INFERIDO POR LISTA: K. Cambio por Chile] Base coalicion=1, candidato=2 (RUIDO +1 deterministico). Refleja variacion intra-partido no verificada. Data sintetica. NO es declaracion personal del candidato. Ver dataset/README.md.",https://es.wikipedia.org/wiki/Partido_Republicano_de_Chile
Soto Valenzuela,Alberto,Independiente Republicano de Chile,15,El Senado debe incluir escanos reservados permanentes para r,1,[INFERIDO POR LISTA: K. Cambio por Chile] Postura tomada del vector base de la coalicion sin desviacion. Data sintetica. NO es declaracion personal del candidato. Ver dataset/README.md.,https://es.wikipedia.org/wiki/Partido_Republicano_de_Chile
Becker Vasquez,Pablo,Social Cristiano,1,"El Senado debe mantenerse como camara revisora del Congreso,",5,[INFERIDO POR LISTA: K. Cambio por Chile] Postura tomada del vector base de la coalicion sin desviacion. Data sintetica. NO es declaracion personal del candidato. Ver dataset/README.md.,https://es.wikipedia.org/wiki/Partido_Republicano_de_Chile
Becker Vasquez,Pablo,Social Cristiano,2,El Senado debe endurecer el proceso de aprobacion de nombram,3,[INFERIDO POR LISTA: K. Cambio por Chile] Postura tomada del vector base de la coalicion sin desviacion. Data sintetica. NO es declaracion personal del candidato. Ver dataset/README.md.,https://es.wikipedia.org/wiki/Partido_Republicano_de_Chile
Becker Vasquez,Pablo,Social Cristiano,3,El Senado debe aprobar por ley una limitacion a dos periodos,4,[INFERIDO POR LISTA: K. Cambio por Chile] Postura tomada del vector base de la coalicion sin desviacion. Data sintetica. NO es declaracion personal del candidato. Ver dataset/README.md.,https://es.wikipedia.org/wiki/Partido_Republicano_de_Chile
Becker Vasquez,Pablo,Social Cristiano,4,Chile debe restaurar el quorum de dos tercios para reformas ,5,[INFERIDO POR LISTA: K. Cambio por Chile] Postura tomada del vector base de la coalicion sin desviacion. Data sintetica. NO es declaracion personal del candidato. Ver dataset/README.md.,https://es.wikipedia.org/wiki/Partido_Republicano_de_Chile
Becker Vasquez,Pablo,Social Cristiano,5,El Senado debe reducirse de 50 a 43 escanos para racionaliza,3,"[INFERIDO POR LISTA: K. Cambio por Chile] Base coalicion=4, candidato=3 (RUIDO -1 deterministico). Refleja variacion intra-partido no verificada. Data sintetica. NO es declaracion personal del candidato. Ver dataset/README.md.",https://es.wikipedia.org/wiki/Partido_Republicano_de_Chile
Becker Vasquez,Pablo,Social Cristiano,6,El Senado debe promover el retiro de Chile del Tratado Integ,2,"[INFERIDO POR LISTA: K. Cambio por Chile] Base coalicion=1, candidato=2 (RUIDO +1 deterministico). Refleja variacion intra-partido no verificada. Data sintetica. NO es declaracion personal del candidato. Ver dataset/README.md.",https://es.wikipedia.org/wiki/Partido_Republicano_de_Chile
Becker Vasquez,Pablo,Social Cristiano,7,El Senado debe aprobar el reconocimiento formal del Estado d,1,[INFERIDO POR LISTA: K. Cambio por Chile] Postura tomada del vector base de la coalicion sin desviacion. Data sintetica. NO es declaracion personal del candidato. Ver dataset/README.md.,https://es.wikipedia.org/wiki/Partido_Republicano_de_Chile
Becker Vasquez,Pablo,Social Cristiano,8,Chile debe mantenerse dentro del Tratado Interamericano de A,5,[INFERIDO POR LISTA: K. Cambio por Chile] Postura tomada del vector base de la coalicion sin desviacion. Data sintetica. NO es declaracion personal del candidato. Ver dataset/README.md.,https://es.wikipedia.org/wiki/Partido_Republicano_de_Chile
Becker Vasquez,Pablo,Social Cristiano,9,El Senado debe aprobar la reforma previsional aumentando el ,2,"[INFERIDO POR LISTA: K. Cambio por Chile] Base coalicion=1, candidato=2 (RUIDO +1 deterministico). Refleja variacion intra-partido no verificada. Data sintetica. NO es declaracion personal del candidato. Ver dataset/README.md.",https://es.wikipedia.org/wiki/Partido_Republicano_de_Chile
Becker Vasquez,Pablo,Social Cristiano,10,"El royalty minero al cobre debe aumentarse por sobre el 4,7%",1,[INFERIDO POR LISTA: K. Cambio por Chile] Postura tomada del vector base de la coalicion sin desviacion. Data sintetica. NO es declaracion personal del candidato. Ver dataset/README.md.,https://es.wikipedia.org/wiki/Partido_Republicano_de_Chile
Becker Vasquez,Pablo,Social Cristiano,12,El Senado debe aprobar el proyecto de eutanasia activa volun,1,[INFERIDO POR LISTA: K. Cambio por Chile] Postura tomada del vector base de la coalicion sin desviacion. Data sintetica. NO es declaracion personal del candidato. Ver dataset/README.md.,https://es.wikipedia.org/wiki/Partido_Republicano_de_Chile
Becker Vasquez,Pablo,Social Cristiano,13,El Senado debe declarar por ley las zonas de sacrificio como,1,[INFERIDO POR LISTA: K. Cambio por Chile] Postura tomada del vector base de la coalicion sin desviacion. Data sintetica. NO es declaracion personal del candidato. Ver dataset/README.md.,https://es.wikipedia.org/wiki/Partido_Republicano_de_Chile
Becker Vasquez,Pablo,Social Cristiano,14,El Senado debe aprobar la modernizacion de la Ley Antiterror,5,[INFERIDO POR LISTA: K. Cambio por Chile] Postura tomada del vector base de la coalicion sin desviacion. Data sintetica. NO es declaracion personal del candidato. Ver dataset/README.md.,https://es.wikipedia.org/wiki/Partido_Republicano_de_Chile
Becker Vasquez,Pablo,Social Cristiano,15,El Senado debe incluir escanos reservados permanentes para r,1,[INFERIDO POR LISTA: K. Cambio por Chile] Postura tomada del vector base de la coalicion sin desviacion. Data sintetica. NO es declaracion personal del candidato. Ver dataset/README.md.,https://es.wikipedia.org/wiki/Partido_Republicano_de_Chile
Hurtado Olave,Ruth,Republicano de Chile,1,"El Senado debe mantenerse como camara revisora del Congreso,",5,[INFERIDO POR LISTA: K. Cambio por Chile] Postura tomada del vector base de la coalicion sin desviacion. Data sintetica. NO es declaracion personal del candidato. Ver dataset/README.md.,https://es.wikipedia.org/wiki/Partido_Republicano_de_Chile
Hurtado Olave,Ruth,Republicano de Chile,2,El Senado debe endurecer el proceso de aprobacion de nombram,3,[INFERIDO POR LISTA: K. Cambio por Chile] Postura tomada del vector base de la coalicion sin desviacion. Data sintetica. NO es declaracion personal del candidato. Ver dataset/README.md.,https://es.wikipedia.org/wiki/Partido_Republicano_de_Chile
Hurtado Olave,Ruth,Republicano de Chile,3,El Senado debe aprobar por ley una limitacion a dos periodos,4,[INFERIDO POR LISTA: K. Cambio por Chile] Postura tomada del vector base de la coalicion sin desviacion. Data sintetica. NO es declaracion personal del candidato. Ver dataset/README.md.,https://es.wikipedia.org/wiki/Partido_Republicano_de_Chile
Hurtado Olave,Ruth,Republicano de Chile,4,Chile debe restaurar el quorum de dos tercios para reformas ,5,[INFERIDO POR LISTA: K. Cambio por Chile] Postura tomada del vector base de la coalicion sin desviacion. Data sintetica. NO es declaracion personal del candidato. Ver dataset/README.md.,https://es.wikipedia.org/wiki/Partido_Republicano_de_Chile
Hurtado Olave,Ruth,Republicano de Chile,5,El Senado debe reducirse de 50 a 43 escanos para racionaliza,4,[INFERIDO POR LISTA: K. Cambio por Chile] Postura tomada del vector base de la coalicion sin desviacion. Data sintetica. NO es declaracion personal del candidato. Ver dataset/README.md.,https://es.wikipedia.org/wiki/Partido_Republicano_de_Chile
Hurtado Olave,Ruth,Republicano de Chile,6,El Senado debe promover el retiro de Chile del Tratado Integ,1,[INFERIDO POR LISTA: K. Cambio por Chile] Postura tomada del vector base de la coalicion sin desviacion. Data sintetica. NO es declaracion personal del candidato. Ver dataset/README.md.,https://es.wikipedia.org/wiki/Partido_Republicano_de_Chile
Hurtado Olave,Ruth,Republicano de Chile,8,Chile debe mantenerse dentro del Tratado Interamericano de A,5,[INFERIDO POR LISTA: K. Cambio por Chile] Postura tomada del vector base de la coalicion sin desviacion. Data sintetica. NO es declaracion personal del candidato. Ver dataset/README.md.,https://es.wikipedia.org/wiki/Partido_Republicano_de_Chile
Hurtado Olave,Ruth,Republicano de Chile,9,El Senado debe aprobar la reforma previsional aumentando el ,1,[INFERIDO POR LISTA: K. Cambio por Chile] Postura tomada del vector base de la coalicion sin desviacion. Data sintetica. NO es declaracion personal del candidato. Ver dataset/README.md.,https://es.wikipedia.org/wiki/Partido_Republicano_de_Chile
Hurtado Olave,Ruth,Republicano de Chile,10,"El royalty minero al cobre debe aumentarse por sobre el 4,7%",1,[INFERIDO POR LISTA: K. Cambio por Chile] Postura tomada del vector base de la coalicion sin desviacion. Data sintetica. NO es declaracion personal del candidato. Ver dataset/README.md.,https://es.wikipedia.org/wiki/Partido_Republicano_de_Chile
Hurtado Olave,Ruth,Republicano de Chile,11,"El Senado debe aprobar el fin del sistema de isapres, migran",1,[INFERIDO POR LISTA: K. Cambio por Chile] Postura tomada del vector base de la coalicion sin desviacion. Data sintetica. NO es declaracion personal del candidato. Ver dataset/README.md.,https://es.wikipedia.org/wiki/Partido_Republicano_de_Chile
Hurtado Olave,Ruth,Republicano de Chile,12,El Senado debe aprobar el proyecto de eutanasia activa volun,1,[INFERIDO POR LISTA: K. Cambio por Chile] Postura tomada del vector base de la coalicion sin desviacion. Data sintetica. NO es declaracion personal del candidato. Ver dataset/README.md.,https://es.wikipedia.org/wiki/Partido_Republicano_de_Chile
Hurtado Olave,Ruth,Republicano de Chile,13,El Senado debe declarar por ley las zonas de sacrificio como,1,[INFERIDO POR LISTA: K. Cambio por Chile] Postura tomada del vector base de la coalicion sin desviacion. Data sintetica. NO es declaracion personal del candidato. Ver dataset/README.md.,https://es.wikipedia.org/wiki/Partido_Republicano_de_Chile
Hurtado Olave,Ruth,Republicano de Chile,14,El Senado debe aprobar la modernizacion de la Ley Antiterror,4,"[INFERIDO POR LISTA: K. Cambio por Chile] Base coalicion=5, candidato=4 (RUIDO -1 deterministico). Refleja variacion intra-partido no verificada. Data sintetica. NO es declaracion personal del candidato. Ver dataset/README.md.",https://es.wikipedia.org/wiki/Partido_Republicano_de_Chile
Loyola Vera,Soledad,Republicano de Chile,2,El Senado debe endurecer el proceso de aprobacion de nombram,2,"[INFERIDO POR LISTA: K. Cambio por Chile] Base coalicion=3, candidato=2 (RUIDO -1 deterministico). Refleja variacion intra-partido no verificada. Data sintetica. NO es declaracion personal del candidato. Ver dataset/README.md.",https://es.wikipedia.org/wiki/Partido_Republicano_de_Chile
Loyola Vera,Soledad,Republicano de Chile,3,El Senado debe aprobar por ley una limitacion a dos periodos,4,[INFERIDO POR LISTA: K. Cambio por Chile] Postura tomada del vector base de la coalicion sin desviacion. Data sintetica. NO es declaracion personal del candidato. Ver dataset/README.md.,https://es.wikipedia.org/wiki/Partido_Republicano_de_Chile
Loyola Vera,Soledad,Republicano de Chile,4,Chile debe restaurar el quorum de dos tercios para reformas ,5,[INFERIDO POR LISTA: K. Cambio por Chile] Postura tomada del vector base de la coalicion sin desviacion. Data sintetica. NO es declaracion personal del candidato. Ver dataset/README.md.,https://es.wikipedia.org/wiki/Partido_Republicano_de_Chile
Loyola Vera,Soledad,Republicano de Chile,5,El Senado debe reducirse de 50 a 43 escanos para racionaliza,3,"[INFERIDO POR LISTA: K. Cambio por Chile] Base coalicion=4, candidato=3 (RUIDO -1 deterministico). Refleja variacion intra-partido no verificada. Data sintetica. NO es declaracion personal del candidato. Ver dataset/README.md.",https://es.wikipedia.org/wiki/Partido_Republicano_de_Chile
Loyola Vera,Soledad,Republicano de Chile,6,El Senado debe promover el retiro de Chile del Tratado Integ,2,"[INFERIDO POR LISTA: K. Cambio por Chile] Base coalicion=1, candidato=2 (RUIDO +1 deterministico). Refleja variacion intra-partido no verificada. Data sintetica. NO es declaracion personal del candidato. Ver dataset/README.md.",https://es.wikipedia.org/wiki/Partido_Republicano_de_Chile
Loyola Vera,Soledad,Republicano de Chile,7,El Senado debe aprobar el reconocimiento formal del Estado d,1,[INFERIDO POR LISTA: K. Cambio por Chile] Postura tomada del vector base de la coalicion sin desviacion. Data sintetica. NO es declaracion personal del candidato. Ver dataset/README.md.,https://es.wikipedia.org/wiki/Partido_Republicano_de_Chile
Loyola Vera,Soledad,Republicano de Chile,9,El Senado debe aprobar la reforma previsional aumentando el ,1,[INFERIDO POR LISTA: K. Cambio por Chile] Postura tomada del vector base de la coalicion sin desviacion. Data sintetica. NO es declaracion personal del candidato. Ver dataset/README.md.,https://es.wikipedia.org/wiki/Partido_Republicano_de_Chile
Loyola Vera,Soledad,Republicano de Chile,10,"El royalty minero al cobre debe aumentarse por sobre el 4,7%",2,"[INFERIDO POR LISTA: K. Cambio por Chile] Base coalicion=1, candidato=2 (RUIDO +1 deterministico). Refleja variacion intra-partido no verificada. Data sintetica. NO es declaracion personal del candidato. Ver dataset/README.md.",https://es.wikipedia.org/wiki/Partido_Republicano_de_Chile
Loyola Vera,Soledad,Republicano de Chile,11,"El Senado debe aprobar el fin del sistema de isapres, migran",1,[INFERIDO POR LISTA: K. Cambio por Chile] Postura tomada del vector base de la coalicion sin desviacion. Data sintetica. NO es declaracion personal del candidato. Ver dataset/README.md.,https://es.wikipedia.org/wiki/Partido_Republicano_de_Chile
Loyola Vera,Soledad,Republicano de Chile,12,El Senado debe aprobar el proyecto de eutanasia activa volun,1,[INFERIDO POR LISTA: K. Cambio por Chile] Postura tomada del vector base de la coalicion sin desviacion. Data sintetica. NO es declaracion personal del candidato. Ver dataset/README.md.,https://es.wikipedia.org/wiki/Partido_Republicano_de_Chile
Loyola Vera,Soledad,Republicano de Chile,13,El Senado debe declarar por ley las zonas de sacrificio como,1,[INFERIDO POR LISTA: K. Cambio por Chile] Postura tomada del vector base de la coalicion sin desviacion. Data sintetica. NO es declaracion personal del candidato. Ver dataset/README.md.,https://es.wikipedia.org/wiki/Partido_Republicano_de_Chile
Loyola Vera,Soledad,Republicano de Chile,14,El Senado debe aprobar la modernizacion de la Ley Antiterror,5,[INFERIDO POR LISTA: K. Cambio por Chile] Postura tomada del vector base de la coalicion sin desviacion. Data sintetica. NO es declaracion personal del candidato. Ver dataset/README.md.,https://es.wikipedia.org/wiki/Partido_Republicano_de_Chile
Loyola Vera,Soledad,Republicano de Chile,15,El Senado debe incluir escanos reservados permanentes para r,1,[INFERIDO POR LISTA: K. Cambio por Chile] Postura tomada del vector base de la coalicion sin desviacion. Data sintetica. NO es declaracion personal del candidato. Ver dataset/README.md.,https://es.wikipedia.org/wiki/Partido_Republicano_de_Chile
Castro Prieto,Juan,Social Cristiano,1,"El Senado debe mantenerse como camara revisora del Congreso,",5,[INFERIDO POR LISTA: K. Cambio por Chile] Postura tomada del vector base de la coalicion sin desviacion. Data sintetica. NO es declaracion personal del candidato. Ver dataset/README.md.,https://es.wikipedia.org/wiki/Partido_Republicano_de_Chile
Castro Prieto,Juan,Social Cristiano,2,El Senado debe endurecer el proceso de aprobacion de nombram,3,[INFERIDO POR LISTA: K. Cambio por Chile] Postura tomada del vector base de la coalicion sin desviacion. Data sintetica. NO es declaracion personal del candidato. Ver dataset/README.md.,https://es.wikipedia.org/wiki/Partido_Republicano_de_Chile
Castro Prieto,Juan,Social Cristiano,3,El Senado debe aprobar por ley una limitacion a dos periodos,4,[INFERIDO POR LISTA: K. Cambio por Chile] Postura tomada del vector base de la coalicion sin desviacion. Data sintetica. NO es declaracion personal del candidato. Ver dataset/README.md.,https://es.wikipedia.org/wiki/Partido_Republicano_de_Chile
Castro Prieto,Juan,Social Cristiano,4,Chile debe restaurar el quorum de dos tercios para reformas ,5,[INFERIDO POR LISTA: K. Cambio por Chile] Postura tomada del vector base de la coalicion sin desviacion. Data sintetica. NO es declaracion personal del candidato. Ver dataset/README.md.,https://es.wikipedia.org/wiki/Partido_Republicano_de_Chile
Castro Prieto,Juan,Social Cristiano,5,El Senado debe reducirse de 50 a 43 escanos para racionaliza,3,"[INFERIDO POR LISTA: K. Cambio por Chile] Base coalicion=4, candidato=3 (RUIDO -1 deterministico). Refleja variacion intra-partido no verificada. Data sintetica. NO es declaracion personal del candidato. Ver dataset/README.md.",https://es.wikipedia.org/wiki/Partido_Republicano_de_Chile
Castro Prieto,Juan,Social Cristiano,6,El Senado debe promover el retiro de Chile del Tratado Integ,1,[INFERIDO POR LISTA: K. Cambio por Chile] Postura tomada del vector base de la coalicion sin desviacion. Data sintetica. NO es declaracion personal del candidato. Ver dataset/README.md.,https://es.wikipedia.org/wiki/Partido_Republicano_de_Chile
Castro Prieto,Juan,Social Cristiano,7,El Senado debe aprobar el reconocimiento formal del Estado d,2,"[INFERIDO POR LISTA: K. Cambio por Chile] Base coalicion=1, candidato=2 (RUIDO +1 deterministico). Refleja variacion intra-partido no verificada. Data sintetica. NO es declaracion personal del candidato. Ver dataset/README.md.",https://es.wikipedia.org/wiki/Partido_Republicano_de_Chile
Castro Prieto,Juan,Social Cristiano,9,El Senado debe aprobar la reforma previsional aumentando el ,1,[INFERIDO POR LISTA: K. Cambio por Chile] Postura tomada del vector base de la coalicion sin desviacion. Data sintetica. NO es declaracion personal del candidato. Ver dataset/README.md.,https://es.wikipedia.org/wiki/Partido_Republicano_de_Chile
Castro Prieto,Juan,Social Cristiano,10,"El royalty minero al cobre debe aumentarse por sobre el 4,7%",1,[INFERIDO POR LISTA: K. Cambio por Chile] Postura tomada del vector base de la coalicion sin desviacion. Data sintetica. NO es declaracion personal del candidato. Ver dataset/README.md.,https://es.wikipedia.org/wiki/Partido_Republicano_de_Chile
Castro Prieto,Juan,Social Cristiano,11,"El Senado debe aprobar el fin del sistema de isapres, migran",1,[INFERIDO POR LISTA: K. Cambio por Chile] Postura tomada del vector base de la coalicion sin desviacion. Data sintetica. NO es declaracion personal del candidato. Ver dataset/README.md.,https://es.wikipedia.org/wiki/Partido_Republicano_de_Chile
Castro Prieto,Juan,Social Cristiano,12,El Senado debe aprobar el proyecto de eutanasia activa volun,1,[INFERIDO POR LISTA: K. Cambio por Chile] Postura tomada del vector base de la coalicion sin desviacion. Data sintetica. NO es declaracion personal del candidato. Ver dataset/README.md.,https://es.wikipedia.org/wiki/Partido_Republicano_de_Chile
Castro Prieto,Juan,Social Cristiano,13,El Senado debe declarar por ley las zonas de sacrificio como,1,[INFERIDO POR LISTA: K. Cambio por Chile] Postura tomada del vector base de la coalicion sin desviacion. Data sintetica. NO es declaracion personal del candidato. Ver dataset/README.md.,https://es.wikipedia.org/wiki/Partido_Republicano_de_Chile
Castro Prieto,Juan,Social Cristiano,14,El Senado debe aprobar la modernizacion de la Ley Antiterror,4,"[INFERIDO POR LISTA: K. Cambio por Chile] Base coalicion=5, candidato=4 (RUIDO -1 deterministico). Refleja variacion intra-partido no verificada. Data sintetica. NO es declaracion personal del candidato. Ver dataset/README.md.",https://es.wikipedia.org/wiki/Partido_Republicano_de_Chile
Castro Prieto,Juan,Social Cristiano,15,El Senado debe incluir escanos reservados permanentes para r,1,[INFERIDO POR LISTA: K. Cambio por Chile] Postura tomada del vector base de la coalicion sin desviacion. Data sintetica. NO es declaracion personal del candidato. Ver dataset/README.md.,https://es.wikipedia.org/wiki/Partido_Republicano_de_Chile
Martinez Colina,Julio,Nacional Libertario,1,"El Senado debe mantenerse como camara revisora del Congreso,",4,"[INFERIDO POR LISTA: K. Cambio por Chile] Base coalicion=5, candidato=4 (RUIDO -1 deterministico). Refleja variacion intra-partido no verificada. Data sintetica. NO es declaracion personal del candidato. Ver dataset/README.md.",https://es.wikipedia.org/wiki/Partido_Republicano_de_Chile
Martinez Colina,Julio,Nacional Libertario,2,El Senado debe endurecer el proceso de aprobacion de nombram,3,[INFERIDO POR LISTA: K. Cambio por Chile] Postura tomada del vector base de la coalicion sin desviacion. Data sintetica. NO es declaracion personal del candidato. Ver dataset/README.md.,https://es.wikipedia.org/wiki/Partido_Republicano_de_Chile
Martinez Colina,Julio,Nacional Libertario,3,El Senado debe aprobar por ley una limitacion a dos periodos,5,"[INFERIDO POR LISTA: K. Cambio por Chile] Base coalicion=4, candidato=5 (RUIDO +1 deterministico). Refleja variacion intra-partido no verificada. Data sintetica. NO es declaracion personal del candidato. Ver dataset/README.md.",https://es.wikipedia.org/wiki/Partido_Republicano_de_Chile
Martinez Colina,Julio,Nacional Libertario,4,Chile debe restaurar el quorum de dos tercios para reformas ,5,[INFERIDO POR LISTA: K. Cambio por Chile] Postura tomada del vector base de la coalicion sin desviacion. Data sintetica. NO es declaracion personal del candidato. Ver dataset/README.md.,https://es.wikipedia.org/wiki/Partido_Republicano_de_Chile
Martinez Colina,Julio,Nacional Libertario,5,El Senado debe reducirse de 50 a 43 escanos para racionaliza,4,[INFERIDO POR LISTA: K. Cambio por Chile] Postura tomada del vector base de la coalicion sin desviacion. Data sintetica. NO es declaracion personal del candidato. Ver dataset/README.md.,https://es.wikipedia.org/wiki/Partido_Republicano_de_Chile
Martinez Colina,Julio,Nacional Libertario,6,El Senado debe promover el retiro de Chile del Tratado Integ,1,[INFERIDO POR LISTA: K. Cambio por Chile] Postura tomada del vector base de la coalicion sin desviacion. Data sintetica. NO es declaracion personal del candidato. Ver dataset/README.md.,https://es.wikipedia.org/wiki/Partido_Republicano_de_Chile
Martinez Colina,Julio,Nacional Libertario,7,El Senado debe aprobar el reconocimiento formal del Estado d,2,"[INFERIDO POR LISTA: K. Cambio por Chile] Base coalicion=1, candidato=2 (RUIDO +1 deterministico). Refleja variacion intra-partido no verificada. Data sintetica. NO es declaracion personal del candidato. Ver dataset/README.md.",https://es.wikipedia.org/wiki/Partido_Republicano_de_Chile
Martinez Colina,Julio,Nacional Libertario,8,Chile debe mantenerse dentro del Tratado Interamericano de A,5,[INFERIDO POR LISTA: K. Cambio por Chile] Postura tomada del vector base de la coalicion sin desviacion. Data sintetica. NO es declaracion personal del candidato. Ver dataset/README.md.,https://es.wikipedia.org/wiki/Partido_Republicano_de_Chile
Martinez Colina,Julio,Nacional Libertario,9,El Senado debe aprobar la reforma previsional aumentando el ,1,[INFERIDO POR LISTA: K. Cambio por Chile] Postura tomada del vector base de la coalicion sin desviacion. Data sintetica. NO es declaracion personal del candidato. Ver dataset/README.md.,https://es.wikipedia.org/wiki/Partido_Republicano_de_Chile
Martinez Colina,Julio,Nacional Libertario,10,"El royalty minero al cobre debe aumentarse por sobre el 4,7%",1,[INFERIDO POR LISTA: K. Cambio por Chile] Postura tomada del vector base de la coalicion sin desviacion. Data sintetica. NO es declaracion personal del candidato. Ver dataset/README.md.,https://es.wikipedia.org/wiki/Partido_Republicano_de_Chile
Martinez Colina,Julio,Nacional Libertario,12,El Senado debe aprobar el proyecto de eutanasia activa volun,1,[INFERIDO POR LISTA: K. Cambio por Chile] Postura tomada del vector base de la coalicion sin desviacion. Data sintetica. NO es declaracion personal del candidato. Ver dataset/README.md.,https://es.wikipedia.org/wiki/Partido_Republicano_de_Chile
Martinez Colina,Julio,Nacional Libertario,13,El Senado debe declarar por ley las zonas de sacrificio como,1,[INFERIDO POR LISTA: K. Cambio por Chile] Postura tomada del vector base de la coalicion sin desviacion. Data sintetica. NO es declaracion personal del candidato. Ver dataset/README.md.,https://es.wikipedia.org/wiki/Partido_Republicano_de_Chile
Martinez Colina,Julio,Nacional Libertario,14,El Senado debe aprobar la modernizacion de la Ley Antiterror,5,[INFERIDO POR LISTA: K. Cambio por Chile] Postura tomada del vector base de la coalicion sin desviacion. Data sintetica. NO es declaracion personal del candidato. Ver dataset/README.md.,https://es.wikipedia.org/wiki/Partido_Republicano_de_Chile
Martinez Colina,Julio,Nacional Libertario,15,El Senado debe incluir escanos reservados permanentes para r,1,[INFERIDO POR LISTA: K. Cambio por Chile] Postura tomada del vector base de la coalicion sin desviacion. Data sintetica. NO es declaracion personal del candidato. Ver dataset/README.md.,https://es.wikipedia.org/wiki/Partido_Republicano_de_Chile
Carter Fernandez,Rodolfo,Independiente Republicano de Chile,1,"El Senado debe mantenerse como camara revisora del Congreso,",5,[INFERIDO POR LISTA: K. Cambio por Chile] Postura tomada del vector base de la coalicion sin desviacion. Data sintetica. NO es declaracion personal del candidato. Ver dataset/README.md.,https://es.wikipedia.org/wiki/Partido_Republicano_de_Chile
Carter Fernandez,Rodolfo,Independiente Republicano de Chile,2,El Senado debe endurecer el proceso de aprobacion de nombram,3,[INFERIDO POR LISTA: K. Cambio por Chile] Postura tomada del vector base de la coalicion sin desviacion. Data sintetica. NO es declaracion personal del candidato. Ver dataset/README.md.,https://es.wikipedia.org/wiki/Partido_Republicano_de_Chile
Carter Fernandez,Rodolfo,Independiente Republicano de Chile,3,El Senado debe aprobar por ley una limitacion a dos periodos,4,[INFERIDO POR LISTA: K. Cambio por Chile] Postura tomada del vector base de la coalicion sin desviacion. Data sintetica. NO es declaracion personal del candidato. Ver dataset/README.md.,https://es.wikipedia.org/wiki/Partido_Republicano_de_Chile
Carter Fernandez,Rodolfo,Independiente Republicano de Chile,4,Chile debe restaurar el quorum de dos tercios para reformas ,5,[INFERIDO POR LISTA: K. Cambio por Chile] Postura tomada del vector base de la coalicion sin desviacion. Data sintetica. NO es declaracion personal del candidato. Ver dataset/README.md.,https://es.wikipedia.org/wiki/Partido_Republicano_de_Chile
Carter Fernandez,Rodolfo,Independiente Republicano de Chile,5,El Senado debe reducirse de 50 a 43 escanos para racionaliza,4,[INFERIDO POR LISTA: K. Cambio por Chile] Postura tomada del vector base de la coalicion sin desviacion. Data sintetica. NO es declaracion personal del candidato. Ver dataset/README.md.,https://es.wikipedia.org/wiki/Partido_Republicano_de_Chile
Carter Fernandez,Rodolfo,Independiente Republicano de Chile,6,El Senado debe promover el retiro de Chile del Tratado Integ,2,"[INFERIDO POR LISTA: K. Cambio por Chile] Base coalicion=1, candidato=2 (RUIDO +1 deterministico). Refleja variacion intra-partido no verificada. Data sintetica. NO es declaracion personal del candidato. Ver dataset/README.md.",https://es.wikipedia.org/wiki/Partido_Republicano_de_Chile
Carter Fernandez,Rodolfo,Independiente Republicano de Chile,7,El Senado debe aprobar el reconocimiento formal del Estado d,1,[INFERIDO POR LISTA: K. Cambio por Chile] Postura tomada del vector base de la coalicion sin desviacion. Data sintetica. NO es declaracion personal del candidato. Ver dataset/README.md.,https://es.wikipedia.org/wiki/Partido_Republicano_de_Chile
Carter Fernandez,Rodolfo,Independiente Republicano de Chile,8,Chile debe mantenerse dentro del Tratado Interamericano de A,4,"[INFERIDO POR LISTA: K. Cambio por Chile] Base coalicion=5, candidato=4 (RUIDO -1 deterministico). Refleja variacion intra-partido no verificada. Data sintetica. NO es declaracion personal del candidato. Ver dataset/README.md.",https://es.wikipedia.org/wiki/Partido_Republicano_de_Chile
Carter Fernandez,Rodolfo,Independiente Republicano de Chile,9,El Senado debe aprobar la reforma previsional aumentando el ,1,[INFERIDO POR LISTA: K. Cambio por Chile] Postura tomada del vector base de la coalicion sin desviacion. Data sintetica. NO es declaracion personal del candidato. Ver dataset/README.md.,https://es.wikipedia.org/wiki/Partido_Republicano_de_Chile
Carter Fernandez,Rodolfo,Independiente Republicano de Chile,10,"El royalty minero al cobre debe aumentarse por sobre el 4,7%",1,[INFERIDO POR LISTA: K. Cambio por Chile] Postura tomada del vector base de la coalicion sin desviacion. Data sintetica. NO es declaracion personal del candidato. Ver dataset/README.md.,https://es.wikipedia.org/wiki/Partido_Republicano_de_Chile
Carter Fernandez,Rodolfo,Independiente Republicano de Chile,12,El Senado debe aprobar el proyecto de eutanasia activa volun,1,[INFERIDO POR LISTA: K. Cambio por Chile] Postura tomada del vector base de la coalicion sin desviacion. Data sintetica. NO es declaracion personal del candidato. Ver dataset/README.md.,https://es.wikipedia.org/wiki/Partido_Republicano_de_Chile
Carter Fernandez,Rodolfo,Independiente Republicano de Chile,13,El Senado debe declarar por ley las zonas de sacrificio como,1,[INFERIDO POR LISTA: K. Cambio por Chile] Postura tomada del vector base de la coalicion sin desviacion. Data sintetica. NO es declaracion personal del candidato. Ver dataset/README.md.,https://es.wikipedia.org/wiki/Partido_Republicano_de_Chile
Carter Fernandez,Rodolfo,Independiente Republicano de Chile,14,El Senado debe aprobar la modernizacion de la Ley Antiterror,4,"[INFERIDO POR LISTA: K. Cambio por Chile] Base coalicion=5, candidato=4 (RUIDO -1 deterministico). Refleja variacion intra-partido no verificada. Data sintetica. NO es declaracion personal del candidato. Ver dataset/README.md.",https://es.wikipedia.org/wiki/Partido_Republicano_de_Chile
Carter Fernandez,Rodolfo,Independiente Republicano de Chile,15,El Senado debe incluir escanos reservados permanentes para r,2,"[INFERIDO POR LISTA: K. Cambio por Chile] Base coalicion=1, candidato=2 (RUIDO +1 deterministico). Refleja variacion intra-partido no verificada. Data sintetica. NO es declaracion personal del candidato. Ver dataset/README.md.",https://es.wikipedia.org/wiki/Partido_Republicano_de_Chile
Soto Rodriguez,Camila,Social Cristiano,1,"El Senado debe mantenerse como camara revisora del Congreso,",5,[INFERIDO POR LISTA: K. Cambio por Chile] Postura tomada del vector base de la coalicion sin desviacion. Data sintetica. NO es declaracion personal del candidato. Ver dataset/README.md.,https://es.wikipedia.org/wiki/Partido_Republicano_de_Chile
Soto Rodriguez,Camila,Social Cristiano,2,El Senado debe endurecer el proceso de aprobacion de nombram,4,"[INFERIDO POR LISTA: K. Cambio por Chile] Base coalicion=3, candidato=4 (RUIDO +1 deterministico). Refleja variacion intra-partido no verificada. Data sintetica. NO es declaracion personal del candidato. Ver dataset/README.md.",https://es.wikipedia.org/wiki/Partido_Republicano_de_Chile
Soto Rodriguez,Camila,Social Cristiano,3,El Senado debe aprobar por ley una limitacion a dos periodos,4,[INFERIDO POR LISTA: K. Cambio por Chile] Postura tomada del vector base de la coalicion sin desviacion. Data sintetica. NO es declaracion personal del candidato. Ver dataset/README.md.,https://es.wikipedia.org/wiki/Partido_Republicano_de_Chile
Soto Rodriguez,Camila,Social Cristiano,4,Chile debe restaurar el quorum de dos tercios para reformas ,5,[INFERIDO POR LISTA: K. Cambio por Chile] Postura tomada del vector base de la coalicion sin desviacion. Data sintetica. NO es declaracion personal del candidato. Ver dataset/README.md.,https://es.wikipedia.org/wiki/Partido_Republicano_de_Chile
Soto Rodriguez,Camila,Social Cristiano,5,El Senado debe reducirse de 50 a 43 escanos para racionaliza,4,[INFERIDO POR LISTA: K. Cambio por Chile] Postura tomada del vector base de la coalicion sin desviacion. Data sintetica. NO es declaracion personal del candidato. Ver dataset/README.md.,https://es.wikipedia.org/wiki/Partido_Republicano_de_Chile
Soto Rodriguez,Camila,Social Cristiano,6,El Senado debe promover el retiro de Chile del Tratado Integ,1,[INFERIDO POR LISTA: K. Cambio por Chile] Postura tomada del vector base de la coalicion sin desviacion. Data sintetica. NO es declaracion personal del candidato. Ver dataset/README.md.,https://es.wikipedia.org/wiki/Partido_Republicano_de_Chile
Soto Rodriguez,Camila,Social Cristiano,7,El Senado debe aprobar el reconocimiento formal del Estado d,1,[INFERIDO POR LISTA: K. Cambio por Chile] Postura tomada del vector base de la coalicion sin desviacion. Data sintetica. NO es declaracion personal del candidato. Ver dataset/README.md.,https://es.wikipedia.org/wiki/Partido_Republicano_de_Chile
Soto Rodriguez,Camila,Social Cristiano,8,Chile debe mantenerse dentro del Tratado Interamericano de A,5,[INFERIDO POR LISTA: K. Cambio por Chile] Postura tomada del vector base de la coalicion sin desviacion. Data sintetica. NO es declaracion personal del candidato. Ver dataset/README.md.,https://es.wikipedia.org/wiki/Partido_Republicano_de_Chile
Soto Rodriguez,Camila,Social Cristiano,9,El Senado debe aprobar la reforma previsional aumentando el ,1,[INFERIDO POR LISTA: K. Cambio por Chile] Postura tomada del vector base de la coalicion sin desviacion. Data sintetica. NO es declaracion personal del candidato. Ver dataset/README.md.,https://es.wikipedia.org/wiki/Partido_Republicano_de_Chile
Soto Rodriguez,Camila,Social Cristiano,10,"El royalty minero al cobre debe aumentarse por sobre el 4,7%",1,[INFERIDO POR LISTA: K. Cambio por Chile] Postura tomada del vector base de la coalicion sin desviacion. Data sintetica. NO es declaracion personal del candidato. Ver dataset/README.md.,https://es.wikipedia.org/wiki/Partido_Republicano_de_Chile
Soto Rodriguez,Camila,Social Cristiano,12,El Senado debe aprobar el proyecto de eutanasia activa volun,1,[INFERIDO POR LISTA: K. Cambio por Chile] Postura tomada del vector base de la coalicion sin desviacion. Data sintetica. NO es declaracion personal del candidato. Ver dataset/README.md.,https://es.wikipedia.org/wiki/Partido_Republicano_de_Chile
Soto Rodriguez,Camila,Social Cristiano,13,El Senado debe declarar por ley las zonas de sacrificio como,1,[INFERIDO POR LISTA: K. Cambio por Chile] Postura tomada del vector base de la coalicion sin desviacion. Data sintetica. NO es declaracion personal del candidato. Ver dataset/README.md.,https://es.wikipedia.org/wiki/Partido_Republicano_de_Chile
Soto Rodriguez,Camila,Social Cristiano,14,El Senado debe aprobar la modernizacion de la Ley Antiterror,4,"[INFERIDO POR LISTA: K. Cambio por Chile] Base coalicion=5, candidato=4 (RUIDO -1 deterministico). Refleja variacion intra-partido no verificada. Data sintetica. NO es declaracion personal del candidato. Ver dataset/README.md.",https://es.wikipedia.org/wiki/Partido_Republicano_de_Chile
Soto Rodriguez,Camila,Social Cristiano,15,El Senado debe incluir escanos reservados permanentes para r,2,"[INFERIDO POR LISTA: K. Cambio por Chile] Base coalicion=1, candidato=2 (RUIDO +1 deterministico). Refleja variacion intra-partido no verificada. Data sintetica. NO es declaracion personal del candidato. Ver dataset/README.md.",https://es.wikipedia.org/wiki/Partido_Republicano_de_Chile
Vega Orellana,Veronica,Nacional Libertario,1,"El Senado debe mantenerse como camara revisora del Congreso,",5,[INFERIDO POR LISTA: K. Cambio por Chile] Postura tomada del vector base de la coalicion sin desviacion. Data sintetica. NO es declaracion personal del candidato. Ver dataset/README.md.,https://es.wikipedia.org/wiki/Partido_Republicano_de_Chile
Vega Orellana,Veronica,Nacional Libertario,2,El Senado debe endurecer el proceso de aprobacion de nombram,3,[INFERIDO POR LISTA: K. Cambio por Chile] Postura tomada del vector base de la coalicion sin desviacion. Data sintetica. NO es declaracion personal del candidato. Ver dataset/README.md.,https://es.wikipedia.org/wiki/Partido_Republicano_de_Chile
Vega Orellana,Veronica,Nacional Libertario,3,El Senado debe aprobar por ley una limitacion a dos periodos,4,[INFERIDO POR LISTA: K. Cambio por Chile] Postura tomada del vector base de la coalicion sin desviacion. Data sintetica. NO es declaracion personal del candidato. Ver dataset/README.md.,https://es.wikipedia.org/wiki/Partido_Republicano_de_Chile
Vega Orellana,Veronica,Nacional Libertario,4,Chile debe restaurar el quorum de dos tercios para reformas ,5,[INFERIDO POR LISTA: K. Cambio por Chile] Postura tomada del vector base de la coalicion sin desviacion. Data sintetica. NO es declaracion personal del candidato. Ver dataset/README.md.,https://es.wikipedia.org/wiki/Partido_Republicano_de_Chile
Vega Orellana,Veronica,Nacional Libertario,5,El Senado debe reducirse de 50 a 43 escanos para racionaliza,4,[INFERIDO POR LISTA: K. Cambio por Chile] Postura tomada del vector base de la coalicion sin desviacion. Data sintetica. NO es declaracion personal del candidato. Ver dataset/README.md.,https://es.wikipedia.org/wiki/Partido_Republicano_de_Chile
Vega Orellana,Veronica,Nacional Libertario,6,El Senado debe promover el retiro de Chile del Tratado Integ,1,[INFERIDO POR LISTA: K. Cambio por Chile] Postura tomada del vector base de la coalicion sin desviacion. Data sintetica. NO es declaracion personal del candidato. Ver dataset/README.md.,https://es.wikipedia.org/wiki/Partido_Republicano_de_Chile
Vega Orellana,Veronica,Nacional Libertario,8,Chile debe mantenerse dentro del Tratado Interamericano de A,4,"[INFERIDO POR LISTA: K. Cambio por Chile] Base coalicion=5, candidato=4 (RUIDO -1 deterministico). Refleja variacion intra-partido no verificada. Data sintetica. NO es declaracion personal del candidato. Ver dataset/README.md.",https://es.wikipedia.org/wiki/Partido_Republicano_de_Chile
Vega Orellana,Veronica,Nacional Libertario,10,"El royalty minero al cobre debe aumentarse por sobre el 4,7%",1,[INFERIDO POR LISTA: K. Cambio por Chile] Postura tomada del vector base de la coalicion sin desviacion. Data sintetica. NO es declaracion personal del candidato. Ver dataset/README.md.,https://es.wikipedia.org/wiki/Partido_Republicano_de_Chile
Vega Orellana,Veronica,Nacional Libertario,12,El Senado debe aprobar el proyecto de eutanasia activa volun,1,[INFERIDO POR LISTA: K. Cambio por Chile] Postura tomada del vector base de la coalicion sin desviacion. Data sintetica. NO es declaracion personal del candidato. Ver dataset/README.md.,https://es.wikipedia.org/wiki/Partido_Republicano_de_Chile
Vega Orellana,Veronica,Nacional Libertario,13,El Senado debe declarar por ley las zonas de sacrificio como,1,[INFERIDO POR LISTA: K. Cambio por Chile] Postura tomada del vector base de la coalicion sin desviacion. Data sintetica. NO es declaracion personal del candidato. Ver dataset/README.md.,https://es.wikipedia.org/wiki/Partido_Republicano_de_Chile
Vega Orellana,Veronica,Nacional Libertario,14,El Senado debe aprobar la modernizacion de la Ley Antiterror,5,[INFERIDO POR LISTA: K. Cambio por Chile] Postura tomada del vector base de la coalicion sin desviacion. Data sintetica. NO es declaracion personal del candidato. Ver dataset/README.md.,https://es.wikipedia.org/wiki/Partido_Republicano_de_Chile
Vega Orellana,Veronica,Nacional Libertario,15,El Senado debe incluir escanos reservados permanentes para r,2,"[INFERIDO POR LISTA: K. Cambio por Chile] Base coalicion=1, candidato=2 (RUIDO +1 deterministico). Refleja variacion intra-partido no verificada. Data sintetica. NO es declaracion personal del candidato. Ver dataset/README.md.",https://es.wikipedia.org/wiki/Partido_Republicano_de_Chile
Barahona Contreras,Esteban,Social Cristiano,1,"El Senado debe mantenerse como camara revisora del Congreso,",5,[INFERIDO POR LISTA: K. Cambio por Chile] Postura tomada del vector base de la coalicion sin desviacion. Data sintetica. NO es declaracion personal del candidato. Ver dataset/README.md.,https://es.wikipedia.org/wiki/Partido_Republicano_de_Chile
Barahona Contreras,Esteban,Social Cristiano,2,El Senado debe endurecer el proceso de aprobacion de nombram,3,[INFERIDO POR LISTA: K. Cambio por Chile] Postura tomada del vector base de la coalicion sin desviacion. Data sintetica. NO es declaracion personal del candidato. Ver dataset/README.md.,https://es.wikipedia.org/wiki/Partido_Republicano_de_Chile
Barahona Contreras,Esteban,Social Cristiano,3,El Senado debe aprobar por ley una limitacion a dos periodos,5,"[INFERIDO POR LISTA: K. Cambio por Chile] Base coalicion=4, candidato=5 (RUIDO +1 deterministico). Refleja variacion intra-partido no verificada. Data sintetica. NO es declaracion personal del candidato. Ver dataset/README.md.",https://es.wikipedia.org/wiki/Partido_Republicano_de_Chile
Barahona Contreras,Esteban,Social Cristiano,4,Chile debe restaurar el quorum de dos tercios para reformas ,5,[INFERIDO POR LISTA: K. Cambio por Chile] Postura tomada del vector base de la coalicion sin desviacion. Data sintetica. NO es declaracion personal del candidato. Ver dataset/README.md.,https://es.wikipedia.org/wiki/Partido_Republicano_de_Chile
Barahona Contreras,Esteban,Social Cristiano,5,El Senado debe reducirse de 50 a 43 escanos para racionaliza,4,[INFERIDO POR LISTA: K. Cambio por Chile] Postura tomada del vector base de la coalicion sin desviacion. Data sintetica. NO es declaracion personal del candidato. Ver dataset/README.md.,https://es.wikipedia.org/wiki/Partido_Republicano_de_Chile
Barahona Contreras,Esteban,Social Cristiano,6,El Senado debe promover el retiro de Chile del Tratado Integ,1,[INFERIDO POR LISTA: K. Cambio por Chile] Postura tomada del vector base de la coalicion sin desviacion. Data sintetica. NO es declaracion personal del candidato. Ver dataset/README.md.,https://es.wikipedia.org/wiki/Partido_Republicano_de_Chile
Barahona Contreras,Esteban,Social Cristiano,7,El Senado debe aprobar el reconocimiento formal del Estado d,2,"[INFERIDO POR LISTA: K. Cambio por Chile] Base coalicion=1, candidato=2 (RUIDO +1 deterministico). Refleja variacion intra-partido no verificada. Data sintetica. NO es declaracion personal del candidato. Ver dataset/README.md.",https://es.wikipedia.org/wiki/Partido_Republicano_de_Chile
Barahona Contreras,Esteban,Social Cristiano,8,Chile debe mantenerse dentro del Tratado Interamericano de A,5,[INFERIDO POR LISTA: K. Cambio por Chile] Postura tomada del vector base de la coalicion sin desviacion. Data sintetica. NO es declaracion personal del candidato. Ver dataset/README.md.,https://es.wikipedia.org/wiki/Partido_Republicano_de_Chile
Barahona Contreras,Esteban,Social Cristiano,9,El Senado debe aprobar la reforma previsional aumentando el ,2,"[INFERIDO POR LISTA: K. Cambio por Chile] Base coalicion=1, candidato=2 (RUIDO +1 deterministico). Refleja variacion intra-partido no verificada. Data sintetica. NO es declaracion personal del candidato. Ver dataset/README.md.",https://es.wikipedia.org/wiki/Partido_Republicano_de_Chile
Barahona Contreras,Esteban,Social Cristiano,10,"El royalty minero al cobre debe aumentarse por sobre el 4,7%",1,[INFERIDO POR LISTA: K. Cambio por Chile] Postura tomada del vector base de la coalicion sin desviacion. Data sintetica. NO es declaracion personal del candidato. Ver dataset/README.md.,https://es.wikipedia.org/wiki/Partido_Republicano_de_Chile
Barahona Contreras,Esteban,Social Cristiano,12,El Senado debe aprobar el proyecto de eutanasia activa volun,1,[INFERIDO POR LISTA: K. Cambio por Chile] Postura tomada del vector base de la coalicion sin desviacion. Data sintetica. NO es declaracion personal del candidato. Ver dataset/README.md.,https://es.wikipedia.org/wiki/Partido_Republicano_de_Chile
Barahona Contreras,Esteban,Social Cristiano,13,El Senado debe declarar por ley las zonas de sacrificio como,1,[INFERIDO POR LISTA: K. Cambio por Chile] Postura tomada del vector base de la coalicion sin desviacion. Data sintetica. NO es declaracion personal del candidato. Ver dataset/README.md.,https://es.wikipedia.org/wiki/Partido_Republicano_de_Chile
Barahona Contreras,Esteban,Social Cristiano,14,El Senado debe aprobar la modernizacion de la Ley Antiterror,5,[INFERIDO POR LISTA: K. Cambio por Chile] Postura tomada del vector base de la coalicion sin desviacion. Data sintetica. NO es declaracion personal del candidato. Ver dataset/README.md.,https://es.wikipedia.org/wiki/Partido_Republicano_de_Chile
Barahona Contreras,Esteban,Social Cristiano,15,El Senado debe incluir escanos reservados permanentes para r,1,[INFERIDO POR LISTA: K. Cambio por Chile] Postura tomada del vector base de la coalicion sin desviacion. Data sintetica. NO es declaracion personal del candidato. Ver dataset/README.md.,https://es.wikipedia.org/wiki/Partido_Republicano_de_Chile
Gonzalez Lopez,Felipe,Social Cristiano,1,"El Senado debe mantenerse como camara revisora del Congreso,",5,[INFERIDO POR LISTA: K. Cambio por Chile] Postura tomada del vector base de la coalicion sin desviacion. Data sintetica. NO es declaracion personal del candidato. Ver dataset/README.md.,https://es.wikipedia.org/wiki/Partido_Republicano_de_Chile
Gonzalez Lopez,Felipe,Social Cristiano,2,El Senado debe endurecer el proceso de aprobacion de nombram,3,[INFERIDO POR LISTA: K. Cambio por Chile] Postura tomada del vector base de la coalicion sin desviacion. Data sintetica. NO es declaracion personal del candidato. Ver dataset/README.md.,https://es.wikipedia.org/wiki/Partido_Republicano_de_Chile
Gonzalez Lopez,Felipe,Social Cristiano,4,Chile debe restaurar el quorum de dos tercios para reformas ,5,[INFERIDO POR LISTA: K. Cambio por Chile] Postura tomada del vector base de la coalicion sin desviacion. Data sintetica. NO es declaracion personal del candidato. Ver dataset/README.md.,https://es.wikipedia.org/wiki/Partido_Republicano_de_Chile
Gonzalez Lopez,Felipe,Social Cristiano,5,El Senado debe reducirse de 50 a 43 escanos para racionaliza,5,"[INFERIDO POR LISTA: K. Cambio por Chile] Base coalicion=4, candidato=5 (RUIDO +1 deterministico). Refleja variacion intra-partido no verificada. Data sintetica. NO es declaracion personal del candidato. Ver dataset/README.md.",https://es.wikipedia.org/wiki/Partido_Republicano_de_Chile
Gonzalez Lopez,Felipe,Social Cristiano,6,El Senado debe promover el retiro de Chile del Tratado Integ,2,"[INFERIDO POR LISTA: K. Cambio por Chile] Base coalicion=1, candidato=2 (RUIDO +1 deterministico). Refleja variacion intra-partido no verificada. Data sintetica. NO es declaracion personal del candidato. Ver dataset/README.md.",https://es.wikipedia.org/wiki/Partido_Republicano_de_Chile
Gonzalez Lopez,Felipe,Social Cristiano,7,El Senado debe aprobar el reconocimiento formal del Estado d,1,[INFERIDO POR LISTA: K. Cambio por Chile] Postura tomada del vector base de la coalicion sin desviacion. Data sintetica. NO es declaracion personal del candidato. Ver dataset/README.md.,https://es.wikipedia.org/wiki/Partido_Republicano_de_Chile
Gonzalez Lopez,Felipe,Social Cristiano,8,Chile debe mantenerse dentro del Tratado Interamericano de A,5,[INFERIDO POR LISTA: K. Cambio por Chile] Postura tomada del vector base de la coalicion sin desviacion. Data sintetica. NO es declaracion personal del candidato. Ver dataset/README.md.,https://es.wikipedia.org/wiki/Partido_Republicano_de_Chile
Gonzalez Lopez,Felipe,Social Cristiano,9,El Senado debe aprobar la reforma previsional aumentando el ,1,[INFERIDO POR LISTA: K. Cambio por Chile] Postura tomada del vector base de la coalicion sin desviacion. Data sintetica. NO es declaracion personal del candidato. Ver dataset/README.md.,https://es.wikipedia.org/wiki/Partido_Republicano_de_Chile
Gonzalez Lopez,Felipe,Social Cristiano,10,"El royalty minero al cobre debe aumentarse por sobre el 4,7%",1,[INFERIDO POR LISTA: K. Cambio por Chile] Postura tomada del vector base de la coalicion sin desviacion. Data sintetica. NO es declaracion personal del candidato. Ver dataset/README.md.,https://es.wikipedia.org/wiki/Partido_Republicano_de_Chile
Gonzalez Lopez,Felipe,Social Cristiano,11,"El Senado debe aprobar el fin del sistema de isapres, migran",1,[INFERIDO POR LISTA: K. Cambio por Chile] Postura tomada del vector base de la coalicion sin desviacion. Data sintetica. NO es declaracion personal del candidato. Ver dataset/README.md.,https://es.wikipedia.org/wiki/Partido_Republicano_de_Chile
Gonzalez Lopez,Felipe,Social Cristiano,12,El Senado debe aprobar el proyecto de eutanasia activa volun,2,"[INFERIDO POR LISTA: K. Cambio por Chile] Base coalicion=1, candidato=2 (RUIDO +1 deterministico). Refleja variacion intra-partido no verificada. Data sintetica. NO es declaracion personal del candidato. Ver dataset/README.md.",https://es.wikipedia.org/wiki/Partido_Republicano_de_Chile
Gonzalez Lopez,Felipe,Social Cristiano,15,El Senado debe incluir escanos reservados permanentes para r,1,[INFERIDO POR LISTA: K. Cambio por Chile] Postura tomada del vector base de la coalicion sin desviacion. Data sintetica. NO es declaracion personal del candidato. Ver dataset/README.md.,https://es.wikipedia.org/wiki/Partido_Republicano_de_Chile
Urrutia Bonilla,Ignacio,Republicano de Chile,2,El Senado debe endurecer el proceso de aprobacion de nombram,4,"[INFERIDO POR LISTA: K. Cambio por Chile] Base coalicion=3, candidato=4 (RUIDO +1 deterministico). Refleja variacion intra-partido no verificada. Data sintetica. NO es declaracion personal del candidato. Ver dataset/README.md.",https://es.wikipedia.org/wiki/Partido_Republicano_de_Chile
Urrutia Bonilla,Ignacio,Republicano de Chile,3,El Senado debe aprobar por ley una limitacion a dos periodos,4,[INFERIDO POR LISTA: K. Cambio por Chile] Postura tomada del vector base de la coalicion sin desviacion. Data sintetica. NO es declaracion personal del candidato. Ver dataset/README.md.,https://es.wikipedia.org/wiki/Partido_Republicano_de_Chile
Urrutia Bonilla,Ignacio,Republicano de Chile,4,Chile debe restaurar el quorum de dos tercios para reformas ,5,[INFERIDO POR LISTA: K. Cambio por Chile] Postura tomada del vector base de la coalicion sin desviacion. Data sintetica. NO es declaracion personal del candidato. Ver dataset/README.md.,https://es.wikipedia.org/wiki/Partido_Republicano_de_Chile
Urrutia Bonilla,Ignacio,Republicano de Chile,5,El Senado debe reducirse de 50 a 43 escanos para racionaliza,5,"[INFERIDO POR LISTA: K. Cambio por Chile] Base coalicion=4, candidato=5 (RUIDO +1 deterministico). Refleja variacion intra-partido no verificada. Data sintetica. NO es declaracion personal del candidato. Ver dataset/README.md.",https://es.wikipedia.org/wiki/Partido_Republicano_de_Chile
Urrutia Bonilla,Ignacio,Republicano de Chile,6,El Senado debe promover el retiro de Chile del Tratado Integ,1,[INFERIDO POR LISTA: K. Cambio por Chile] Postura tomada del vector base de la coalicion sin desviacion. Data sintetica. NO es declaracion personal del candidato. Ver dataset/README.md.,https://es.wikipedia.org/wiki/Partido_Republicano_de_Chile
Urrutia Bonilla,Ignacio,Republicano de Chile,7,El Senado debe aprobar el reconocimiento formal del Estado d,1,[INFERIDO POR LISTA: K. Cambio por Chile] Postura tomada del vector base de la coalicion sin desviacion. Data sintetica. NO es declaracion personal del candidato. Ver dataset/README.md.,https://es.wikipedia.org/wiki/Partido_Republicano_de_Chile
Urrutia Bonilla,Ignacio,Republicano de Chile,8,Chile debe mantenerse dentro del Tratado Interamericano de A,5,[INFERIDO POR LISTA: K. Cambio por Chile] Postura tomada del vector base de la coalicion sin desviacion. Data sintetica. NO es declaracion personal del candidato. Ver dataset/README.md.,https://es.wikipedia.org/wiki/Partido_Republicano_de_Chile
Urrutia Bonilla,Ignacio,Republicano de Chile,9,El Senado debe aprobar la reforma previsional aumentando el ,1,[INFERIDO POR LISTA: K. Cambio por Chile] Postura tomada del vector base de la coalicion sin desviacion. Data sintetica. NO es declaracion personal del candidato. Ver dataset/README.md.,https://es.wikipedia.org/wiki/Partido_Republicano_de_Chile
Urrutia Bonilla,Ignacio,Republicano de Chile,10,"El royalty minero al cobre debe aumentarse por sobre el 4,7%",1,[INFERIDO POR LISTA: K. Cambio por Chile] Postura tomada del vector base de la coalicion sin desviacion. Data sintetica. NO es declaracion personal del candidato. Ver dataset/README.md.,https://es.wikipedia.org/wiki/Partido_Republicano_de_Chile
Urrutia Bonilla,Ignacio,Republicano de Chile,11,"El Senado debe aprobar el fin del sistema de isapres, migran",2,"[INFERIDO POR LISTA: K. Cambio por Chile] Base coalicion=1, candidato=2 (RUIDO +1 deterministico). Refleja variacion intra-partido no verificada. Data sintetica. NO es declaracion personal del candidato. Ver dataset/README.md.",https://es.wikipedia.org/wiki/Partido_Republicano_de_Chile
Urrutia Bonilla,Ignacio,Republicano de Chile,12,El Senado debe aprobar el proyecto de eutanasia activa volun,1,[INFERIDO POR LISTA: K. Cambio por Chile] Postura tomada del vector base de la coalicion sin desviacion. Data sintetica. NO es declaracion personal del candidato. Ver dataset/README.md.,https://es.wikipedia.org/wiki/Partido_Republicano_de_Chile
Urrutia Bonilla,Ignacio,Republicano de Chile,13,El Senado debe declarar por ley las zonas de sacrificio como,1,[INFERIDO POR LISTA: K. Cambio por Chile] Postura tomada del vector base de la coalicion sin desviacion. Data sintetica. NO es declaracion personal del candidato. Ver dataset/README.md.,https://es.wikipedia.org/wiki/Partido_Republicano_de_Chile
Urrutia Bonilla,Ignacio,Republicano de Chile,14,El Senado debe aprobar la modernizacion de la Ley Antiterror,4,"[INFERIDO POR LISTA: K. Cambio por Chile] Base coalicion=5, candidato=4 (RUIDO -1 deterministico). Refleja variacion intra-partido no verificada. Data sintetica. NO es declaracion personal del candidato. Ver dataset/README.md.",https://es.wikipedia.org/wiki/Partido_Republicano_de_Chile
Vial Maceratta,Cristian,Independiente Republicano de Chile,1,"El Senado debe mantenerse como camara revisora del Congreso,",4,"[INFERIDO POR LISTA: K. Cambio por Chile] Base coalicion=5, candidato=4 (RUIDO -1 deterministico). Refleja variacion intra-partido no verificada. Data sintetica. NO es declaracion personal del candidato. Ver dataset/README.md.",https://es.wikipedia.org/wiki/Partido_Republicano_de_Chile
Vial Maceratta,Cristian,Independiente Republicano de Chile,2,El Senado debe endurecer el proceso de aprobacion de nombram,2,"[INFERIDO POR LISTA: K. Cambio por Chile] Base coalicion=3, candidato=2 (RUIDO -1 deterministico). Refleja variacion intra-partido no verificada. Data sintetica. NO es declaracion personal del candidato. Ver dataset/README.md.",https://es.wikipedia.org/wiki/Partido_Republicano_de_Chile
Vial Maceratta,Cristian,Independiente Republicano de Chile,3,El Senado debe aprobar por ley una limitacion a dos periodos,4,[INFERIDO POR LISTA: K. Cambio por Chile] Postura tomada del vector base de la coalicion sin desviacion. Data sintetica. NO es declaracion personal del candidato. Ver dataset/README.md.,https://es.wikipedia.org/wiki/Partido_Republicano_de_Chile
Vial Maceratta,Cristian,Independiente Republicano de Chile,4,Chile debe restaurar el quorum de dos tercios para reformas ,5,[INFERIDO POR LISTA: K. Cambio por Chile] Postura tomada del vector base de la coalicion sin desviacion. Data sintetica. NO es declaracion personal del candidato. Ver dataset/README.md.,https://es.wikipedia.org/wiki/Partido_Republicano_de_Chile
Vial Maceratta,Cristian,Independiente Republicano de Chile,6,El Senado debe promover el retiro de Chile del Tratado Integ,2,"[INFERIDO POR LISTA: K. Cambio por Chile] Base coalicion=1, candidato=2 (RUIDO +1 deterministico). Refleja variacion intra-partido no verificada. Data sintetica. NO es declaracion personal del candidato. Ver dataset/README.md.",https://es.wikipedia.org/wiki/Partido_Republicano_de_Chile
Vial Maceratta,Cristian,Independiente Republicano de Chile,7,El Senado debe aprobar el reconocimiento formal del Estado d,1,[INFERIDO POR LISTA: K. Cambio por Chile] Postura tomada del vector base de la coalicion sin desviacion. Data sintetica. NO es declaracion personal del candidato. Ver dataset/README.md.,https://es.wikipedia.org/wiki/Partido_Republicano_de_Chile
Vial Maceratta,Cristian,Independiente Republicano de Chile,8,Chile debe mantenerse dentro del Tratado Interamericano de A,5,[INFERIDO POR LISTA: K. Cambio por Chile] Postura tomada del vector base de la coalicion sin desviacion. Data sintetica. NO es declaracion personal del candidato. Ver dataset/README.md.,https://es.wikipedia.org/wiki/Partido_Republicano_de_Chile
Vial Maceratta,Cristian,Independiente Republicano de Chile,9,El Senado debe aprobar la reforma previsional aumentando el ,1,[INFERIDO POR LISTA: K. Cambio por Chile] Postura tomada del vector base de la coalicion sin desviacion. Data sintetica. NO es declaracion personal del candidato. Ver dataset/README.md.,https://es.wikipedia.org/wiki/Partido_Republicano_de_Chile
Vial Maceratta,Cristian,Independiente Republicano de Chile,10,"El royalty minero al cobre debe aumentarse por sobre el 4,7%",1,[INFERIDO POR LISTA: K. Cambio por Chile] Postura tomada del vector base de la coalicion sin desviacion. Data sintetica. NO es declaracion personal del candidato. Ver dataset/README.md.,https://es.wikipedia.org/wiki/Partido_Republicano_de_Chile
Vial Maceratta,Cristian,Independiente Republicano de Chile,11,"El Senado debe aprobar el fin del sistema de isapres, migran",1,[INFERIDO POR LISTA: K. Cambio por Chile] Postura tomada del vector base de la coalicion sin desviacion. Data sintetica. NO es declaracion personal del candidato. Ver dataset/README.md.,https://es.wikipedia.org/wiki/Partido_Republicano_de_Chile
Vial Maceratta,Cristian,Independiente Republicano de Chile,12,El Senado debe aprobar el proyecto de eutanasia activa volun,1,[INFERIDO POR LISTA: K. Cambio por Chile] Postura tomada del vector base de la coalicion sin desviacion. Data sintetica. NO es declaracion personal del candidato. Ver dataset/README.md.,https://es.wikipedia.org/wiki/Partido_Republicano_de_Chile
Vial Maceratta,Cristian,Independiente Republicano de Chile,13,El Senado debe declarar por ley las zonas de sacrificio como,1,[INFERIDO POR LISTA: K. Cambio por Chile] Postura tomada del vector base de la coalicion sin desviacion. Data sintetica. NO es declaracion personal del candidato. Ver dataset/README.md.,https://es.wikipedia.org/wiki/Partido_Republicano_de_Chile
Vial Maceratta,Cristian,Independiente Republicano de Chile,14,El Senado debe aprobar la modernizacion de la Ley Antiterror,5,[INFERIDO POR LISTA: K. Cambio por Chile] Postura tomada del vector base de la coalicion sin desviacion. Data sintetica. NO es declaracion personal del candidato. Ver dataset/README.md.,https://es.wikipedia.org/wiki/Partido_Republicano_de_Chile
Vial Maceratta,Cristian,Independiente Republicano de Chile,15,El Senado debe incluir escanos reservados permanentes para r,1,[INFERIDO POR LISTA: K. Cambio por Chile] Postura tomada del vector base de la coalicion sin desviacion. Data sintetica. NO es declaracion personal del candidato. Ver dataset/README.md.,https://es.wikipedia.org/wiki/Partido_Republicano_de_Chile
Catalan Ramirez,Pablo,Nacional Libertario,1,"El Senado debe mantenerse como camara revisora del Congreso,",5,[INFERIDO POR LISTA: K. Cambio por Chile] Postura tomada del vector base de la coalicion sin desviacion. Data sintetica. NO es declaracion personal del candidato. Ver dataset/README.md.,https://es.wikipedia.org/wiki/Partido_Republicano_de_Chile
Catalan Ramirez,Pablo,Nacional Libertario,2,El Senado debe endurecer el proceso de aprobacion de nombram,3,[INFERIDO POR LISTA: K. Cambio por Chile] Postura tomada del vector base de la coalicion sin desviacion. Data sintetica. NO es declaracion personal del candidato. Ver dataset/README.md.,https://es.wikipedia.org/wiki/Partido_Republicano_de_Chile
Catalan Ramirez,Pablo,Nacional Libertario,3,El Senado debe aprobar por ley una limitacion a dos periodos,4,[INFERIDO POR LISTA: K. Cambio por Chile] Postura tomada del vector base de la coalicion sin desviacion. Data sintetica. NO es declaracion personal del candidato. Ver dataset/README.md.,https://es.wikipedia.org/wiki/Partido_Republicano_de_Chile
Catalan Ramirez,Pablo,Nacional Libertario,4,Chile debe restaurar el quorum de dos tercios para reformas ,5,[INFERIDO POR LISTA: K. Cambio por Chile] Postura tomada del vector base de la coalicion sin desviacion. Data sintetica. NO es declaracion personal del candidato. Ver dataset/README.md.,https://es.wikipedia.org/wiki/Partido_Republicano_de_Chile
Catalan Ramirez,Pablo,Nacional Libertario,5,El Senado debe reducirse de 50 a 43 escanos para racionaliza,4,[INFERIDO POR LISTA: K. Cambio por Chile] Postura tomada del vector base de la coalicion sin desviacion. Data sintetica. NO es declaracion personal del candidato. Ver dataset/README.md.,https://es.wikipedia.org/wiki/Partido_Republicano_de_Chile
Catalan Ramirez,Pablo,Nacional Libertario,6,El Senado debe promover el retiro de Chile del Tratado Integ,1,[INFERIDO POR LISTA: K. Cambio por Chile] Postura tomada del vector base de la coalicion sin desviacion. Data sintetica. NO es declaracion personal del candidato. Ver dataset/README.md.,https://es.wikipedia.org/wiki/Partido_Republicano_de_Chile
Catalan Ramirez,Pablo,Nacional Libertario,7,El Senado debe aprobar el reconocimiento formal del Estado d,1,[INFERIDO POR LISTA: K. Cambio por Chile] Postura tomada del vector base de la coalicion sin desviacion. Data sintetica. NO es declaracion personal del candidato. Ver dataset/README.md.,https://es.wikipedia.org/wiki/Partido_Republicano_de_Chile
Catalan Ramirez,Pablo,Nacional Libertario,9,El Senado debe aprobar la reforma previsional aumentando el ,2,"[INFERIDO POR LISTA: K. Cambio por Chile] Base coalicion=1, candidato=2 (RUIDO +1 deterministico). Refleja variacion intra-partido no verificada. Data sintetica. NO es declaracion personal del candidato. Ver dataset/README.md.",https://es.wikipedia.org/wiki/Partido_Republicano_de_Chile
Catalan Ramirez,Pablo,Nacional Libertario,10,"El royalty minero al cobre debe aumentarse por sobre el 4,7%",1,[INFERIDO POR LISTA: K. Cambio por Chile] Postura tomada del vector base de la coalicion sin desviacion. Data sintetica. NO es declaracion personal del candidato. Ver dataset/README.md.,https://es.wikipedia.org/wiki/Partido_Republicano_de_Chile
Catalan Ramirez,Pablo,Nacional Libertario,11,"El Senado debe aprobar el fin del sistema de isapres, migran",1,[INFERIDO POR LISTA: K. Cambio por Chile] Postura tomada del vector base de la coalicion sin desviacion. Data sintetica. NO es declaracion personal del candidato. Ver dataset/README.md.,https://es.wikipedia.org/wiki/Partido_Republicano_de_Chile
Catalan Ramirez,Pablo,Nacional Libertario,12,El Senado debe aprobar el proyecto de eutanasia activa volun,1,[INFERIDO POR LISTA: K. Cambio por Chile] Postura tomada del vector base de la coalicion sin desviacion. Data sintetica. NO es declaracion personal del candidato. Ver dataset/README.md.,https://es.wikipedia.org/wiki/Partido_Republicano_de_Chile
Catalan Ramirez,Pablo,Nacional Libertario,13,El Senado debe declarar por ley las zonas de sacrificio como,1,[INFERIDO POR LISTA: K. Cambio por Chile] Postura tomada del vector base de la coalicion sin desviacion. Data sintetica. NO es declaracion personal del candidato. Ver dataset/README.md.,https://es.wikipedia.org/wiki/Partido_Republicano_de_Chile
Catalan Ramirez,Pablo,Nacional Libertario,14,El Senado debe aprobar la modernizacion de la Ley Antiterror,5,[INFERIDO POR LISTA: K. Cambio por Chile] Postura tomada del vector base de la coalicion sin desviacion. Data sintetica. NO es declaracion personal del candidato. Ver dataset/README.md.,https://es.wikipedia.org/wiki/Partido_Republicano_de_Chile
Catalan Ramirez,Pablo,Nacional Libertario,15,El Senado debe incluir escanos reservados permanentes para r,1,[INFERIDO POR LISTA: K. Cambio por Chile] Postura tomada del vector base de la coalicion sin desviacion. Data sintetica. NO es declaracion personal del candidato. Ver dataset/README.md.,https://es.wikipedia.org/wiki/Partido_Republicano_de_Chile
Huilcaman Paillama,Aucan,Ecologista Verde,1,"El Senado debe mantenerse como camara revisora del Congreso,",3,[INFERIDO POR LISTA: A. Partido Ecologista Verde] Postura tomada del vector base de la coalicion sin desviacion. Data sintetica. NO es declaracion personal del candidato. Ver dataset/README.md.,https://es.wikipedia.org/wiki/Partido_Ecologista_Verde_(Chile)
Huilcaman Paillama,Aucan,Ecologista Verde,2,El Senado debe endurecer el proceso de aprobacion de nombram,5,[INFERIDO POR LISTA: A. Partido Ecologista Verde] Postura tomada del vector base de la coalicion sin desviacion. Data sintetica. NO es declaracion personal del candidato. Ver dataset/README.md.,https://es.wikipedia.org/wiki/Partido_Ecologista_Verde_(Chile)
Huilcaman Paillama,Aucan,Ecologista Verde,3,El Senado debe aprobar por ley una limitacion a dos periodos,4,[INFERIDO POR LISTA: A. Partido Ecologista Verde] Postura tomada del vector base de la coalicion sin desviacion. Data sintetica. NO es declaracion personal del candidato. Ver dataset/README.md.,https://es.wikipedia.org/wiki/Partido_Ecologista_Verde_(Chile)
Huilcaman Paillama,Aucan,Ecologista Verde,4,Chile debe restaurar el quorum de dos tercios para reformas ,2,[INFERIDO POR LISTA: A. Partido Ecologista Verde] Postura tomada del vector base de la coalicion sin desviacion. Data sintetica. NO es declaracion personal del candidato. Ver dataset/README.md.,https://es.wikipedia.org/wiki/Partido_Ecologista_Verde_(Chile)
Huilcaman Paillama,Aucan,Ecologista Verde,5,El Senado debe reducirse de 50 a 43 escanos para racionaliza,4,"[INFERIDO POR LISTA: A. Partido Ecologista Verde] Base coalicion=3, candidato=4 (RUIDO +1 deterministico). Refleja variacion intra-partido no verificada. Data sintetica. NO es declaracion personal del candidato. Ver dataset/README.md.",https://es.wikipedia.org/wiki/Partido_Ecologista_Verde_(Chile)
Huilcaman Paillama,Aucan,Ecologista Verde,6,El Senado debe promover el retiro de Chile del Tratado Integ,5,[INFERIDO POR LISTA: A. Partido Ecologista Verde] Postura tomada del vector base de la coalicion sin desviacion. Data sintetica. NO es declaracion personal del candidato. Ver dataset/README.md.,https://es.wikipedia.org/wiki/Partido_Ecologista_Verde_(Chile)
Huilcaman Paillama,Aucan,Ecologista Verde,7,El Senado debe aprobar el reconocimiento formal del Estado d,4,"[INFERIDO POR LISTA: A. Partido Ecologista Verde] Base coalicion=5, candidato=4 (RUIDO -1 deterministico). Refleja variacion intra-partido no verificada. Data sintetica. NO es declaracion personal del candidato. Ver dataset/README.md.",https://es.wikipedia.org/wiki/Partido_Ecologista_Verde_(Chile)
Huilcaman Paillama,Aucan,Ecologista Verde,8,Chile debe mantenerse dentro del Tratado Interamericano de A,1,[INFERIDO POR LISTA: A. Partido Ecologista Verde] Postura tomada del vector base de la coalicion sin desviacion. Data sintetica. NO es declaracion personal del candidato. Ver dataset/README.md.,https://es.wikipedia.org/wiki/Partido_Ecologista_Verde_(Chile)
Huilcaman Paillama,Aucan,Ecologista Verde,9,El Senado debe aprobar la reforma previsional aumentando el ,5,[INFERIDO POR LISTA: A. Partido Ecologista Verde] Postura tomada del vector base de la coalicion sin desviacion. Data sintetica. NO es declaracion personal del candidato. Ver dataset/README.md.,https://es.wikipedia.org/wiki/Partido_Ecologista_Verde_(Chile)
Huilcaman Paillama,Aucan,Ecologista Verde,10,"El royalty minero al cobre debe aumentarse por sobre el 4,7%",5,[INFERIDO POR LISTA: A. Partido Ecologista Verde] Postura tomada del vector base de la coalicion sin desviacion. Data sintetica. NO es declaracion personal del candidato. Ver dataset/README.md.,https://es.wikipedia.org/wiki/Partido_Ecologista_Verde_(Chile)
Huilcaman Paillama,Aucan,Ecologista Verde,11,"El Senado debe aprobar el fin del sistema de isapres, migran",5,[INFERIDO POR LISTA: A. Partido Ecologista Verde] Postura tomada del vector base de la coalicion sin desviacion. Data sintetica. NO es declaracion personal del candidato. Ver dataset/README.md.,https://es.wikipedia.org/wiki/Partido_Ecologista_Verde_(Chile)
Huilcaman Paillama,Aucan,Ecologista Verde,12,El Senado debe aprobar el proyecto de eutanasia activa volun,5,[INFERIDO POR LISTA: A. Partido Ecologista Verde] Postura tomada del vector base de la coalicion sin desviacion. Data sintetica. NO es declaracion personal del candidato. Ver dataset/README.md.,https://es.wikipedia.org/wiki/Partido_Ecologista_Verde_(Chile)
Huilcaman Paillama,Aucan,Ecologista Verde,13,El Senado debe declarar por ley las zonas de sacrificio como,4,"[INFERIDO POR LISTA: A. Partido Ecologista Verde] Base coalicion=5, candidato=4 (RUIDO -1 deterministico). Refleja variacion intra-partido no verificada. Data sintetica. NO es declaracion personal del candidato. Ver dataset/README.md.",https://es.wikipedia.org/wiki/Partido_Ecologista_Verde_(Chile)
Huilcaman Paillama,Aucan,Ecologista Verde,15,El Senado debe incluir escanos reservados permanentes para r,5,[INFERIDO POR LISTA: A. Partido Ecologista Verde] Postura tomada del vector base de la coalicion sin desviacion. Data sintetica. NO es declaracion personal del candidato. Ver dataset/README.md.,https://es.wikipedia.org/wiki/Partido_Ecologista_Verde_(Chile)
Catrileo Arias,Rosa Elizabeth,Candidatura Independiente,1,"El Senado debe mantenerse como camara revisora del Congreso,",3,[INFERIDO POR LISTA: Candidatura Independiente] Postura tomada del vector base de la coalicion sin desviacion. Data sintetica. NO es declaracion personal del candidato. Ver dataset/README.md.,https://www.servel.cl/
Catrileo Arias,Rosa Elizabeth,Candidatura Independiente,2,El Senado debe endurecer el proceso de aprobacion de nombram,2,"[INFERIDO POR LISTA: Candidatura Independiente] Base coalicion=3, candidato=2 (RUIDO -1 deterministico). Refleja variacion intra-partido no verificada. Data sintetica. NO es declaracion personal del candidato. Ver dataset/README.md.",https://www.servel.cl/
Catrileo Arias,Rosa Elizabeth,Candidatura Independiente,3,El Senado debe aprobar por ley una limitacion a dos periodos,3,[INFERIDO POR LISTA: Candidatura Independiente] Postura tomada del vector base de la coalicion sin desviacion. Data sintetica. NO es declaracion personal del candidato. Ver dataset/README.md.,https://www.servel.cl/
Catrileo Arias,Rosa Elizabeth,Candidatura Independiente,4,Chile debe restaurar el quorum de dos tercios para reformas ,4,"[INFERIDO POR LISTA: Candidatura Independiente] Base coalicion=3, candidato=4 (RUIDO +1 deterministico). Refleja variacion intra-partido no verificada. Data sintetica. NO es declaracion personal del candidato. Ver dataset/README.md.",https://www.servel.cl/
Catrileo Arias,Rosa Elizabeth,Candidatura Independiente,6,El Senado debe promover el retiro de Chile del Tratado Integ,3,[INFERIDO POR LISTA: Candidatura Independiente] Postura tomada del vector base de la coalicion sin desviacion. Data sintetica. NO es declaracion personal del candidato. Ver dataset/README.md.,https://www.servel.cl/
Catrileo Arias,Rosa Elizabeth,Candidatura Independiente,7,El Senado debe aprobar el reconocimiento formal del Estado d,3,[INFERIDO POR LISTA: Candidatura Independiente] Postura tomada del vector base de la coalicion sin desviacion. Data sintetica. NO es declaracion personal del candidato. Ver dataset/README.md.,https://www.servel.cl/
Catrileo Arias,Rosa Elizabeth,Candidatura Independiente,8,Chile debe mantenerse dentro del Tratado Interamericano de A,2,"[INFERIDO POR LISTA: Candidatura Independiente] Base coalicion=3, candidato=2 (RUIDO -1 deterministico). Refleja variacion intra-partido no verificada. Data sintetica. NO es declaracion personal del candidato. Ver dataset/README.md.",https://www.servel.cl/
Catrileo Arias,Rosa Elizabeth,Candidatura Independiente,9,El Senado debe aprobar la reforma previsional aumentando el ,3,[INFERIDO POR LISTA: Candidatura Independiente] Postura tomada del vector base de la coalicion sin desviacion. Data sintetica. NO es declaracion personal del candidato. Ver dataset/README.md.,https://www.servel.cl/
Catrileo Arias,Rosa Elizabeth,Candidatura Independiente,10,"El royalty minero al cobre debe aumentarse por sobre el 4,7%",4,"[INFERIDO POR LISTA: Candidatura Independiente] Base coalicion=3, candidato=4 (RUIDO +1 deterministico). Refleja variacion intra-partido no verificada. Data sintetica. NO es declaracion personal del candidato. Ver dataset/README.md.",https://www.servel.cl/
Catrileo Arias,Rosa Elizabeth,Candidatura Independiente,11,"El Senado debe aprobar el fin del sistema de isapres, migran",4,"[INFERIDO POR LISTA: Candidatura Independiente] Base coalicion=3, candidato=4 (RUIDO +1 deterministico). Refleja variacion intra-partido no verificada. Data sintetica. NO es declaracion personal del candidato. Ver dataset/README.md.",https://www.servel.cl/
Catrileo Arias,Rosa Elizabeth,Candidatura Independiente,13,El Senado debe declarar por ley las zonas de sacrificio como,3,[INFERIDO POR LISTA: Candidatura Independiente] Postura tomada del vector base de la coalicion sin desviacion. Data sintetica. NO es declaracion personal del candidato. Ver dataset/README.md.,https://www.servel.cl/
Catrileo Arias,Rosa Elizabeth,Candidatura Independiente,14,El Senado debe aprobar la modernizacion de la Ley Antiterror,3,[INFERIDO POR LISTA: Candidatura Independiente] Postura tomada del vector base de la coalicion sin desviacion. Data sintetica. NO es declaracion personal del candidato. Ver dataset/README.md.,https://www.servel.cl/
Catrileo Arias,Rosa Elizabeth,Candidatura Independiente,15,El Senado debe incluir escanos reservados permanentes para r,3,[INFERIDO POR LISTA: Candidatura Independiente] Postura tomada del vector base de la coalicion sin desviacion. Data sintetica. NO es declaracion personal del candidato. Ver dataset/README.md.,https://www.servel.cl/
Pulgar Castillo,Juan Francisco,Candidatura Independiente,1,"El Senado debe mantenerse como camara revisora del Congreso,",3,[INFERIDO POR LISTA: Candidatura Independiente] Postura tomada del vector base de la coalicion sin desviacion. Data sintetica. NO es declaracion personal del candidato. Ver dataset/README.md.,https://www.servel.cl/
Pulgar Castillo,Juan Francisco,Candidatura Independiente,2,El Senado debe endurecer el proceso de aprobacion de nombram,2,"[INFERIDO POR LISTA: Candidatura Independiente] Base coalicion=3, candidato=2 (RUIDO -1 deterministico). Refleja variacion intra-partido no verificada. Data sintetica. NO es declaracion personal del candidato. Ver dataset/README.md.",https://www.servel.cl/
Pulgar Castillo,Juan Francisco,Candidatura Independiente,3,El Senado debe aprobar por ley una limitacion a dos periodos,3,[INFERIDO POR LISTA: Candidatura Independiente] Postura tomada del vector base de la coalicion sin desviacion. Data sintetica. NO es declaracion personal del candidato. Ver dataset/README.md.,https://www.servel.cl/
Pulgar Castillo,Juan Francisco,Candidatura Independiente,4,Chile debe restaurar el quorum de dos tercios para reformas ,3,[INFERIDO POR LISTA: Candidatura Independiente] Postura tomada del vector base de la coalicion sin desviacion. Data sintetica. NO es declaracion personal del candidato. Ver dataset/README.md.,https://www.servel.cl/
Pulgar Castillo,Juan Francisco,Candidatura Independiente,5,El Senado debe reducirse de 50 a 43 escanos para racionaliza,4,"[INFERIDO POR LISTA: Candidatura Independiente] Base coalicion=3, candidato=4 (RUIDO +1 deterministico). Refleja variacion intra-partido no verificada. Data sintetica. NO es declaracion personal del candidato. Ver dataset/README.md.",https://www.servel.cl/
Pulgar Castillo,Juan Francisco,Candidatura Independiente,6,El Senado debe promover el retiro de Chile del Tratado Integ,4,"[INFERIDO POR LISTA: Candidatura Independiente] Base coalicion=3, candidato=4 (RUIDO +1 deterministico). Refleja variacion intra-partido no verificada. Data sintetica. NO es declaracion personal del candidato. Ver dataset/README.md.",https://www.servel.cl/
Pulgar Castillo,Juan Francisco,Candidatura Independiente,7,El Senado debe aprobar el reconocimiento formal del Estado d,3,[INFERIDO POR LISTA: Candidatura Independiente] Postura tomada del vector base de la coalicion sin desviacion. Data sintetica. NO es declaracion personal del candidato. Ver dataset/README.md.,https://www.servel.cl/
Pulgar Castillo,Juan Francisco,Candidatura Independiente,10,"El royalty minero al cobre debe aumentarse por sobre el 4,7%",2,"[INFERIDO POR LISTA: Candidatura Independiente] Base coalicion=3, candidato=2 (RUIDO -1 deterministico). Refleja variacion intra-partido no verificada. Data sintetica. NO es declaracion personal del candidato. Ver dataset/README.md.",https://www.servel.cl/
Pulgar Castillo,Juan Francisco,Candidatura Independiente,11,"El Senado debe aprobar el fin del sistema de isapres, migran",4,"[INFERIDO POR LISTA: Candidatura Independiente] Base coalicion=3, candidato=4 (RUIDO +1 deterministico). Refleja variacion intra-partido no verificada. Data sintetica. NO es declaracion personal del candidato. Ver dataset/README.md.",https://www.servel.cl/
Pulgar Castillo,Juan Francisco,Candidatura Independiente,12,El Senado debe aprobar el proyecto de eutanasia activa volun,2,"[INFERIDO POR LISTA: Candidatura Independiente] Base coalicion=3, candidato=2 (RUIDO -1 deterministico). Refleja variacion intra-partido no verificada. Data sintetica. NO es declaracion personal del candidato. Ver dataset/README.md.",https://www.servel.cl/
Pulgar Castillo,Juan Francisco,Candidatura Independiente,14,El Senado debe aprobar la modernizacion de la Ley Antiterror,3,[INFERIDO POR LISTA: Candidatura Independiente] Postura tomada del vector base de la coalicion sin desviacion. Data sintetica. NO es declaracion personal del candidato. Ver dataset/README.md.,https://www.servel.cl/
